Id,Name,Year,Gender,Count
1069453,Jessica,1990,F,46466
1069454,Ashley,1990,F,45549
1069455,Brittany,1990,F,36535
1069456,Amanda,1990,F,34406
1069457,Samantha,1990,F,25864
1069458,Sarah,1990,F,25808
1069459,Stephanie,1990,F,24856
1069460,Jennifer,1990,F,22221
1069461,Elizabeth,1990,F,20742
1069462,Lauren,1990,F,20498
1069463,Megan,1990,F,20255
1069464,Emily,1990,F,19358
1069465,Nicole,1990,F,17950
1069466,Kayla,1990,F,17536
1069467,Amber,1990,F,15863
1069468,Rachel,1990,F,15703
1069469,Courtney,1990,F,15377
1069470,Danielle,1990,F,14330
1069471,Heather,1990,F,14217
1069472,Melissa,1990,F,13996
1069473,Rebecca,1990,F,13670
1069474,Michelle,1990,F,13417
1069475,Tiffany,1990,F,13157
1069476,Chelsea,1990,F,12782
1069477,Christina,1990,F,11925
1069478,Katherine,1990,F,11617
1069479,Alyssa,1990,F,11261
1069480,Jasmine,1990,F,11033
1069481,Laura,1990,F,10908
1069482,Hannah,1990,F,10275
1069483,Kimberly,1990,F,10192
1069484,Kelsey,1990,F,9494
1069485,Victoria,1990,F,9104
1069486,Sara,1990,F,8972
1069487,Mary,1990,F,8664
1069488,Erica,1990,F,8603
1069489,Alexandra,1990,F,8506
1069490,Amy,1990,F,8456
1069491,Crystal,1990,F,8218
1069492,Andrea,1990,F,8210
1069493,Kelly,1990,F,8135
1069494,Kristen,1990,F,8073
1069495,Erin,1990,F,7985
1069496,Brittney,1990,F,7428
1069497,Anna,1990,F,7288
1069498,Taylor,1990,F,7256
1069499,Maria,1990,F,7181
1069500,Allison,1990,F,7130
1069501,Cassandra,1990,F,7053
1069502,Caitlin,1990,F,7025
1069503,Lindsey,1990,F,6782
1069504,Angela,1990,F,6664
1069505,Alicia,1990,F,6510
1069506,Jamie,1990,F,6510
1069507,Katie,1990,F,6510
1069508,Vanessa,1990,F,6405
1069509,Kathryn,1990,F,6350
1069510,Morgan,1990,F,6047
1069511,Jordan,1990,F,5954
1069512,Whitney,1990,F,5903
1069513,Brianna,1990,F,5678
1069514,Christine,1990,F,5673
1069515,Natalie,1990,F,5632
1069516,Lisa,1990,F,5344
1069517,Kristin,1990,F,5301
1069518,Alexis,1990,F,5255
1069519,Jacqueline,1990,F,5238
1069520,Shannon,1990,F,5185
1069521,Lindsay,1990,F,5036
1069522,Brooke,1990,F,4988
1069523,Catherine,1990,F,4892
1069524,Olivia,1990,F,4622
1069525,April,1990,F,4570
1069526,Erika,1990,F,4566
1069527,Katelyn,1990,F,4485
1069528,Monica,1990,F,4452
1069529,Kristina,1990,F,4390
1069530,Kaitlyn,1990,F,4312
1069531,Paige,1990,F,4112
1069532,Molly,1990,F,3964
1069533,Jenna,1990,F,3958
1069534,Leah,1990,F,3924
1069535,Julia,1990,F,3908
1069536,Bianca,1990,F,3826
1069537,Tara,1990,F,3821
1069538,Melanie,1990,F,3812
1069539,Marissa,1990,F,3806
1069540,Cynthia,1990,F,3794
1069541,Holly,1990,F,3771
1069542,Abigail,1990,F,3719
1069543,Meghan,1990,F,3693
1069544,Kathleen,1990,F,3669
1069545,Julie,1990,F,3655
1069546,Ariel,1990,F,3604
1069547,Alexandria,1990,F,3594
1069548,Veronica,1990,F,3588
1069549,Patricia,1990,F,3579
1069550,Diana,1990,F,3543
1069551,Gabrielle,1990,F,3541
1069552,Shelby,1990,F,3517
1069553,Kaitlin,1990,F,3472
1069554,Margaret,1990,F,3370
1069555,Brandi,1990,F,3340
1069556,Krystal,1990,F,3289
1069557,Natasha,1990,F,3267
1069558,Casey,1990,F,3261
1069559,Bethany,1990,F,3235
1069560,Haley,1990,F,3199
1069561,Briana,1990,F,3067
1069562,Kara,1990,F,3036
1069563,Rachael,1990,F,3028
1069564,Miranda,1990,F,2957
1069565,Breanna,1990,F,2952
1069566,Dana,1990,F,2932
1069567,Leslie,1990,F,2828
1069568,Caroline,1990,F,2817
1069569,Kendra,1990,F,2788
1069570,Sabrina,1990,F,2722
1069571,Angelica,1990,F,2717
1069572,Karen,1990,F,2713
1069573,Felicia,1990,F,2702
1069574,Jillian,1990,F,2677
1069575,Brenda,1990,F,2633
1069576,Ana,1990,F,2609
1069577,Desiree,1990,F,2575
1069578,Meagan,1990,F,2531
1069579,Katrina,1990,F,2479
1069580,Chelsey,1990,F,2447
1069581,Valerie,1990,F,2427
1069582,Emma,1990,F,2415
1069583,Nancy,1990,F,2384
1069584,Monique,1990,F,2362
1069585,Alison,1990,F,2361
1069586,Alisha,1990,F,2343
1069587,Sandra,1990,F,2343
1069588,Britney,1990,F,2293
1069589,Brandy,1990,F,2263
1069590,Joanna,1990,F,2230
1069591,Gina,1990,F,2208
1069592,Grace,1990,F,2186
1069593,Sierra,1990,F,2168
1069594,Candace,1990,F,2164
1069595,Jaclyn,1990,F,2155
1069596,Adriana,1990,F,2149
1069597,Krista,1990,F,2143
1069598,Alexa,1990,F,2131
1069599,Candice,1990,F,2116
1069600,Lacey,1990,F,2047
1069601,Rebekah,1990,F,2041
1069602,Sydney,1990,F,2026
1069603,Nichole,1990,F,1992
1069604,Denise,1990,F,1955
1069605,Dominique,1990,F,1945
1069606,Ashlee,1990,F,1941
1069607,Anne,1990,F,1926
1069608,Yesenia,1990,F,1922
1069609,Kirsten,1990,F,1869
1069610,Deanna,1990,F,1854
1069611,Claire,1990,F,1851
1069612,Colleen,1990,F,1807
1069613,Audrey,1990,F,1797
1069614,Mallory,1990,F,1782
1069615,Carly,1990,F,1777
1069616,Tabitha,1990,F,1765
1069617,Cristina,1990,F,1762
1069618,Raven,1990,F,1758
1069619,Priscilla,1990,F,1753
1069620,Stacey,1990,F,1735
1069621,Carolyn,1990,F,1714
1069622,Carrie,1990,F,1707
1069623,Kiara,1990,F,1690
1069624,Susan,1990,F,1685
1069625,Stacy,1990,F,1668
1069626,Angel,1990,F,1663
1069627,Linda,1990,F,1660
1069628,Mercedes,1990,F,1654
1069629,Autumn,1990,F,1652
1069630,Ashleigh,1990,F,1623
1069631,Kylie,1990,F,1612
1069632,Teresa,1990,F,1610
1069633,Gabriela,1990,F,1603
1069634,Kelli,1990,F,1603
1069635,Caitlyn,1990,F,1585
1069636,Renee,1990,F,1572
1069637,Arielle,1990,F,1569
1069638,Cindy,1990,F,1567
1069639,Ebony,1990,F,1567
1069640,Justine,1990,F,1565
1069641,Karina,1990,F,1561
1069642,Meredith,1990,F,1555
1069643,Bridget,1990,F,1545
1069644,Hillary,1990,F,1524
1069645,Daisy,1990,F,1520
1069646,Amelia,1990,F,1511
1069647,Mayra,1990,F,1502
1069648,Theresa,1990,F,1500
1069649,Madeline,1990,F,1492
1069650,Claudia,1990,F,1490
1069651,Sasha,1990,F,1488
1069652,Heidi,1990,F,1465
1069653,Robin,1990,F,1412
1069654,Destiny,1990,F,1408
1069655,Madison,1990,F,1408
1069656,Lydia,1990,F,1405
1069657,Savannah,1990,F,1401
1069658,Wendy,1990,F,1398
1069659,Barbara,1990,F,1388
1069660,Melinda,1990,F,1381
1069661,Tamara,1990,F,1378
1069662,Ellen,1990,F,1377
1069663,Alejandra,1990,F,1376
1069664,Chloe,1990,F,1369
1069665,Marie,1990,F,1340
1069666,Jenny,1990,F,1338
1069667,Virginia,1990,F,1335
1069668,Kasey,1990,F,1331
1069669,Jocelyn,1990,F,1317
1069670,Carmen,1990,F,1315
1069671,Jade,1990,F,1312
1069672,Evelyn,1990,F,1301
1069673,Jacquelyn,1990,F,1299
1069674,Abby,1990,F,1293
1069675,Janet,1990,F,1281
1069676,Martha,1990,F,1266
1069677,Tracy,1990,F,1266
1069678,Cortney,1990,F,1261
1069679,Bailey,1990,F,1259
1069680,Ariana,1990,F,1254
1069681,Cassie,1990,F,1253
1069682,Brittani,1990,F,1220
1069683,Jasmin,1990,F,1218
1069684,Hilary,1990,F,1216
1069685,Kaylee,1990,F,1211
1069686,Cara,1990,F,1210
1069687,Adrienne,1990,F,1209
1069688,Allyson,1990,F,1198
1069689,Kristine,1990,F,1196
1069690,Pamela,1990,F,1195
1069691,Raquel,1990,F,1189
1069692,Tina,1990,F,1180
1069693,Gloria,1990,F,1179
1069694,Rosa,1990,F,1175
1069695,Camille,1990,F,1170
1069696,Michele,1990,F,1164
1069697,Tiara,1990,F,1161
1069698,Tasha,1990,F,1154
1069699,Mackenzie,1990,F,1150
1069700,Kristy,1990,F,1133
1069701,Ann,1990,F,1125
1069702,Sophia,1990,F,1125
1069703,Shawna,1990,F,1124
1069704,Tanya,1990,F,1118
1069705,Jessie,1990,F,1116
1069706,Latoya,1990,F,1116
1069707,Marisa,1990,F,1110
1069708,Kari,1990,F,1107
1069709,Carissa,1990,F,1105
1069710,Janelle,1990,F,1104
1069711,Mariah,1990,F,1102
1069712,Nina,1990,F,1101
1069713,Angelina,1990,F,1099
1069714,Deborah,1990,F,1094
1069715,Carla,1990,F,1090
1069716,Kellie,1990,F,1087
1069717,Elise,1990,F,1071
1069718,Hope,1990,F,1055
1069719,Hayley,1990,F,1052
1069720,Cierra,1990,F,1042
1069721,Kristi,1990,F,1041
1069722,Kate,1990,F,1035
1069723,Summer,1990,F,1022
1069724,Aimee,1990,F,1019
1069725,Chelsie,1990,F,1014
1069726,Sharon,1990,F,1008
1069727,Toni,1990,F,1005
1069728,Karla,1990,F,1001
1069729,Alissa,1990,F,997
1069730,Devon,1990,F,996
1069731,Misty,1990,F,996
1069732,Regina,1990,F,991
1069733,Jeanette,1990,F,989
1069734,Nikki,1990,F,984
1069735,Esther,1990,F,981
1069736,Miriam,1990,F,980
1069737,Tatiana,1990,F,979
1069738,Christy,1990,F,974
1069739,Charlotte,1990,F,959
1069740,Maggie,1990,F,958
1069741,Stefanie,1990,F,957
1069742,Tessa,1990,F,955
1069743,Ruby,1990,F,953
1069744,Gabriella,1990,F,945
1069745,Hailey,1990,F,945
1069746,Ciara,1990,F,944
1069747,Callie,1990,F,941
1069748,Faith,1990,F,940
1069749,Paula,1990,F,940
1069750,Aubrey,1990,F,936
1069751,Asia,1990,F,924
1069752,Naomi,1990,F,921
1069753,Jazmine,1990,F,916
1069754,Jazmin,1990,F,910
1069755,Carolina,1990,F,908
1069756,Tia,1990,F,908
1069757,Ruth,1990,F,906
1069758,Trisha,1990,F,905
1069759,Rose,1990,F,901
1069760,Kelley,1990,F,887
1069761,Robyn,1990,F,886
1069762,Jaime,1990,F,882
1069763,Michaela,1990,F,878
1069764,Kassandra,1990,F,873
1069765,Karissa,1990,F,871
1069766,Sonia,1990,F,867
1069767,Melody,1990,F,864
1069768,Christian,1990,F,863
1069769,Devin,1990,F,861
1069770,Donna,1990,F,861
1069771,Helen,1990,F,861
1069772,Brianne,1990,F,857
1069773,Kelsie,1990,F,856
1069774,Clarissa,1990,F,853
1069775,Lori,1990,F,852
1069776,Marina,1990,F,851
1069777,Adrianna,1990,F,850
1069778,Cecilia,1990,F,847
1069779,Shaniqua,1990,F,842
1069780,Guadalupe,1990,F,836
1069781,Rachelle,1990,F,834
1069782,Jill,1990,F,833
1069783,Ashton,1990,F,832
1069784,Cheyenne,1990,F,832
1069785,Annie,1990,F,820
1069786,Sylvia,1990,F,818
1069787,Taryn,1990,F,806
1069788,Roxanne,1990,F,802
1069789,Shayla,1990,F,799
1069790,Randi,1990,F,794
1069791,Isabel,1990,F,785
1069792,Leticia,1990,F,781
1069793,Mia,1990,F,780
1069794,Eva,1990,F,778
1069795,Hanna,1990,F,778
1069796,Katlyn,1990,F,778
1069797,Alice,1990,F,771
1069798,Jane,1990,F,771
1069799,Simone,1990,F,767
1069800,Elisabeth,1990,F,766
1069801,Carol,1990,F,764
1069802,Shana,1990,F,762
1069803,Frances,1990,F,759
1069804,Tierra,1990,F,756
1069805,Elena,1990,F,755
1069806,Antoinette,1990,F,753
1069807,Lacy,1990,F,753
1069808,Ericka,1990,F,749
1069809,Brittni,1990,F,746
1069810,Latasha,1990,F,741
1069811,Alyson,1990,F,740
1069812,Dawn,1990,F,740
1069813,Yvette,1990,F,739
1069814,Chantel,1990,F,738
1069815,Diane,1990,F,730
1069816,Shauna,1990,F,730
1069817,Tonya,1990,F,725
1069818,Liliana,1990,F,722
1069819,Lillian,1990,F,722
1069820,Meaghan,1990,F,722
1069821,Alana,1990,F,720
1069822,Suzanne,1990,F,715
1069823,Yvonne,1990,F,712
1069824,Christa,1990,F,706
1069825,Chasity,1990,F,704
1069826,Johanna,1990,F,699
1069827,Joy,1990,F,697
1069828,Kristie,1990,F,696
1069829,Rochelle,1990,F,696
1069830,Katelynn,1990,F,695
1069831,Bonnie,1990,F,694
1069832,Sandy,1990,F,694
1069833,Daniela,1990,F,690
1069834,Lorena,1990,F,690
1069835,Anastasia,1990,F,688
1069836,Lyndsey,1990,F,687
1069837,Irene,1990,F,685
1069838,Alma,1990,F,683
1069839,Tanisha,1990,F,681
1069840,Keri,1990,F,678
1069841,Leanna,1990,F,675
1069842,Marlene,1990,F,670
1069843,Yolanda,1990,F,669
1069844,Beth,1990,F,663
1069845,Blanca,1990,F,662
1069846,Charlene,1990,F,660
1069847,Maribel,1990,F,660
1069848,Nadia,1990,F,659
1069849,Keisha,1990,F,657
1069850,Celeste,1990,F,653
1069851,Maya,1990,F,651
1069852,Marisol,1990,F,650
1069853,Katharine,1990,F,647
1069854,Kourtney,1990,F,646
1069855,Larissa,1990,F,646
1069856,Anita,1990,F,642
1069857,Corinne,1990,F,642
1069858,Kendall,1990,F,642
1069859,Casandra,1990,F,641
1069860,Shaina,1990,F,639
1069861,Elaine,1990,F,631
1069862,Alysha,1990,F,630
1069863,Arianna,1990,F,629
1069864,Shayna,1990,F,628
1069865,Sheila,1990,F,626
1069866,Kayleigh,1990,F,619
1069867,Cheryl,1990,F,616
1069868,Tabatha,1990,F,614
1069869,Iris,1990,F,608
1069870,Brenna,1990,F,605
1069871,Chanel,1990,F,604
1069872,Stacie,1990,F,603
1069873,Elisa,1990,F,601
1069874,Kylee,1990,F,601
1069875,Mindy,1990,F,600
1069876,Tiana,1990,F,600
1069877,Esmeralda,1990,F,599
1069878,Dorothy,1990,F,596
1069879,Kyla,1990,F,596
1069880,Juliana,1990,F,595
1069881,Diamond,1990,F,591
1069882,Shanna,1990,F,589
1069883,Nora,1990,F,586
1069884,Marilyn,1990,F,582
1069885,Kierra,1990,F,581
1069886,Infant,1990,F,580
1069887,Josephine,1990,F,578
1069888,Kaila,1990,F,576
1069889,Kerri,1990,F,574
1069890,Christie,1990,F,573
1069891,Staci,1990,F,571
1069892,Bridgette,1990,F,569
1069893,Alaina,1990,F,567
1069894,Stephany,1990,F,564
1069895,Ciera,1990,F,559
1069896,Kali,1990,F,558
1069897,Julianne,1990,F,557
1069898,Kerry,1990,F,554
1069899,Jalisa,1990,F,553
1069900,Vivian,1990,F,552
1069901,Lucy,1990,F,550
1069902,Sally,1990,F,550
1069903,Tammy,1990,F,549
1069904,Precious,1990,F,547
1069905,Judith,1990,F,544
1069906,Debra,1990,F,543
1069907,Sadie,1990,F,541
1069908,Tiffani,1990,F,539
1069909,Kirstie,1990,F,537
1069910,Charity,1990,F,536
1069911,Alisa,1990,F,533
1069912,Margarita,1990,F,530
1069913,Eileen,1990,F,529
1069914,Krystle,1990,F,529
1069915,Noelle,1990,F,529
1069916,Mollie,1990,F,528
1069917,Francesca,1990,F,527
1069918,Mandy,1990,F,526
1069919,Tori,1990,F,526
1069920,Leigh,1990,F,522
1069921,Sheena,1990,F,522
1069922,Beatriz,1990,F,521
1069923,Cassidy,1990,F,521
1069924,Patrice,1990,F,521
1069925,Alanna,1990,F,520
1069926,Jodi,1990,F,518
1069927,Traci,1990,F,516
1069928,Ashlie,1990,F,514
1069929,Janice,1990,F,513
1069930,Joyce,1990,F,512
1069931,Natalia,1990,F,511
1069932,Desirae,1990,F,508
1069933,Jordyn,1990,F,508
1069934,Abbey,1990,F,507
1069935,Connie,1990,F,506
1069936,Darlene,1990,F,505
1069937,Genevieve,1990,F,501
1069938,India,1990,F,500
1069939,Maritza,1990,F,500
1069940,Blair,1990,F,499
1069941,Tania,1990,F,498
1069942,Mckenzie,1990,F,497
1069943,Britany,1990,F,496
1069944,Tracey,1990,F,496
1069945,Latisha,1990,F,495
1069946,Norma,1990,F,494
1069947,Tricia,1990,F,493
1069948,Kelsi,1990,F,492
1069949,Maureen,1990,F,491
1069950,Breanne,1990,F,488
1069951,Shantel,1990,F,486
1069952,Angelia,1990,F,484
1069953,Daniella,1990,F,483
1069954,Janae,1990,F,480
1069955,Kathy,1990,F,478
1069956,Zoe,1990,F,478
1069957,Serena,1990,F,477
1069958,Constance,1990,F,475
1069959,Jaimie,1990,F,475
1069960,Mariana,1990,F,473
1069961,Rosemary,1990,F,472
1069962,Shirley,1990,F,472
1069963,Annette,1990,F,470
1069964,Nicolette,1990,F,470
1069965,Sonya,1990,F,470
1069966,Katy,1990,F,469
1069967,Clara,1990,F,466
1069968,Lea,1990,F,465
1069969,Loren,1990,F,463
1069970,Kacie,1990,F,460
1069971,Kristyn,1990,F,459
1069972,Cristal,1990,F,458
1069973,Jami,1990,F,458
1069974,Alycia,1990,F,457
1069975,Beverly,1990,F,456
1069976,Jackie,1990,F,455
1069977,Lena,1990,F,452
1069978,Ryan,1990,F,451
1069979,Elyse,1990,F,449
1069980,Kira,1990,F,449
1069981,Gladys,1990,F,448
1069982,Juanita,1990,F,448
1069983,Kaleigh,1990,F,448
1069984,Laurel,1990,F,447
1069985,Isamar,1990,F,446
1069986,Leanne,1990,F,446
1069987,Tyler,1990,F,445
1069988,Ashly,1990,F,444
1069989,Justina,1990,F,444
1069990,Lara,1990,F,442
1069991,Mara,1990,F,442
1069992,Jacklyn,1990,F,440
1069993,Lesley,1990,F,440
1069994,Paris,1990,F,439
1069995,Kala,1990,F,438
1069996,Carina,1990,F,435
1069997,Breana,1990,F,433
1069998,Jana,1990,F,433
1069999,Rita,1990,F,433
1070000,Rocio,1990,F,433
1070001,Whitley,1990,F,432
1070002,Cayla,1990,F,431
1070003,Brandie,1990,F,429
1070004,Brittanie,1990,F,429
1070005,Chantal,1990,F,428
1070006,Terri,1990,F,426
1070007,Eliza,1990,F,424
1070008,Araceli,1990,F,423
1070009,Edith,1990,F,423
1070010,Susana,1990,F,423
1070011,Alexia,1990,F,422
1070012,Ashlyn,1990,F,419
1070013,Joanne,1990,F,418
1070014,Skylar,1990,F,418
1070015,Jena,1990,F,417
1070016,Kirstin,1990,F,413
1070017,Shelly,1990,F,413
1070018,Kiera,1990,F,412
1070019,Aisha,1990,F,410
1070020,Katelin,1990,F,409
1070021,Paulina,1990,F,408
1070022,Kyra,1990,F,407
1070023,Sade,1990,F,407
1070024,Betty,1990,F,406
1070025,Tamika,1990,F,404
1070026,Cecily,1990,F,403
1070027,Tess,1990,F,403
1070028,Judy,1990,F,402
1070029,Madeleine,1990,F,402
1070030,Maegan,1990,F,402
1070031,Allie,1990,F,400
1070032,Lucia,1990,F,399
1070033,Sherry,1990,F,399
1070034,Lynn,1990,F,398
1070035,Maricela,1990,F,398
1070036,Lily,1990,F,397
1070037,Angie,1990,F,395
1070038,Jennie,1990,F,394
1070039,Emilee,1990,F,392
1070040,Celia,1990,F,391
1070041,Lakeisha,1990,F,391
1070042,Genesis,1990,F,390
1070043,Noemi,1990,F,389
1070044,Brittny,1990,F,388
1070045,Keshia,1990,F,385
1070046,Dianna,1990,F,384
1070047,Jayme,1990,F,381
1070048,Dakota,1990,F,380
1070049,Maranda,1990,F,380
1070050,Eleanor,1990,F,378
1070051,Savanna,1990,F,378
1070052,Jessika,1990,F,377
1070053,Kaley,1990,F,377
1070054,Adrian,1990,F,376
1070055,Kailey,1990,F,376
1070056,Luz,1990,F,375
1070057,Rhonda,1990,F,373
1070058,Sophie,1990,F,373
1070059,Talia,1990,F,373
1070060,Britni,1990,F,370
1070061,Jerrica,1990,F,370
1070062,Silvia,1990,F,370
1070063,Hollie,1990,F,369
1070064,Logan,1990,F,368
1070065,Shante,1990,F,368
1070066,Kenya,1990,F,366
1070067,Marisela,1990,F,366
1070068,Christin,1990,F,365
1070069,Emilie,1990,F,365
1070070,Octavia,1990,F,365
1070071,Josie,1990,F,363
1070072,Kaci,1990,F,362
1070073,Kiersten,1990,F,362
1070074,Fatima,1990,F,361
1070075,Jenifer,1990,F,359
1070076,Lizbeth,1990,F,358
1070077,Belinda,1990,F,357
1070078,Lizette,1990,F,357
1070079,Gretchen,1990,F,356
1070080,Katlin,1990,F,356
1070081,Kristian,1990,F,356
1070082,Bryanna,1990,F,355
1070083,Janette,1990,F,355
1070084,Terra,1990,F,355
1070085,Yadira,1990,F,355
1070086,Angelique,1990,F,354
1070087,Ashely,1990,F,354
1070088,Perla,1990,F,354
1070089,Racheal,1990,F,354
1070090,Bobbie,1990,F,351
1070091,Danica,1990,F,351
1070092,Dayna,1990,F,351
1070093,Macy,1990,F,351
1070094,Lacie,1990,F,349
1070095,Maura,1990,F,349
1070096,Alysia,1990,F,348
1070097,Corina,1990,F,348
1070098,Elisha,1990,F,348
1070099,Sofia,1990,F,348
1070100,Jesse,1990,F,347
1070101,Laurie,1990,F,344
1070102,Christen,1990,F,343
1070103,Kacey,1990,F,343
1070104,Stevie,1990,F,343
1070105,Alexandrea,1990,F,341
1070106,Lorraine,1990,F,341
1070107,Kaitlynn,1990,F,340
1070108,Clare,1990,F,338
1070109,Jaleesa,1990,F,338
1070110,Julianna,1990,F,338
1070111,Antonia,1990,F,337
1070112,Janine,1990,F,337
1070113,Nikita,1990,F,337
1070114,Nathalie,1990,F,332
1070115,Yessenia,1990,F,329
1070116,Alina,1990,F,326
1070117,Paola,1990,F,326
1070118,Janie,1990,F,323
1070119,Kimberley,1990,F,323
1070120,Viviana,1990,F,322
1070121,Devan,1990,F,321
1070122,Kasandra,1990,F,321
1070123,Audra,1990,F,320
1070124,Rhiannon,1990,F,320
1070125,Corey,1990,F,319
1070126,Janessa,1990,F,318
1070127,Yasmin,1990,F,317
1070128,Cameron,1990,F,316
1070129,Kortney,1990,F,316
1070130,Kaylyn,1990,F,315
1070131,Alecia,1990,F,314
1070132,Arlene,1990,F,314
1070133,Gwendolyn,1990,F,314
1070134,Abbie,1990,F,313
1070135,Valeria,1990,F,313
1070136,Irma,1990,F,312
1070137,Joann,1990,F,312
1070138,Roxana,1990,F,311
1070139,Brittaney,1990,F,309
1070140,Ali,1990,F,308
1070141,Skye,1990,F,308
1070142,Kristal,1990,F,307
1070143,Shanae,1990,F,307
1070144,Tiffanie,1990,F,307
1070145,Alesha,1990,F,306
1070146,Leann,1990,F,306
1070147,Nadine,1990,F,306
1070148,Amie,1990,F,305
1070149,Eden,1990,F,305
1070150,Chrystal,1990,F,304
1070151,Domonique,1990,F,302
1070152,Lauryn,1990,F,302
1070153,Myra,1990,F,301
1070154,Latifah,1990,F,300
1070155,Celina,1990,F,299
1070156,Cori,1990,F,299
1070157,Giselle,1990,F,299
1070158,Shelley,1990,F,298
1070159,Allyssa,1990,F,296
1070160,Krysta,1990,F,296
1070161,Tayler,1990,F,296
1070162,Kimberlee,1990,F,295
1070163,Mikayla,1990,F,295
1070164,Tianna,1990,F,295
1070165,Brittnee,1990,F,294
1070166,Lyndsay,1990,F,294
1070167,Aurora,1990,F,293
1070168,Kanisha,1990,F,293
1070169,Kaylin,1990,F,292
1070170,Georgia,1990,F,291
1070171,Janay,1990,F,291
1070172,Beatrice,1990,F,290
1070173,Ashli,1990,F,289
1070174,Britny,1990,F,289
1070175,Chantelle,1990,F,289
1070176,Rebeca,1990,F,289
1070177,Shanice,1990,F,289
1070178,Reyna,1990,F,288
1070179,Shanika,1990,F,288
1070180,Cassondra,1990,F,287
1070181,Griselda,1990,F,287
1070182,Jerica,1990,F,286
1070183,Athena,1990,F,285
1070184,Iesha,1990,F,285
1070185,Porsha,1990,F,285
1070186,Rubi,1990,F,285
1070187,Madelyn,1990,F,284
1070188,Iliana,1990,F,283
1070189,Skyler,1990,F,283
1070190,Stefani,1990,F,282
1070191,Bernadette,1990,F,281
1070192,Betsy,1990,F,281
1070193,Ingrid,1990,F,281
1070194,Chandra,1990,F,280
1070195,Debbie,1990,F,280
1070196,Elissa,1990,F,279
1070197,Trista,1990,F,279
1070198,Deja,1990,F,278
1070199,Anabel,1990,F,277
1070200,Kandice,1990,F,277
1070201,Kassie,1990,F,277
1070202,Latrice,1990,F,277
1070203,Michael,1990,F,277
1070204,Dina,1990,F,276
1070205,Kiley,1990,F,276
1070206,Kandace,1990,F,275
1070207,Krystina,1990,F,275
1070208,Martika,1990,F,273
1070209,Pauline,1990,F,273
1070210,Kiana,1990,F,272
1070211,Marcella,1990,F,272
1070212,Princess,1990,F,272
1070213,Carley,1990,F,271
1070214,Chelsi,1990,F,271
1070215,Joan,1990,F,269
1070216,Selina,1990,F,269
1070217,Daphne,1990,F,268
1070218,Keely,1990,F,267
1070219,Lora,1990,F,267
1070220,Tiera,1990,F,267
1070221,Ivy,1990,F,266
1070222,Jeannette,1990,F,266
1070223,Bobbi,1990,F,265
1070224,Jean,1990,F,265
1070225,Breann,1990,F,264
1070226,Felisha,1990,F,264
1070227,Hallie,1990,F,264
1070228,Melisa,1990,F,264
1070229,Mikaela,1990,F,264
1070230,Julissa,1990,F,263
1070231,Kelsea,1990,F,262
1070232,Selena,1990,F,262
1070233,Kathrine,1990,F,260
1070234,Darcy,1990,F,258
1070235,Olga,1990,F,258
1070236,Adrianne,1990,F,257
1070237,Kim,1990,F,257
1070238,Monika,1990,F,257
1070239,Phylicia,1990,F,257
1070240,Laci,1990,F,256
1070241,Jaqueline,1990,F,255
1070242,Joelle,1990,F,255
1070243,Marquita,1990,F,255
1070244,Noel,1990,F,255
1070245,Kori,1990,F,254
1070246,Jolene,1990,F,253
1070247,Mai,1990,F,253
1070248,Eboni,1990,F,252
1070249,Moriah,1990,F,252
1070250,Latonya,1990,F,251
1070251,Liana,1990,F,251
1070252,Makayla,1990,F,251
1070253,Alex,1990,F,250
1070254,Avery,1990,F,250
1070255,Leandra,1990,F,250
1070256,Maira,1990,F,250
1070257,Marla,1990,F,250
1070258,Kaylie,1990,F,249
1070259,Lana,1990,F,249
1070260,Kaela,1990,F,248
1070261,Delia,1990,F,246
1070262,Tanesha,1990,F,246
1070263,Micaela,1990,F,245
1070264,Juana,1990,F,244
1070265,Leeann,1990,F,243
1070266,Elaina,1990,F,242
1070267,Elsa,1990,F,242
1070268,Valencia,1990,F,242
1070269,Alyse,1990,F,241
1070270,Ayla,1990,F,241
1070271,Charmaine,1990,F,240
1070272,Lynette,1990,F,239
1070273,Mariela,1990,F,239
1070274,Symone,1990,F,239
1070275,Gillian,1990,F,238
1070276,Laquita,1990,F,238
1070277,Melina,1990,F,238
1070278,Rikki,1990,F,238
1070279,Riley,1990,F,238
1070280,Kyle,1990,F,237
1070281,Sonja,1990,F,237
1070282,Alessandra,1990,F,236
1070283,Jamila,1990,F,236
1070284,Martina,1990,F,236
1070285,Tyesha,1990,F,236
1070286,Billie,1990,F,235
1070287,Janna,1990,F,235
1070288,Krysten,1990,F,235
1070289,Nikole,1990,F,235
1070290,Teri,1990,F,235
1070291,Bridgett,1990,F,234
1070292,Ella,1990,F,234
1070293,Portia,1990,F,234
1070294,Tameka,1990,F,234
1070295,Brittnie,1990,F,233
1070296,Christiana,1990,F,233
1070297,Deidra,1990,F,233
1070298,Destinee,1990,F,232
1070299,Kaycee,1990,F,232
1070300,Susanna,1990,F,232
1070301,Cecelia,1990,F,231
1070302,Fabiola,1990,F,231
1070303,Geneva,1990,F,231
1070304,Ivana,1990,F,231
1070305,Kalyn,1990,F,231
1070306,Aileen,1990,F,230
1070307,Becky,1990,F,230
1070308,Cora,1990,F,230
1070309,Doris,1990,F,230
1070310,Heaven,1990,F,230
1070311,Ivette,1990,F,230
1070312,Cody,1990,F,229
1070313,Kia,1990,F,229
1070314,Nia,1990,F,229
1070315,Shea,1990,F,229
1070316,Baby,1990,F,227
1070317,Gianna,1990,F,227
1070318,Janell,1990,F,227
1070319,Cherie,1990,F,226
1070320,Lucero,1990,F,226
1070321,Brook,1990,F,225
1070322,Andria,1990,F,224
1070323,Jodie,1990,F,224
1070324,Phoebe,1990,F,224
1070325,Alexander,1990,F,223
1070326,Jaimee,1990,F,223
1070327,Magen,1990,F,222
1070328,Mandi,1990,F,222
1070329,Corrine,1990,F,221
1070330,Kati,1990,F,221
1070331,Kenisha,1990,F,221
1070332,Samatha,1990,F,221
1070333,Dara,1990,F,220
1070334,Sarai,1990,F,220
1070335,Shelbi,1990,F,220
1070336,Danika,1990,F,219
1070337,Deana,1990,F,219
1070338,Demetria,1990,F,219
1070339,Shakira,1990,F,219
1070340,Liza,1990,F,218
1070341,Marjorie,1990,F,218
1070342,Karly,1990,F,217
1070343,Tera,1990,F,217
1070344,Lashonda,1990,F,216
1070345,Maryann,1990,F,216
1070346,Holli,1990,F,215
1070347,Isabella,1990,F,215
1070348,Chaya,1990,F,214
1070349,Lakeshia,1990,F,214
1070350,Lissette,1990,F,214
1070351,Richelle,1990,F,214
1070352,Alysa,1990,F,213
1070353,Jessenia,1990,F,213
1070354,Joana,1990,F,213
1070355,Marcia,1990,F,213
1070356,Catrina,1990,F,212
1070357,Dulce,1990,F,212
1070358,Gabriel,1990,F,212
1070359,Katheryn,1990,F,212
1070360,Lourdes,1990,F,212
1070361,Micah,1990,F,212
1070362,Roxanna,1990,F,212
1070363,Dominque,1990,F,211
1070364,Brooklyn,1990,F,210
1070365,Cathy,1990,F,210
1070366,Nataly,1990,F,210
1070367,Chastity,1990,F,209
1070368,Jessi,1990,F,209
1070369,Magdalena,1990,F,209
1070370,Trina,1990,F,208
1070371,Fallon,1990,F,207
1070372,Loretta,1990,F,207
1070373,Shanell,1990,F,207
1070374,Sherri,1990,F,207
1070375,Sidney,1990,F,207
1070376,Anjelica,1990,F,206
1070377,Carlie,1990,F,206
1070378,Chanelle,1990,F,206
1070379,Karli,1990,F,206
1070380,Edna,1990,F,205
1070381,Eunice,1990,F,205
1070382,Tracie,1990,F,205
1070383,Imani,1990,F,204
1070384,Jesica,1990,F,204
1070385,Kalie,1990,F,204
1070386,Krystin,1990,F,204
1070387,Mari,1990,F,204
1070388,Marian,1990,F,203
1070389,Aja,1990,F,202
1070390,Alannah,1990,F,202
1070391,Blake,1990,F,202
1070392,Bree,1990,F,202
1070393,Roberta,1990,F,202
1070394,Fiona,1990,F,201
1070395,Kallie,1990,F,201
1070396,Shari,1990,F,201
1070397,Lisette,1990,F,200
1070398,Candy,1990,F,199
1070399,Danyelle,1990,F,199
1070400,Geraldine,1990,F,199
1070401,Helena,1990,F,199
1070402,Vicky,1990,F,199
1070403,Kanesha,1990,F,198
1070404,Lia,1990,F,198
1070405,Ava,1990,F,197
1070406,Kristan,1990,F,197
1070407,Laken,1990,F,197
1070408,Lee,1990,F,197
1070409,Catalina,1990,F,196
1070410,Dena,1990,F,196
1070411,Kacy,1990,F,196
1070412,Mariel,1990,F,196
1070413,Marsha,1990,F,196
1070414,Cari,1990,F,195
1070415,Haleigh,1990,F,195
1070416,Jeanne,1990,F,195
1070417,Jesenia,1990,F,195
1070418,Janel,1990,F,194
1070419,Marlena,1990,F,194
1070420,Deidre,1990,F,193
1070421,Georgina,1990,F,193
1070422,Luisa,1990,F,193
1070423,Cory,1990,F,192
1070424,Dora,1990,F,192
1070425,Eryn,1990,F,192
1070426,Lizeth,1990,F,192
1070427,Danae,1990,F,191
1070428,Graciela,1990,F,191
1070429,Shamika,1990,F,191
1070430,Tosha,1990,F,191
1070431,Wanda,1990,F,191
1070432,Annmarie,1990,F,190
1070433,Christopher,1990,F,188
1070434,Elyssa,1990,F,188
1070435,Emilia,1990,F,188
1070436,Jody,1990,F,188
1070437,Kimber,1990,F,188
1070438,Marianne,1990,F,188
1070439,Renae,1990,F,187
1070440,Shameka,1990,F,187
1070441,Deirdre,1990,F,186
1070442,Linsey,1990,F,186
1070443,Lynsey,1990,F,186
1070444,Malinda,1990,F,185
1070445,Shantell,1990,F,185
1070446,Asha,1990,F,184
1070447,Cherish,1990,F,184
1070448,Tarah,1990,F,184
1070449,Hali,1990,F,183
1070450,Jada,1990,F,182
1070451,Leila,1990,F,182
1070452,Louise,1990,F,182
1070453,Annemarie,1990,F,181
1070454,Damaris,1990,F,181
1070455,Deandra,1990,F,181
1070456,Haylee,1990,F,181
1070457,Jourdan,1990,F,181
1070458,Magan,1990,F,181
1070459,Peggy,1990,F,181
1070460,Amberly,1990,F,180
1070461,Delaney,1990,F,180
1070462,Jasmyne,1990,F,180
1070463,Makenzie,1990,F,180
1070464,Sheri,1990,F,180
1070465,Tawny,1990,F,180
1070466,Tiarra,1990,F,180
1070467,Annamarie,1990,F,179
1070468,Bertha,1990,F,179
1070469,Porsche,1990,F,179
1070470,Alyssia,1990,F,178
1070471,Antionette,1990,F,178
1070472,Aubree,1990,F,178
1070473,Brynn,1990,F,178
1070474,Rosalinda,1990,F,178
1070475,Salina,1990,F,177
1070476,Shanique,1990,F,177
1070477,Ada,1990,F,176
1070478,Chiquita,1990,F,176
1070479,Kelcie,1990,F,176
1070480,Marta,1990,F,176
1070481,Christal,1990,F,175
1070482,Glenda,1990,F,175
1070483,Kaneesha,1990,F,175
1070484,Shanequa,1990,F,175
1070485,Shaquana,1990,F,175
1070486,Valarie,1990,F,175
1070487,Chana,1990,F,174
1070488,Stacia,1990,F,174
1070489,Christi,1990,F,173
1070490,Ellie,1990,F,173
1070491,Marcy,1990,F,173
1070492,Stephani,1990,F,173
1070493,Ayana,1990,F,172
1070494,Dolores,1990,F,172
1070495,Isabelle,1990,F,172
1070496,Reina,1990,F,172
1070497,Rosemarie,1990,F,172
1070498,Kasie,1990,F,171
1070499,Marcela,1990,F,171
1070500,Maxine,1990,F,171
1070501,Sarina,1990,F,171
1070502,Shawn,1990,F,171
1070503,Stella,1990,F,171
1070504,Anissa,1990,F,170
1070505,Joni,1990,F,170
1070506,Patience,1990,F,170
1070507,Cinthia,1990,F,169
1070508,Maricruz,1990,F,169
1070509,Carli,1990,F,168
1070510,Flor,1990,F,168
1070511,Merissa,1990,F,168
1070512,Santana,1990,F,168
1070513,Shawnee,1990,F,168
1070514,Adilene,1990,F,167
1070515,Demi,1990,F,167
1070516,Denisha,1990,F,167
1070517,Brandee,1990,F,166
1070518,Brielle,1990,F,166
1070519,Joshua,1990,F,166
1070520,Marion,1990,F,166
1070521,Scarlett,1990,F,166
1070522,Selene,1990,F,166
1070523,Shaquita,1990,F,166
1070524,Casie,1990,F,165
1070525,Cheyanne,1990,F,165
1070526,Leigha,1990,F,165
1070527,Macey,1990,F,165
1070528,Tyra,1990,F,165
1070529,Coral,1990,F,164
1070530,Kami,1990,F,164
1070531,Alayna,1990,F,163
1070532,Angeline,1990,F,163
1070533,Brittnay,1990,F,163
1070534,China,1990,F,163
1070535,Devyn,1990,F,163
1070536,Diandra,1990,F,163
1070537,Ivonne,1990,F,163
1070538,Johana,1990,F,163
1070539,Emerald,1990,F,162
1070540,Karlie,1990,F,162
1070541,Kirby,1990,F,162
1070542,Regan,1990,F,162
1070543,Susie,1990,F,162
1070544,Unknown,1990,F,162
1070545,Yasmine,1990,F,162
1070546,Brigitte,1990,F,160
1070547,Lakesha,1990,F,160
1070548,Lakisha,1990,F,160
1070549,Mattie,1990,F,160
1070550,Shanelle,1990,F,160
1070551,Sinead,1990,F,160
1070552,Elvira,1990,F,159
1070553,Giovanna,1990,F,159
1070554,Malia,1990,F,159
1070555,Mariam,1990,F,159
1070556,Ashlea,1990,F,158
1070557,Esperanza,1990,F,158
1070558,Hilda,1990,F,158
1070559,Karin,1990,F,158
1070560,Lucinda,1990,F,158
1070561,Rosalie,1990,F,158
1070562,Alena,1990,F,157
1070563,Cathryn,1990,F,157
1070564,Female,1990,F,157
1070565,Francis,1990,F,157
1070566,Leilani,1990,F,157
1070567,Nichelle,1990,F,157
1070568,Racquel,1990,F,157
1070569,Rosie,1990,F,157
1070570,Shaneka,1990,F,157
1070571,Austin,1990,F,156
1070572,Erinn,1990,F,156
1070573,Harley,1990,F,156
1070574,Jalissa,1990,F,156
1070575,Juliet,1990,F,156
1070576,Brianda,1990,F,155
1070577,Dalia,1990,F,155
1070578,Thalia,1990,F,155
1070579,Alesia,1990,F,154
1070580,Jenelle,1990,F,154
1070581,Marlee,1990,F,154
1070582,Rena,1990,F,154
1070583,Alia,1990,F,153
1070584,Chantell,1990,F,153
1070585,Chelsy,1990,F,153
1070586,Johnna,1990,F,153
1070587,Kailee,1990,F,153
1070588,Lina,1990,F,153
1070589,Margo,1990,F,153
1070590,Berenice,1990,F,152
1070591,Kelsy,1990,F,152
1070592,Madalyn,1990,F,152
1070593,Ryann,1990,F,152
1070594,Joslyn,1990,F,151
1070595,Latosha,1990,F,151
1070596,Sheree,1990,F,151
1070597,Vanesa,1990,F,151
1070598,Britta,1990,F,150
1070599,Calli,1990,F,150
1070600,Codi,1990,F,150
1070601,Felecia,1990,F,150
1070602,Kayli,1990,F,150
1070603,Malissa,1990,F,150
1070604,Nicolle,1990,F,150
1070605,Anais,1990,F,149
1070606,Cady,1990,F,149
1070607,Charissa,1990,F,149
1070608,Janee,1990,F,149
1070609,Kenyatta,1990,F,149
1070610,Marianna,1990,F,149
1070611,Samara,1990,F,149
1070612,Shelbie,1990,F,149
1070613,Stephenie,1990,F,149
1070614,Breonna,1990,F,148
1070615,Cali,1990,F,148
1070616,Daniel,1990,F,148
1070617,Lynda,1990,F,148
1070618,Davina,1990,F,147
1070619,Eliana,1990,F,147
1070620,Halie,1990,F,147
1070621,Hana,1990,F,147
1070622,Jeanine,1990,F,147
1070623,Jeannie,1990,F,147
1070624,Jewel,1990,F,147
1070625,Joselyn,1990,F,147
1070626,Lidia,1990,F,147
1070627,Lilian,1990,F,147
1070628,Audrianna,1990,F,146
1070629,Ginger,1990,F,146
1070630,Rene,1990,F,146
1070631,Bernice,1990,F,145
1070632,Hazel,1990,F,145
1070633,Karyn,1990,F,145
1070634,Shanita,1990,F,145
1070635,Siobhan,1990,F,145
1070636,Tamra,1990,F,145
1070637,Whittney,1990,F,145
1070638,Amalia,1990,F,144
1070639,Aracely,1990,F,144
1070640,Bryana,1990,F,144
1070641,Carlee,1990,F,144
1070642,Laquisha,1990,F,144
1070643,Lilia,1990,F,144
1070644,Denisse,1990,F,143
1070645,Elsie,1990,F,143
1070646,Latia,1990,F,143
1070647,Mckenna,1990,F,143
1070648,Nakia,1990,F,143
1070649,Sondra,1990,F,143
1070650,Destini,1990,F,142
1070651,Francine,1990,F,142
1070652,Kalli,1990,F,142
1070653,Karlee,1990,F,142
1070654,Kayley,1990,F,142
1070655,Xiomara,1990,F,142
1070656,Ashlynn,1990,F,141
1070657,Keila,1990,F,141
1070658,Sharonda,1990,F,141
1070659,Corinna,1990,F,140
1070660,Dianne,1990,F,140
1070661,Myranda,1990,F,140
1070662,Tristan,1990,F,140
1070663,Viridiana,1990,F,140
1070664,Audriana,1990,F,139
1070665,Breeanna,1990,F,139
1070666,Ileana,1990,F,139
1070667,Katarina,1990,F,139
1070668,Rosanna,1990,F,139
1070669,Tenisha,1990,F,139
1070670,Cheri,1990,F,138
1070671,Essence,1990,F,138
1070672,Justin,1990,F,138
1070673,Paloma,1990,F,138
1070674,Ramona,1990,F,138
1070675,Thea,1990,F,138
1070676,Arianne,1990,F,137
1070677,Courtnie,1990,F,137
1070678,Jacquelin,1990,F,137
1070679,Spencer,1990,F,137
1070680,Susannah,1990,F,137
1070681,Delilah,1990,F,136
1070682,Jeana,1990,F,136
1070683,Jelisa,1990,F,136
1070684,Brigette,1990,F,135
1070685,Elana,1990,F,135
1070686,Reanna,1990,F,135
1070687,Shanay,1990,F,135
1070688,Valentina,1990,F,135
1070689,Ariella,1990,F,134
1070690,Britnee,1990,F,134
1070691,Britteny,1990,F,134
1070692,Kinsey,1990,F,134
1070693,Markie,1990,F,134
1070694,Stormy,1990,F,134
1070695,Meghann,1990,F,133
1070696,Page,1990,F,133
1070697,Trinity,1990,F,133
1070698,Alishia,1990,F,132
1070699,Francisca,1990,F,132
1070700,Karisa,1990,F,132
1070701,Kirstyn,1990,F,132
1070702,Latesha,1990,F,132
1070703,Layla,1990,F,132
1070704,Shanta,1990,F,132
1070705,Amara,1990,F,131
1070706,Gracie,1990,F,131
1070707,Lindy,1990,F,131
1070708,Nakita,1990,F,131
1070709,Aleshia,1990,F,130
1070710,Corrie,1990,F,130
1070711,Elvia,1990,F,130
1070712,Jasmyn,1990,F,130
1070713,Malorie,1990,F,130
1070714,Pearl,1990,F,130
1070715,Rosario,1990,F,130
1070716,Shasta,1990,F,130
1070717,Cathleen,1990,F,129
1070718,Colby,1990,F,129
1070719,Ladonna,1990,F,129
1070720,Mellissa,1990,F,129
1070721,Natali,1990,F,129
1070722,Tanika,1990,F,129
1070723,Colette,1990,F,128
1070724,Courtnee,1990,F,128
1070725,Eugenia,1990,F,128
1070726,Gail,1990,F,128
1070727,Jayne,1990,F,128
1070728,Jazmyn,1990,F,128
1070729,Lashawn,1990,F,128
1070730,Shay,1990,F,128
1070731,Suzanna,1990,F,128
1070732,Vicki,1990,F,128
1070733,Belen,1990,F,127
1070734,Cherise,1990,F,127
1070735,Danelle,1990,F,127
1070736,Danna,1990,F,127
1070737,Jeanna,1990,F,127
1070738,Kaneisha,1990,F,127
1070739,Katlynn,1990,F,127
1070740,Kaylan,1990,F,127
1070741,Kelci,1990,F,127
1070742,Shakia,1990,F,127
1070743,Dannielle,1990,F,126
1070744,Estefania,1990,F,126
1070745,Malika,1990,F,126
1070746,Marci,1990,F,126
1070747,Misha,1990,F,126
1070748,Mona,1990,F,126
1070749,Monet,1990,F,126
1070750,Myesha,1990,F,126
1070751,Violet,1990,F,126
1070752,Deena,1990,F,125
1070753,Ilana,1990,F,125
1070754,Josefina,1990,F,125
1070755,Kayle,1990,F,125
1070756,Matthew,1990,F,125
1070757,Pricilla,1990,F,125
1070758,Brea,1990,F,124
1070759,Cherelle,1990,F,124
1070760,Franchesca,1990,F,124
1070761,Ivory,1990,F,124
1070762,Lakendra,1990,F,124
1070763,Lila,1990,F,124
1070764,Marguerite,1990,F,124
1070765,Natosha,1990,F,124
1070766,Rae,1990,F,124
1070767,Rhea,1990,F,124
1070768,Shalonda,1990,F,124
1070769,Yajaira,1990,F,124
1070770,Jackeline,1990,F,123
1070771,Jazmyne,1990,F,123
1070772,Meranda,1990,F,123
1070773,Raina,1990,F,123
1070774,Shanda,1990,F,123
1070775,Unique,1990,F,123
1070776,Alix,1990,F,122
1070777,Annabel,1990,F,122
1070778,Chante,1990,F,122
1070779,Markita,1990,F,122
1070780,Starr,1990,F,122
1070781,Tisha,1990,F,122
1070782,Aleisha,1990,F,121
1070783,Ida,1990,F,121
1070784,Pilar,1990,F,121
1070785,Darla,1990,F,120
1070786,David,1990,F,120
1070787,Penny,1990,F,120
1070788,Talisha,1990,F,120
1070789,Chelsee,1990,F,119
1070790,Estela,1990,F,119
1070791,Farrah,1990,F,119
1070792,Kalee,1990,F,119
1070793,Kianna,1990,F,119
1070794,Kiarra,1990,F,119
1070795,Mallorie,1990,F,119
1070796,Porscha,1990,F,119
1070797,Yessica,1990,F,119
1070798,Caryn,1990,F,118
1070799,Charlie,1990,F,118
1070800,Eve,1990,F,118
1070801,Katerina,1990,F,118
1070802,Kaylynn,1990,F,118
1070803,Kenzie,1990,F,118
1070804,Marcie,1990,F,118
1070805,Nellie,1990,F,118
1070806,Sheryl,1990,F,118
1070807,Brieanna,1990,F,117
1070808,Jordon,1990,F,117
1070809,Kathryne,1990,F,117
1070810,Kendal,1990,F,117
1070811,Kenia,1990,F,117
1070812,Kesha,1990,F,117
1070813,Rachele,1990,F,117
1070814,Shanee,1990,F,117
1070815,Sharee,1990,F,117
1070816,Annalisa,1990,F,116
1070817,Jenessa,1990,F,116
1070818,Jeri,1990,F,116
1070819,Kaytlin,1990,F,116
1070820,Misti,1990,F,116
1070821,Sydnee,1990,F,116
1070822,Therese,1990,F,116
1070823,Aida,1990,F,115
1070824,Cassaundra,1990,F,115
1070825,James,1990,F,115
1070826,Kady,1990,F,115
1070827,Lillie,1990,F,115
1070828,Linnea,1990,F,115
1070829,Meggan,1990,F,115
1070830,Sage,1990,F,115
1070831,Shaniece,1990,F,115
1070832,Stephaine,1990,F,115
1070833,Tiesha,1990,F,115
1070834,Yanira,1990,F,115
1070835,Bailee,1990,F,114
1070836,Cally,1990,F,114
1070837,Corie,1990,F,114
1070838,Corrina,1990,F,114
1070839,Desire,1990,F,114
1070840,Destiney,1990,F,114
1070841,Jacquelynn,1990,F,114
1070842,Jenae,1990,F,114
1070843,Kay,1990,F,114
1070844,Nicollette,1990,F,114
1070845,Rashida,1990,F,114
1070846,Terry,1990,F,114
1070847,Venessa,1990,F,114
1070848,Ashanti,1990,F,113
1070849,Bria,1990,F,113
1070850,Grecia,1990,F,113
1070851,Jose,1990,F,113
1070852,London,1990,F,113
1070853,Macie,1990,F,113
1070854,Natashia,1990,F,113
1070855,Skyla,1990,F,113
1070856,Tana,1990,F,113
1070857,Taneisha,1990,F,113
1070858,Tierney,1990,F,113
1070859,Alba,1990,F,112
1070860,Aleah,1990,F,112
1070861,Alondra,1990,F,112
1070862,Ayanna,1990,F,112
1070863,Juliette,1990,F,112
1070864,Kadie,1990,F,112
1070865,Keeley,1990,F,112
1070866,Kenna,1990,F,112
1070867,Lucille,1990,F,112
1070868,Marlen,1990,F,112
1070869,Mellisa,1990,F,112
1070870,Paulette,1990,F,112
1070871,Salena,1990,F,112
1070872,Stefany,1990,F,112
1070873,Tabetha,1990,F,112
1070874,Yazmin,1990,F,112
1070875,Addie,1990,F,111
1070876,Aubrie,1990,F,111
1070877,Cami,1990,F,111
1070878,Darci,1990,F,111
1070879,Eleni,1990,F,111
1070880,Evan,1990,F,111
1070881,Frankie,1990,F,111
1070882,Hailee,1990,F,111
1070883,Lacee,1990,F,111
1070884,Serina,1990,F,111
1070885,Chanell,1990,F,110
1070886,Jazzmine,1990,F,110
1070887,Shavon,1990,F,110
1070888,Sherrie,1990,F,110
1070889,Ashia,1990,F,109
1070890,Ayesha,1990,F,109
1070891,Miesha,1990,F,109
1070892,Mildred,1990,F,109
1070893,Patsy,1990,F,109
1070894,Robert,1990,F,109
1070895,Shira,1990,F,109
1070896,Shyla,1990,F,109
1070897,Alora,1990,F,108
1070898,Chanda,1990,F,108
1070899,Daniele,1990,F,108
1070900,Florence,1990,F,108
1070901,Keara,1990,F,108
1070902,Lilly,1990,F,108
1070903,Reba,1990,F,108
1070904,Rebecka,1990,F,108
1070905,Rivka,1990,F,108
1070906,Steffanie,1990,F,108
1070907,Tasia,1990,F,108
1070908,Aliza,1990,F,107
1070909,Annalise,1990,F,107
1070910,Gena,1990,F,107
1070911,Izamar,1990,F,107
1070912,Kaitlan,1990,F,107
1070913,Keyana,1990,F,107
1070914,Leeanna,1990,F,107
1070915,Marah,1990,F,107
1070916,Rosalyn,1990,F,107
1070917,Tesla,1990,F,107
1070918,Tonisha,1990,F,107
1070919,Allegra,1990,F,106
1070920,Anika,1990,F,106
1070921,Bethanie,1990,F,106
1070922,Dallas,1990,F,106
1070923,Greta,1990,F,106
1070924,Jamesha,1990,F,106
1070925,Kelcey,1990,F,106
1070926,Kiah,1990,F,106
1070927,Lashanda,1990,F,106
1070928,Latoria,1990,F,106
1070929,Louisa,1990,F,106
1070930,Rasheeda,1990,F,106
1070931,Alyshia,1990,F,105
1070932,Anastacia,1990,F,105
1070933,Andrew,1990,F,105
1070934,Ashlei,1990,F,105
1070935,Britani,1990,F,105
1070936,Camilla,1990,F,105
1070937,Candis,1990,F,105
1070938,Cristin,1990,F,105
1070939,Dixie,1990,F,105
1070940,Harmony,1990,F,105
1070941,Kayce,1990,F,105
1070942,Lashay,1990,F,105
1070943,Sunny,1990,F,105
1070944,Ami,1990,F,104
1070945,Ariane,1990,F,104
1070946,Cristy,1990,F,104
1070947,Kenyetta,1990,F,104
1070948,Kerrie,1990,F,104
1070949,Magali,1990,F,104
1070950,Mica,1990,F,104
1070951,Niki,1990,F,104
1070952,Shatara,1990,F,104
1070953,Stormie,1990,F,104
1070954,Alivia,1990,F,103
1070955,Anisha,1990,F,103
1070956,Cydney,1990,F,103
1070957,Katina,1990,F,103
1070958,Leona,1990,F,103
1070959,Libby,1990,F,103
1070960,Nelly,1990,F,103
1070961,Reva,1990,F,103
1070962,Samira,1990,F,103
1070963,Yuri,1990,F,103
1070964,Allysa,1990,F,102
1070965,Brionna,1990,F,102
1070966,Chynna,1990,F,102
1070967,Jerika,1990,F,102
1070968,Karrie,1990,F,102
1070969,Keyona,1990,F,102
1070970,Kyndra,1990,F,102
1070971,Maci,1990,F,102
1070972,Mireya,1990,F,102
1070973,Rayna,1990,F,102
1070974,Violeta,1990,F,102
1070975,Ciarra,1990,F,101
1070976,Corissa,1990,F,101
1070977,Daria,1990,F,101
1070978,Kayleen,1990,F,101
1070979,Lianna,1990,F,101
1070980,Mercedez,1990,F,101
1070981,Quanisha,1990,F,101
1070982,Shani,1990,F,101
1070983,Yasmeen,1990,F,101
1070984,Anthony,1990,F,100
1070985,Astrid,1990,F,100
1070986,Deonna,1990,F,100
1070987,June,1990,F,100
1070988,Khadijah,1990,F,100
1070989,Michell,1990,F,100
1070990,Sammantha,1990,F,100
1070991,Savanah,1990,F,100
1070992,Talisa,1990,F,100
1070993,Vera,1990,F,100
1070994,Afton,1990,F,99
1070995,Ansley,1990,F,99
1070996,Anya,1990,F,99
1070997,Caprice,1990,F,99
1070998,Cristine,1990,F,99
1070999,Elicia,1990,F,99
1071000,Kindra,1990,F,99
1071001,Lynnette,1990,F,99
1071002,Marybeth,1990,F,99
1071003,Niesha,1990,F,99
1071004,Ronda,1990,F,99
1071005,Suzette,1990,F,99
1071006,Tequila,1990,F,99
1071007,Tonia,1990,F,99
1071008,Adriane,1990,F,98
1071009,Brigid,1990,F,98
1071010,Consuelo,1990,F,98
1071011,Jaclynn,1990,F,98
1071012,Jazzmin,1990,F,98
1071013,Lorin,1990,F,98
1071014,Shae,1990,F,98
1071015,Sharita,1990,F,98
1071016,Shaylee,1990,F,98
1071017,Tatum,1990,F,98
1071018,Tempest,1990,F,98
1071019,Vannessa,1990,F,98
1071020,Amaris,1990,F,97
1071021,Angelita,1990,F,97
1071022,Evelin,1990,F,97
1071023,Genna,1990,F,97
1071024,Latanya,1990,F,97
1071025,Montana,1990,F,97
1071026,Shoshana,1990,F,97
1071027,Wendi,1990,F,97
1071028,Annika,1990,F,96
1071029,Carey,1990,F,96
1071030,Iman,1990,F,96
1071031,Marielle,1990,F,96
1071032,Miracle,1990,F,96
1071033,Priya,1990,F,96
1071034,Quinn,1990,F,96
1071035,Shanel,1990,F,96
1071036,Tawni,1990,F,96
1071037,Ursula,1990,F,96
1071038,Arica,1990,F,95
1071039,Dani,1990,F,95
1071040,Jonna,1990,F,95
1071041,Kaelyn,1990,F,95
1071042,Keanna,1990,F,95
1071043,Lakia,1990,F,95
1071044,Nayeli,1990,F,95
1071045,Tressa,1990,F,95
1071046,Alexi,1990,F,94
1071047,Ebonie,1990,F,94
1071048,Estrella,1990,F,94
1071049,Juliann,1990,F,94
1071050,Kassondra,1990,F,94
1071051,Kirsty,1990,F,94
1071052,Latricia,1990,F,94
1071053,Nicola,1990,F,94
1071054,Siera,1990,F,94
1071055,Tayla,1990,F,94
1071056,Adela,1990,F,93
1071057,Daisha,1990,F,93
1071058,Elia,1990,F,93
1071059,Ivanna,1990,F,93
1071060,Jalesa,1990,F,93
1071061,Kaylene,1990,F,93
1071062,Keosha,1990,F,93
1071063,Lois,1990,F,93
1071064,Sequoia,1990,F,93
1071065,Sharlene,1990,F,93
1071066,Tegan,1990,F,93
1071067,Amira,1990,F,92
1071068,Antonette,1990,F,92
1071069,Blaire,1990,F,92
1071070,Britnie,1990,F,92
1071071,Carole,1990,F,92
1071072,Darcie,1990,F,92
1071073,Delores,1990,F,92
1071074,Jonathan,1990,F,92
1071075,Julisa,1990,F,92
1071076,Kasi,1990,F,92
1071077,Kassi,1990,F,92
1071078,Shanise,1990,F,92
1071079,Sky,1990,F,92
1071080,Thelma,1990,F,92
1071081,Tory,1990,F,92
1071082,Adele,1990,F,91
1071083,Chyna,1990,F,91
1071084,Danisha,1990,F,91
1071085,Elora,1990,F,91
1071086,Jeniffer,1990,F,91
1071087,Kailyn,1990,F,91
1071088,Krystyna,1990,F,91
1071089,Mirna,1990,F,91
1071090,Pa,1990,F,91
1071091,Shara,1990,F,91
1071092,Sharae,1990,F,91
1071093,Sherika,1990,F,91
1071094,Aria,1990,F,90
1071095,Aundrea,1990,F,90
1071096,Azucena,1990,F,90
1071097,Brittini,1990,F,90
1071098,Elle,1990,F,90
1071099,Farah,1990,F,90
1071100,Jenni,1990,F,90
1071101,Karley,1990,F,90
1071102,Kiesha,1990,F,90
1071103,Kirsti,1990,F,90
1071104,Minerva,1990,F,90
1071105,Mya,1990,F,90
1071106,Tatianna,1990,F,90
1071107,Jaymie,1990,F,89
1071108,Jordin,1990,F,89
1071109,Karmen,1990,F,89
1071110,Keona,1990,F,89
1071111,Lani,1990,F,89
1071112,Lizet,1990,F,89
1071113,Lupita,1990,F,89
1071114,Magaly,1990,F,89
1071115,Margie,1990,F,89
1071116,Nisha,1990,F,89
1071117,Raeann,1990,F,89
1071118,Rhianna,1990,F,89
1071119,Shardae,1990,F,89
1071120,Sydni,1990,F,89
1071121,Vickie,1990,F,89
1071122,Baylee,1990,F,88
1071123,Brittiany,1990,F,88
1071124,Caitlan,1990,F,88
1071125,Chassidy,1990,F,88
1071126,Imelda,1990,F,88
1071127,Isis,1990,F,88
1071128,Jacinda,1990,F,88
1071129,Jorden,1990,F,88
1071130,Kandis,1990,F,88
1071131,Kassidy,1990,F,88
1071132,Laney,1990,F,88
1071133,Lesly,1990,F,88
1071134,Porcha,1990,F,88
1071135,Reagan,1990,F,88
1071136,Samone,1990,F,88
1071137,Sommer,1990,F,88
1071138,Tami,1990,F,88
1071139,Chassity,1990,F,87
1071140,Crista,1990,F,87
1071141,Deandrea,1990,F,87
1071142,Ebonee,1990,F,87
1071143,Gisela,1990,F,87
1071144,Kaylen,1990,F,87
1071145,Kyleigh,1990,F,87
1071146,Kymberly,1990,F,87
1071147,Lawanda,1990,F,87
1071148,Maddison,1990,F,87
1071149,Margot,1990,F,87
1071150,Markeisha,1990,F,87
1071151,Rebeka,1990,F,87
1071152,Shantelle,1990,F,87
1071153,Sheridan,1990,F,87
1071154,Abbigail,1990,F,86
1071155,Aleesha,1990,F,86
1071156,Amina,1990,F,86
1071157,Breeana,1990,F,86
1071158,Candi,1990,F,86
1071159,Chelcie,1990,F,86
1071160,Inez,1990,F,86
1071161,Jacey,1990,F,86
1071162,Janeth,1990,F,86
1071163,Karah,1990,F,86
1071164,Kasha,1990,F,86
1071165,Keli,1990,F,86
1071166,Keyanna,1990,F,86
1071167,Taisha,1990,F,86
1071168,Acacia,1990,F,85
1071169,Brandon,1990,F,85
1071170,Cera,1990,F,85
1071171,Charlee,1990,F,85
1071172,Codie,1990,F,85
1071173,Dionna,1990,F,85
1071174,Drew,1990,F,85
1071175,Jeanie,1990,F,85
1071176,Jessa,1990,F,85
1071177,Jo,1990,F,85
1071178,Keira,1990,F,85
1071179,Kierstin,1990,F,85
1071180,Laporsha,1990,F,85
1071181,Phyllis,1990,F,85
1071182,Rebekka,1990,F,85
1071183,Taja,1990,F,85
1071184,Yesica,1990,F,85
1071185,Aaron,1990,F,84
1071186,Aerial,1990,F,84
1071187,Ainsley,1990,F,84
1071188,Catharine,1990,F,84
1071189,Chandler,1990,F,84
1071190,Channel,1990,F,84
1071191,Cristen,1990,F,84
1071192,Daniell,1990,F,84
1071193,Itzel,1990,F,84
1071194,Jalessa,1990,F,84
1071195,Jamee,1990,F,84
1071196,Jannet,1990,F,84
1071197,Joseph,1990,F,84
1071198,Kelsee,1990,F,84
1071199,Keyonna,1990,F,84
1071200,Leighann,1990,F,84
1071201,Marley,1990,F,84
1071202,May,1990,F,84
1071203,Raechel,1990,F,84
1071204,Tamar,1990,F,84
1071205,Annelise,1990,F,83
1071206,Bryn,1990,F,83
1071207,Celene,1990,F,83
1071208,Deanne,1990,F,83
1071209,Flora,1990,F,83
1071210,Jacy,1990,F,83
1071211,Jordana,1990,F,83
1071212,Kaylah,1990,F,83
1071213,Kera,1990,F,83
1071214,Kourtni,1990,F,83
1071215,Kyrie,1990,F,83
1071216,Lachelle,1990,F,83
1071217,Mechelle,1990,F,83
1071218,Mika,1990,F,83
1071219,Renita,1990,F,83
1071220,Sherita,1990,F,83
1071221,Zulema,1990,F,83
1071222,Analisa,1990,F,82
1071223,Charisse,1990,F,82
1071224,Elva,1990,F,82
1071225,Kacee,1990,F,82
1071226,Kenesha,1990,F,82
1071227,Kisha,1990,F,82
1071228,Nikia,1990,F,82
1071229,Rylee,1990,F,82
1071230,Shelia,1990,F,82
1071231,Tamera,1990,F,82
1071232,Tyisha,1990,F,82
1071233,Adina,1990,F,81
1071234,Carmela,1990,F,81
1071235,Dalila,1990,F,81
1071236,Desirea,1990,F,81
1071237,Jeannine,1990,F,81
1071238,John,1990,F,81
1071239,Kalynn,1990,F,81
1071240,Katia,1990,F,81
1071241,Kattie,1990,F,81
1071242,Lindsy,1990,F,81
1071243,Meagen,1990,F,81
1071244,Miya,1990,F,81
1071245,Rana,1990,F,81
1071246,Shandi,1990,F,81
1071247,Sydnie,1990,F,81
1071248,Alise,1990,F,80
1071249,Arika,1990,F,80
1071250,Carlene,1990,F,80
1071251,Chelsa,1990,F,80
1071252,Delicia,1990,F,80
1071253,Jenee,1990,F,80
1071254,Joi,1990,F,80
1071255,Kaneshia,1990,F,80
1071256,Korina,1990,F,80
1071257,La,1990,F,80
1071258,Larisa,1990,F,80
1071259,Lashae,1990,F,80
1071260,Latavia,1990,F,80
1071261,Milagros,1990,F,80
1071262,Shenika,1990,F,80
1071263,Torie,1990,F,80
1071264,Alexus,1990,F,79
1071265,Collette,1990,F,79
1071266,Delisa,1990,F,79
1071267,Ellyn,1990,F,79
1071268,Eric,1990,F,79
1071269,Katey,1990,F,79
1071270,Kodi,1990,F,79
1071271,Lynne,1990,F,79
1071272,Meg,1990,F,79
1071273,Melodie,1990,F,79
1071274,Melyssa,1990,F,79
1071275,Nereida,1990,F,79
1071276,Rosalind,1990,F,79
1071277,Roseanna,1990,F,79
1071278,Shaunna,1990,F,79
1071279,Brett,1990,F,78
1071280,Cassi,1990,F,78
1071281,Holley,1990,F,78
1071282,Jessalyn,1990,F,78
1071283,Kamilah,1990,F,78
1071284,Keaira,1990,F,78
1071285,Keyla,1990,F,78
1071286,Laila,1990,F,78
1071287,Lashawna,1990,F,78
1071288,Lissa,1990,F,78
1071289,Mabel,1990,F,78
1071290,Malka,1990,F,78
1071291,Marika,1990,F,78
1071292,Randa,1990,F,78
1071293,Rosalia,1990,F,78
1071294,Starla,1990,F,78
1071295,Stevi,1990,F,78
1071296,Vanity,1990,F,78
1071297,Alisia,1990,F,77
1071298,Briann,1990,F,77
1071299,Caitlynn,1990,F,77
1071300,Dylan,1990,F,77
1071301,Eloisa,1990,F,77
1071302,Isela,1990,F,77
1071303,Jovanna,1990,F,77
1071304,Karie,1990,F,77
1071305,Kayci,1990,F,77
1071306,Leana,1990,F,77
1071307,Maia,1990,F,77
1071308,Maryam,1990,F,77
1071309,Melany,1990,F,77
1071310,Shanea,1990,F,77
1071311,Torrie,1990,F,77
1071312,Yahaira,1990,F,77
1071313,Agnes,1990,F,76
1071314,Amethyst,1990,F,76
1071315,Bianka,1990,F,76
1071316,Cassy,1990,F,76
1071317,Chasidy,1990,F,76
1071318,Kaytlyn,1990,F,76
1071319,Kerstin,1990,F,76
1071320,Lela,1990,F,76
1071321,Letitia,1990,F,76
1071322,Lexie,1990,F,76
1071323,Natalee,1990,F,76
1071324,Petra,1990,F,76
1071325,Star,1990,F,76
1071326,Steffany,1990,F,76
1071327,Tawana,1990,F,76
1071328,Winter,1990,F,76
1071329,Xochitl,1990,F,76
1071330,Yecenia,1990,F,76
1071331,Zaira,1990,F,76
1071332,Angelea,1990,F,75
1071333,Aurelia,1990,F,75
1071334,Denae,1990,F,75
1071335,Elysia,1990,F,75
1071336,Faviola,1990,F,75
1071337,Jameka,1990,F,75
1071338,Jayna,1990,F,75
1071339,Maren,1990,F,75
1071340,Shala,1990,F,75
1071341,Sherrell,1990,F,75
1071342,Stormi,1990,F,75
1071343,Sue,1990,F,75
1071344,Tynisha,1990,F,75
1071345,America,1990,F,74
1071346,Anamaria,1990,F,74
1071347,Bonita,1990,F,74
1071348,Charla,1990,F,74
1071349,Dayana,1990,F,74
1071350,Faye,1990,F,74
1071351,Jacquline,1990,F,74
1071352,Laurin,1990,F,74
1071353,Sarita,1990,F,74
1071354,Sharla,1990,F,74
1071355,Shavonne,1990,F,74
1071356,Annabelle,1990,F,73
1071357,Bessie,1990,F,73
1071358,Blythe,1990,F,73
1071359,Brynne,1990,F,73
1071360,Camila,1990,F,73
1071361,Casondra,1990,F,73
1071362,Celena,1990,F,73
1071363,Daryl,1990,F,73
1071364,Elida,1990,F,73
1071365,Evette,1990,F,73
1071366,Haylie,1990,F,73
1071367,Khadija,1990,F,73
1071368,Lexi,1990,F,73
1071369,Lisbeth,1990,F,73
1071370,Loni,1990,F,73
1071371,Sabra,1990,F,73
1071372,Sana,1990,F,73
1071373,Teara,1990,F,73
1071374,Yuliana,1990,F,73
1071375,Addison,1990,F,72
1071376,Andreana,1990,F,72
1071377,Apryl,1990,F,72
1071378,Breona,1990,F,72
1071379,Brittanee,1990,F,72
1071380,Carmella,1990,F,72
1071381,Dania,1990,F,72
1071382,Doreen,1990,F,72
1071383,Estefany,1990,F,72
1071384,Kandi,1990,F,72
1071385,Kaylea,1990,F,72
1071386,Ryanne,1990,F,72
1071387,Tanna,1990,F,72
1071388,Tashina,1990,F,72
1071389,Tiffaney,1990,F,72
1071390,Alea,1990,F,71
1071391,Alli,1990,F,71
1071392,Cailin,1990,F,71
1071393,Caley,1990,F,71
1071394,Dionne,1990,F,71
1071395,Evangelina,1990,F,71
1071396,Ieshia,1990,F,71
1071397,Jaymee,1990,F,71
1071398,Kevin,1990,F,71
1071399,Lilliana,1990,F,71
1071400,Risa,1990,F,71
1071401,Rosio,1990,F,71
1071402,Sabina,1990,F,71
1071403,Shane,1990,F,71
1071404,Alysse,1990,F,70
1071405,Becca,1990,F,70
1071406,Bionca,1990,F,70
1071407,Cherrelle,1990,F,70
1071408,Clarice,1990,F,70
1071409,Desarae,1990,F,70
1071410,Gia,1990,F,70
1071411,Ginny,1990,F,70
1071412,Jolie,1990,F,70
1071413,Kortni,1990,F,70
1071414,Lashawnda,1990,F,70
1071415,Leslee,1990,F,70
1071416,Lola,1990,F,70
1071417,Lucretia,1990,F,70
1071418,Marlana,1990,F,70
1071419,Nicholas,1990,F,70
1071420,Raisa,1990,F,70
1071421,Shantal,1990,F,70
1071422,Shaunte,1990,F,70
1071423,Shaylyn,1990,F,70
1071424,Takia,1990,F,70
1071425,Tempestt,1990,F,70
1071426,Ariell,1990,F,69
1071427,Babygirl,1990,F,69
1071428,Corin,1990,F,69
1071429,Emmalee,1990,F,69
1071430,Gladis,1990,F,69
1071431,Julian,1990,F,69
1071432,Kasondra,1990,F,69
1071433,Lanie,1990,F,69
1071434,Leia,1990,F,69
1071435,Michal,1990,F,69
1071436,Quiana,1990,F,69
1071437,Shakera,1990,F,69
1071438,Shiloh,1990,F,69
1071439,Steven,1990,F,69
1071440,Tashia,1990,F,69
1071441,Adria,1990,F,68
1071442,Aryn,1990,F,68
1071443,Carson,1990,F,68
1071444,Christianna,1990,F,68
1071445,Dacia,1990,F,68
1071446,Darby,1990,F,68
1071447,Echo,1990,F,68
1071448,Emely,1990,F,68
1071449,Geena,1990,F,68
1071450,Jerri,1990,F,68
1071451,Lane,1990,F,68
1071452,Layne,1990,F,68
1071453,Lorna,1990,F,68
1071454,Marquetta,1990,F,68
1071455,Neha,1990,F,68
1071456,Shakita,1990,F,68
1071457,Shawanda,1990,F,68
1071458,Terrica,1990,F,68
1071459,Xenia,1990,F,68
1071460,Aspen,1990,F,67
1071461,Autum,1990,F,67
1071462,Estefani,1990,F,67
1071463,Fanny,1990,F,67
1071464,Fawn,1990,F,67
1071465,Halee,1990,F,67
1071466,Kamesha,1990,F,67
1071467,Karena,1990,F,67
1071468,Markia,1990,F,67
1071469,Mirian,1990,F,67
1071470,Myia,1990,F,67
1071471,Rachell,1990,F,67
1071472,Rina,1990,F,67
1071473,Sable,1990,F,67
1071474,Serenity,1990,F,67
1071475,Shantae,1990,F,67
1071476,Shonda,1990,F,67
1071477,Shyanne,1990,F,67
1071478,Sloane,1990,F,67
1071479,Tesia,1990,F,67
1071480,Abril,1990,F,66
1071481,Alaura,1990,F,66
1071482,Andreina,1990,F,66
1071483,Brie,1990,F,66
1071484,Cassey,1990,F,66
1071485,Debora,1990,F,66
1071486,Ester,1990,F,66
1071487,Georgette,1990,F,66
1071488,Janai,1990,F,66
1071489,Jannette,1990,F,66
1071490,Jennica,1990,F,66
1071491,Jesika,1990,F,66
1071492,Jesseca,1990,F,66
1071493,Jordann,1990,F,66
1071494,Katrice,1990,F,66
1071495,Laquanda,1990,F,66
1071496,Marquisha,1990,F,66
1071497,Mckayla,1990,F,66
1071498,Mikala,1990,F,66
1071499,Shakara,1990,F,66
1071500,Shamara,1990,F,66
1071501,Shaquanna,1990,F,66
1071502,Akilah,1990,F,65
1071503,Channing,1990,F,65
1071504,Charli,1990,F,65
1071505,Devorah,1990,F,65
1071506,Felicity,1990,F,65
1071507,Ikea,1990,F,65
1071508,Janea,1990,F,65
1071509,Ka,1990,F,65
1071510,Liz,1990,F,65
1071511,Madelaine,1990,F,65
1071512,Marlyn,1990,F,65
1071513,Natalya,1990,F,65
1071514,Roseanne,1990,F,65
1071515,Shalisa,1990,F,65
1071516,Sirena,1990,F,65
1071517,Winnie,1990,F,65
1071518,Zara,1990,F,65
1071519,Areli,1990,F,64
1071520,Fernanda,1990,F,64
1071521,Francheska,1990,F,64
1071522,Gabriele,1990,F,64
1071523,Heidy,1990,F,64
1071524,Jamia,1990,F,64
1071525,Jenise,1990,F,64
1071526,Kaeli,1990,F,64
1071527,Kameron,1990,F,64
1071528,Melonie,1990,F,64
1071529,Nallely,1990,F,64
1071530,Steffani,1990,F,64
1071531,Tamesha,1990,F,64
1071532,Tyeisha,1990,F,64
1071533,Allissa,1990,F,63
1071534,Alyce,1990,F,63
1071535,Corine,1990,F,63
1071536,Corrin,1990,F,63
1071537,Courtni,1990,F,63
1071538,Destinie,1990,F,63
1071539,Halley,1990,F,63
1071540,Jammie,1990,F,63
1071541,Kellee,1990,F,63
1071542,Laquinta,1990,F,63
1071543,Lyndsie,1990,F,63
1071544,Mina,1990,F,63
1071545,Miriah,1990,F,63
1071546,Piper,1990,F,63
1071547,Rashonda,1990,F,63
1071548,Sandi,1990,F,63
1071549,Sharell,1990,F,63
1071550,Zakiya,1990,F,63
1071551,Zena,1990,F,63
1071552,Ally,1990,F,62
1071553,Amberlee,1990,F,62
1071554,Benita,1990,F,62
1071555,Breeann,1990,F,62
1071556,Chiara,1990,F,62
1071557,Danyell,1990,F,62
1071558,Dorian,1990,F,62
1071559,Gemma,1990,F,62
1071560,Gisselle,1990,F,62
1071561,Jackelyn,1990,F,62
1071562,Jessyca,1990,F,62
1071563,Karri,1990,F,62
1071564,Keondra,1990,F,62
1071565,Keren,1990,F,62
1071566,Laticia,1990,F,62
1071567,Malory,1990,F,62
1071568,Marisha,1990,F,62
1071569,Maryanne,1990,F,62
1071570,Melony,1990,F,62
1071571,Moira,1990,F,62
1071572,Myrna,1990,F,62
1071573,Peyton,1990,F,62
1071574,Randee,1990,F,62
1071575,Sahar,1990,F,62
1071576,Shannan,1990,F,62
1071577,Tristen,1990,F,62
1071578,Vianca,1990,F,62
1071579,Yanet,1990,F,62
1071580,Ambar,1990,F,61
1071581,Anahi,1990,F,61
1071582,Azaria,1990,F,61
1071583,Caren,1990,F,61
1071584,Charisma,1990,F,61
1071585,Cortnie,1990,F,61
1071586,Dennise,1990,F,61
1071587,Deven,1990,F,61
1071588,Julieann,1990,F,61
1071589,Julieta,1990,F,61
1071590,Kamille,1990,F,61
1071591,Keandra,1990,F,61
1071592,Kyrstin,1990,F,61
1071593,Lakiesha,1990,F,61
1071594,Lanae,1990,F,61
1071595,Lianne,1990,F,61
1071596,Saundra,1990,F,61
1071597,Shandra,1990,F,61
1071598,Shanon,1990,F,61
1071599,Sharika,1990,F,61
1071600,Shawnna,1990,F,61
1071601,Taneshia,1990,F,61
1071602,Tarra,1990,F,61
1071603,William,1990,F,61
1071604,Andi,1990,F,60
1071605,Anneliese,1990,F,60
1071606,Deann,1990,F,60
1071607,Desiray,1990,F,60
1071608,Ember,1990,F,60
1071609,Jacqulyn,1990,F,60
1071610,Jalisha,1990,F,60
1071611,Juan,1990,F,60
1071612,Kamisha,1990,F,60
1071613,Karis,1990,F,60
1071614,Kristiana,1990,F,60
1071615,Krystine,1990,F,60
1071616,Lainey,1990,F,60
1071617,Meisha,1990,F,60
1071618,Myriah,1990,F,60
1071619,Nickole,1990,F,60
1071620,Nidia,1990,F,60
1071621,Sapphire,1990,F,60
1071622,Shaquanda,1990,F,60
1071623,Tammie,1990,F,60
1071624,Teanna,1990,F,60
1071625,Timothy,1990,F,60
1071626,Anitra,1990,F,59
1071627,Arely,1990,F,59
1071628,Ashten,1990,F,59
1071629,Aysha,1990,F,59
1071630,Caressa,1990,F,59
1071631,Carleigh,1990,F,59
1071632,Deisy,1990,F,59
1071633,Devona,1990,F,59
1071634,Haydee,1990,F,59
1071635,Ilene,1990,F,59
1071636,Jacob,1990,F,59
1071637,Jesus,1990,F,59
1071638,Jovana,1990,F,59
1071639,Lenora,1990,F,59
1071640,Liberty,1990,F,59
1071641,Mae,1990,F,59
1071642,Maeghan,1990,F,59
1071643,Nydia,1990,F,59
1071644,Nyesha,1990,F,59
1071645,Penelope,1990,F,59
1071646,Presley,1990,F,59
1071647,Ricki,1990,F,59
1071648,Shantia,1990,F,59
1071649,Sindy,1990,F,59
1071650,Treasure,1990,F,59
1071651,Wilma,1990,F,59
1071652,Ahsley,1990,F,58
1071653,Angelena,1990,F,58
1071654,Carisa,1990,F,58
1071655,Carolann,1990,F,58
1071656,Catlin,1990,F,58
1071657,Chelse,1990,F,58
1071658,Cristian,1990,F,58
1071659,Danyel,1990,F,58
1071660,Deondra,1990,F,58
1071661,Dezarae,1990,F,58
1071662,Estephanie,1990,F,58
1071663,Giana,1990,F,58
1071664,Hattie,1990,F,58
1071665,Janey,1990,F,58
1071666,Kahla,1990,F,58
1071667,Kalisha,1990,F,58
1071668,Kelcy,1990,F,58
1071669,Kyrsten,1990,F,58
1071670,Latrisha,1990,F,58
1071671,Margaux,1990,F,58
1071672,Meridith,1990,F,58
1071673,Michela,1990,F,58
1071674,Nicholle,1990,F,58
1071675,Ronni,1990,F,58
1071676,Rosetta,1990,F,58
1071677,Sallie,1990,F,58
1071678,Sharayah,1990,F,58
1071679,Shena,1990,F,58
1071680,Stephine,1990,F,58
1071681,Tamisha,1990,F,58
1071682,Tashara,1990,F,58
1071683,Teaira,1990,F,58
1071684,Tenesha,1990,F,58
1071685,Anali,1990,F,57
1071686,Andra,1990,F,57
1071687,Andriana,1990,F,57
1071688,Brianca,1990,F,57
1071689,Brittiny,1990,F,57
1071690,Denice,1990,F,57
1071691,Estella,1990,F,57
1071692,Jamika,1990,F,57
1071693,Janiece,1990,F,57
1071694,Jessy,1990,F,57
1071695,Keturah,1990,F,57
1071696,Mimi,1990,F,57
1071697,Mitzi,1990,F,57
1071698,Nicki,1990,F,57
1071699,Patty,1990,F,57
1071700,Priscila,1990,F,57
1071701,Rheanna,1990,F,57
1071702,Rianna,1990,F,57
1071703,Ronisha,1990,F,57
1071704,Saira,1990,F,57
1071705,Sharron,1990,F,57
1071706,Shivani,1990,F,57
1071707,Teal,1990,F,57
1071708,Zachary,1990,F,57
1071709,Ambrosia,1990,F,56
1071710,Ashtyn,1990,F,56
1071711,Candra,1990,F,56
1071712,Charley,1990,F,56
1071713,Christan,1990,F,56
1071714,Davida,1990,F,56
1071715,Della,1990,F,56
1071716,Fantasia,1990,F,56
1071717,Felica,1990,F,56
1071718,Janina,1990,F,56
1071719,Jenica,1990,F,56
1071720,Joycelyn,1990,F,56
1071721,Karolyn,1990,F,56
1071722,Kaycie,1990,F,56
1071723,Kaysie,1990,F,56
1071724,Keesha,1990,F,56
1071725,Korie,1990,F,56
1071726,Lakita,1990,F,56
1071727,Lanisha,1990,F,56
1071728,Loreal,1990,F,56
1071729,Monae,1990,F,56
1071730,Nanci,1990,F,56
1071731,Pooja,1990,F,56
1071732,Sarena,1990,F,56
1071733,Shellie,1990,F,56
1071734,Socorro,1990,F,56
1071735,Susanne,1990,F,56
1071736,Tawnya,1990,F,56
1071737,Tynesha,1990,F,56
1071738,Viola,1990,F,56
1071739,Yael,1990,F,56
1071740,Adeline,1990,F,55
1071741,Althea,1990,F,55
1071742,Anel,1990,F,55
1071743,Annamaria,1990,F,55
1071744,Briona,1990,F,55
1071745,Candyce,1990,F,55
1071746,Carlyn,1990,F,55
1071747,Ceara,1990,F,55
1071748,Charnelle,1990,F,55
1071749,Chrissy,1990,F,55
1071750,Cree,1990,F,55
1071751,Dusty,1990,F,55
1071752,Fannie,1990,F,55
1071753,Gwen,1990,F,55
1071754,Katherin,1990,F,55
1071755,Lakin,1990,F,55
1071756,Lizzette,1990,F,55
1071757,Makeda,1990,F,55
1071758,Mindi,1990,F,55
1071759,Nichol,1990,F,55
1071760,Polly,1990,F,55
1071761,Porche,1990,F,55
1071762,Roslyn,1990,F,55
1071763,Sacha,1990,F,55
1071764,Shannel,1990,F,55
1071765,Sharmaine,1990,F,55
1071766,Soledad,1990,F,55
1071767,Terah,1990,F,55
1071768,Torri,1990,F,55
1071769,Abbi,1990,F,54
1071770,Angelle,1990,F,54
1071771,Capri,1990,F,54
1071772,Caylee,1990,F,54
1071773,Chelsae,1990,F,54
1071774,Cinthya,1990,F,54
1071775,Darnisha,1990,F,54
1071776,Dedra,1990,F,54
1071777,Donisha,1990,F,54
1071778,Evangeline,1990,F,54
1071779,Ines,1990,F,54
1071780,Kiona,1990,F,54
1071781,Larhonda,1990,F,54
1071782,Leonor,1990,F,54
1071783,Lizabeth,1990,F,54
1071784,Marrissa,1990,F,54
1071785,Nakeisha,1990,F,54
1071786,Noor,1990,F,54
1071787,Passion,1990,F,54
1071788,Richard,1990,F,54
1071789,Sarahi,1990,F,54
1071790,Sharde,1990,F,54
1071791,Shauni,1990,F,54
1071792,Shawnta,1990,F,54
1071793,Soraya,1990,F,54
1071794,Vannesa,1990,F,54
1071795,Verenice,1990,F,54
1071796,Aarika,1990,F,53
1071797,Amani,1990,F,53
1071798,Anakaren,1990,F,53
1071799,Audreanna,1990,F,53
1071800,Bailie,1990,F,53
1071801,Candance,1990,F,53
1071802,Cherry,1990,F,53
1071803,Deyanira,1990,F,53
1071804,Donielle,1990,F,53
1071805,Emelia,1990,F,53
1071806,Jaci,1990,F,53
1071807,Jayde,1990,F,53
1071808,Jenniffer,1990,F,53
1071809,Johnnie,1990,F,53
1071810,Kathlyn,1990,F,53
1071811,Kyara,1990,F,53
1071812,Latara,1990,F,53
1071813,Lateisha,1990,F,53
1071814,Lauran,1990,F,53
1071815,Lita,1990,F,53
1071816,Maegen,1990,F,53
1071817,Mahogany,1990,F,53
1071818,Marilu,1990,F,53
1071819,Mercy,1990,F,53
1071820,Myeisha,1990,F,53
1071821,Roxann,1990,F,53
1071822,Tanaya,1990,F,53
1071823,Taneka,1990,F,53
1071824,Tyeshia,1990,F,53
1071825,Zina,1990,F,53
1071826,Adelina,1990,F,52
1071827,Alexsandra,1990,F,52
1071828,Alexzandra,1990,F,52
1071829,Ambria,1990,F,52
1071830,Celine,1990,F,52
1071831,Chanice,1990,F,52
1071832,Coleen,1990,F,52
1071833,Cortni,1990,F,52
1071834,Helene,1990,F,52
1071835,Josalyn,1990,F,52
1071836,Josette,1990,F,52
1071837,Kaysha,1990,F,52
1071838,Kyli,1990,F,52
1071839,Letisha,1990,F,52
1071840,Lisamarie,1990,F,52
1071841,Myisha,1990,F,52
1071842,Natisha,1990,F,52
1071843,Porshia,1990,F,52
1071844,Reilly,1990,F,52
1071845,Rosalba,1990,F,52
1071846,Roseann,1990,F,52
1071847,Scarlet,1990,F,52
1071848,Sean,1990,F,52
1071849,Sharda,1990,F,52
1071850,Siedah,1990,F,52
1071851,Takara,1990,F,52
1071852,Torey,1990,F,52
1071853,Windy,1990,F,52
1071854,Yuridia,1990,F,52
1071855,Abagail,1990,F,51
1071856,Anisa,1990,F,51
1071857,Annastasia,1990,F,51
1071858,Brian,1990,F,51
1071859,Carolynn,1990,F,51
1071860,Casi,1990,F,51
1071861,Catelyn,1990,F,51
1071862,Deserae,1990,F,51
1071863,Dinah,1990,F,51
1071864,Falon,1990,F,51
1071865,Hadley,1990,F,51
1071866,Jensen,1990,F,51
1071867,Kai,1990,F,51
1071868,Kalia,1990,F,51
1071869,Kellyann,1990,F,51
1071870,Krystyn,1990,F,51
1071871,Laquesha,1990,F,51
1071872,Liane,1990,F,51
1071873,Lindsie,1990,F,51
1071874,Lyndsi,1990,F,51
1071875,Marin,1990,F,51
1071876,Nathaly,1990,F,51
1071877,Nika,1990,F,51
1071878,Paisley,1990,F,51
1071879,Rachal,1990,F,51
1071880,Ravin,1990,F,51
1071881,Raychel,1990,F,51
1071882,Shamira,1990,F,51
1071883,Sheniqua,1990,F,51
1071884,Takeisha,1990,F,51
1071885,Tawnee,1990,F,51
1071886,Thao,1990,F,51
1071887,Tiffini,1990,F,51
1071888,Aminah,1990,F,50
1071889,Amirah,1990,F,50
1071890,Ashliegh,1990,F,50
1071891,Britanny,1990,F,50
1071892,Charis,1990,F,50
1071893,Dasha,1990,F,50
1071894,Erikka,1990,F,50
1071895,Fatimah,1990,F,50
1071896,Gricelda,1990,F,50
1071897,Ilse,1990,F,50
1071898,Jacinta,1990,F,50
1071899,Janaya,1990,F,50
1071900,Janett,1990,F,50
1071901,Jasmaine,1990,F,50
1071902,Jayla,1990,F,50
1071903,Kandyce,1990,F,50
1071904,Linette,1990,F,50
1071905,Manuela,1990,F,50
1071906,Mesha,1990,F,50
1071907,Molli,1990,F,50
1071908,Raeanne,1990,F,50
1071909,Sari,1990,F,50
1071910,Shakari,1990,F,50
1071911,Synthia,1990,F,50
1071912,Tasheena,1990,F,50
1071913,Taylar,1990,F,50
1071914,Toya,1990,F,50
1071915,Vania,1990,F,50
1071916,Caleigh,1990,F,49
1071917,Cathrine,1990,F,49
1071918,Clair,1990,F,49
1071919,Clarisa,1990,F,49
1071920,Geri,1990,F,49
1071921,Jazmen,1990,F,49
1071922,Jolisa,1990,F,49
1071923,Julieanne,1990,F,49
1071924,Kc,1990,F,49
1071925,Keiara,1990,F,49
1071926,Keirra,1990,F,49
1071927,Latashia,1990,F,49
1071928,Lesli,1990,F,49
1071929,Maryssa,1990,F,49
1071930,Meryl,1990,F,49
1071931,Mira,1990,F,49
1071932,Morganne,1990,F,49
1071933,Nneka,1990,F,49
1071934,Noelia,1990,F,49
1071935,Roxie,1990,F,49
1071936,Shalyn,1990,F,49
1071937,Shatoya,1990,F,49
1071938,Shavonda,1990,F,49
1071939,Shonna,1990,F,49
1071940,Tawanna,1990,F,49
1071941,Zuleyma,1990,F,49
1071942,Abigayle,1990,F,48
1071943,Allana,1990,F,48
1071944,Asya,1990,F,48
1071945,Brittainy,1990,F,48
1071946,Claribel,1990,F,48
1071947,Janaye,1990,F,48
1071948,Jolynn,1990,F,48
1071949,Jonelle,1990,F,48
1071950,Kaileigh,1990,F,48
1071951,Khristina,1990,F,48
1071952,Kierstyn,1990,F,48
1071953,Laquana,1990,F,48
1071954,Lorie,1990,F,48
1071955,Luis,1990,F,48
1071956,Marykate,1990,F,48
1071957,Melaine,1990,F,48
1071958,Mirella,1990,F,48
1071959,Odessa,1990,F,48
1071960,Rhoda,1990,F,48
1071961,Rolanda,1990,F,48
1071962,Ronesha,1990,F,48
1071963,Roni,1990,F,48
1071964,Rosana,1990,F,48
1071965,Sahara,1990,F,48
1071966,Savana,1990,F,48
1071967,Shadae,1990,F,48
1071968,Sherice,1990,F,48
1071969,Taniqua,1990,F,48
1071970,Teagan,1990,F,48
1071971,Tiffiny,1990,F,48
1071972,Tyla,1990,F,48
1071973,Vilma,1990,F,48
1071974,Yaritza,1990,F,48
1071975,Akira,1990,F,47
1071976,Aline,1990,F,47
1071977,Alyxandra,1990,F,47
1071978,Ariele,1990,F,47
1071979,Augusta,1990,F,47
1071980,Brisa,1990,F,47
1071981,Cambria,1990,F,47
1071982,Cary,1990,F,47
1071983,Cheree,1990,F,47
1071984,Contessa,1990,F,47
1071985,Delanie,1990,F,47
1071986,Dominica,1990,F,47
1071987,Gayle,1990,F,47
1071988,Jacklynn,1990,F,47
1071989,Jamisha,1990,F,47
1071990,Jenell,1990,F,47
1071991,Kalin,1990,F,47
1071992,Keana,1990,F,47
1071993,Kellye,1990,F,47
1071994,Kimberlie,1990,F,47
1071995,Lakenya,1990,F,47
1071996,Lashunda,1990,F,47
1071997,Latonia,1990,F,47
1071998,Leisha,1990,F,47
1071999,Lizett,1990,F,47
1072000,Lorrie,1990,F,47
1072001,Lupe,1990,F,47
1072002,Maeve,1990,F,47
1072003,Magda,1990,F,47
1072004,Maile,1990,F,47
1072005,Marysol,1990,F,47
1072006,Millicent,1990,F,47
1072007,Morgen,1990,F,47
1072008,Nechama,1990,F,47
1072009,Ofelia,1990,F,47
1072010,Quanesha,1990,F,47
1072011,Raelynn,1990,F,47
1072012,Rebekkah,1990,F,47
1072013,Sanjuanita,1990,F,47
1072014,Sharhonda,1990,F,47
1072015,Sienna,1990,F,47
1072016,Sparkle,1990,F,47
1072017,Teresita,1990,F,47
1072018,Teryn,1990,F,47
1072019,Zahra,1990,F,47
1072020,Zainab,1990,F,47
1072021,Zenobia,1990,F,47
1072022,Aeriel,1990,F,46
1072023,Amal,1990,F,46
1072024,Angelic,1990,F,46
1072025,Annalee,1990,F,46
1072026,Bao,1990,F,46
1072027,Brogan,1990,F,46
1072028,Concepcion,1990,F,46
1072029,Ethel,1990,F,46
1072030,Holland,1990,F,46
1072031,Jan,1990,F,46
1072032,Janis,1990,F,46
1072033,Janise,1990,F,46
1072034,Joleen,1990,F,46
1072035,Kalina,1990,F,46
1072036,Keonna,1990,F,46
1072037,Kortnee,1990,F,46
1072038,Kristel,1990,F,46
1072039,Lacresha,1990,F,46
1072040,Laine,1990,F,46
1072041,Lynsie,1990,F,46
1072042,Mallori,1990,F,46
1072043,Mikki,1990,F,46
1072044,Nyssa,1990,F,46
1072045,Samaria,1990,F,46
1072046,Shayne,1990,F,46
1072047,Tahnee,1990,F,46
1072048,Taira,1990,F,46
1072049,Wesley,1990,F,46
1072050,Aliyah,1990,F,45
1072051,Allisha,1990,F,45
1072052,Allyse,1990,F,45
1072053,Arial,1990,F,45
1072054,Briauna,1990,F,45
1072055,Carlin,1990,F,45
1072056,Charmayne,1990,F,45
1072057,Chava,1990,F,45
1072058,Coty,1990,F,45
1072059,Cyndi,1990,F,45
1072060,Dandrea,1990,F,45
1072061,Daysha,1990,F,45
1072062,Hollis,1990,F,45
1072063,Idalia,1990,F,45
1072064,Jamey,1990,F,45
1072065,Jamilah,1990,F,45
1072066,Jaymi,1990,F,45
1072067,Jelissa,1990,F,45
1072068,Jerrika,1990,F,45
1072069,Jesslyn,1990,F,45
1072070,Johannah,1990,F,45
1072071,Josey,1990,F,45
1072072,Kandra,1990,F,45
1072073,Karima,1990,F,45
1072074,Katilyn,1990,F,45
1072075,Malisa,1990,F,45
1072076,Mandie,1990,F,45
1072077,Markisha,1990,F,45
1072078,Maryellen,1990,F,45
1072079,Nikkole,1990,F,45
1072080,Ranisha,1990,F,45
1072081,Rebeccah,1990,F,45
1072082,Reem,1990,F,45
1072083,Robbie,1990,F,45
1072084,Shanaya,1990,F,45
1072085,Sloan,1990,F,45
1072086,Spring,1990,F,45
1072087,Stephannie,1990,F,45
1072088,Taelor,1990,F,45
1072089,Tristin,1990,F,45
1072090,Veronika,1990,F,45
1072091,Abigale,1990,F,44
1072092,Adara,1990,F,44
1072093,Aislinn,1990,F,44
1072094,Aleena,1990,F,44
1072095,Amiee,1990,F,44
1072096,Analicia,1990,F,44
1072097,Analy,1990,F,44
1072098,Anja,1990,F,44
1072099,Brienna,1990,F,44
1072100,Cailyn,1990,F,44
1072101,Carlos,1990,F,44
1072102,Christiane,1990,F,44
1072103,Danesha,1990,F,44
1072104,Danette,1990,F,44
1072105,Danita,1990,F,44
1072106,Delisha,1990,F,44
1072107,Demetra,1990,F,44
1072108,Desaray,1990,F,44
1072109,Elba,1990,F,44
1072110,Gabriell,1990,F,44
1072111,Jacquelyne,1990,F,44
1072112,Jamaica,1990,F,44
1072113,Janeen,1990,F,44
1072114,Janisha,1990,F,44
1072115,Jaquelyn,1990,F,44
1072116,Joanie,1990,F,44
1072117,Joey,1990,F,44
1072118,Joscelyn,1990,F,44
1072119,Kalah,1990,F,44
1072120,Kaleena,1990,F,44
1072121,Kiaya,1990,F,44
1072122,Kiya,1990,F,44
1072123,Klarissa,1990,F,44
1072124,Korey,1990,F,44
1072125,Lasha,1990,F,44
1072126,Latifa,1990,F,44
1072127,Leeanne,1990,F,44
1072128,Linzy,1990,F,44
1072129,Millie,1990,F,44
1072130,Niccole,1990,F,44
1072131,Pebbles,1990,F,44
1072132,Rashell,1990,F,44
1072133,Raveen,1990,F,44
1072134,Renata,1990,F,44
1072135,Ronnie,1990,F,44
1072136,Rosalina,1990,F,44
1072137,Sharice,1990,F,44
1072138,Shaye,1990,F,44
1072139,Stacee,1990,F,44
1072140,Stasha,1990,F,44
1072141,Suzannah,1990,F,44
1072142,Talitha,1990,F,44
1072143,Talya,1990,F,44
1072144,Taren,1990,F,44
1072145,Thomas,1990,F,44
1072146,Tysha,1990,F,44
1072147,Arin,1990,F,43
1072148,Barbie,1990,F,43
1072149,Bethaney,1990,F,43
1072150,Bethann,1990,F,43
1072151,Brieana,1990,F,43
1072152,Briseida,1990,F,43
1072153,Cecile,1990,F,43
1072154,Courteney,1990,F,43
1072155,Danyale,1990,F,43
1072156,Deangela,1990,F,43
1072157,Deseree,1990,F,43
1072158,Dorothea,1990,F,43
1072159,Jaquetta,1990,F,43
1072160,Jeanetta,1990,F,43
1072161,Jeni,1990,F,43
1072162,Jennah,1990,F,43
1072163,Jeremy,1990,F,43
1072164,Jocelynn,1990,F,43
1072165,Joya,1990,F,43
1072166,Kally,1990,F,43
1072167,Kylene,1990,F,43
1072168,Lashaunda,1990,F,43
1072169,Lesa,1990,F,43
1072170,Lyssa,1990,F,43
1072171,Mark,1990,F,43
1072172,Markesha,1990,F,43
1072173,Mistie,1990,F,43
1072174,Nakisha,1990,F,43
1072175,Nickie,1990,F,43
1072176,Nisa,1990,F,43
1072177,Noreen,1990,F,43
1072178,Remy,1990,F,43
1072179,Renea,1990,F,43
1072180,Rochel,1990,F,43
1072181,Shalee,1990,F,43
1072182,Shanteria,1990,F,43
1072183,Shawnda,1990,F,43
1072184,Shaylene,1990,F,43
1072185,Shonta,1990,F,43
1072186,Tatyana,1990,F,43
1072187,Yer,1990,F,43
1072188,Zandra,1990,F,43
1072189,Adelyn,1990,F,42
1072190,Alanah,1990,F,42
1072191,Alberta,1990,F,42
1072192,Ani,1990,F,42
1072193,Audrea,1990,F,42
1072194,Brienne,1990,F,42
1072195,Calie,1990,F,42
1072196,Catie,1990,F,42
1072197,Charlesiye,1990,F,42
1072198,Danya,1990,F,42
1072199,Darian,1990,F,42
1072200,Daysi,1990,F,42
1072201,Deasia,1990,F,42
1072202,Denesha,1990,F,42
1072203,Destany,1990,F,42
1072204,Dezirae,1990,F,42
1072205,Deziree,1990,F,42
1072206,Diedra,1990,F,42
1072207,Diona,1990,F,42
1072208,Diondra,1990,F,42
1072209,Elda,1990,F,42
1072210,Hayden,1990,F,42
1072211,Isha,1990,F,42
1072212,Jacie,1990,F,42
1072213,Jameshia,1990,F,42
1072214,Jason,1990,F,42
1072215,Jaylene,1990,F,42
1072216,Jenay,1990,F,42
1072217,Jewell,1990,F,42
1072218,Joslynn,1990,F,42
1072219,Kamaria,1990,F,42
1072220,Kassaundra,1990,F,42
1072221,Kaydee,1990,F,42
1072222,Keena,1990,F,42
1072223,Kendyl,1990,F,42
1072224,Keneisha,1990,F,42
1072225,Kylea,1990,F,42
1072226,Laquetta,1990,F,42
1072227,Leora,1990,F,42
1072228,Linh,1990,F,42
1072229,Loryn,1990,F,42
1072230,Manda,1990,F,42
1072231,Meghin,1990,F,42
1072232,Michella,1990,F,42
1072233,Natacha,1990,F,42
1072234,Patrick,1990,F,42
1072235,Perri,1990,F,42
1072236,Porchia,1990,F,42
1072237,Porshe,1990,F,42
1072238,Reema,1990,F,42
1072239,Reena,1990,F,42
1072240,Robbin,1990,F,42
1072241,Shaila,1990,F,42
1072242,Shanetta,1990,F,42
1072243,Shantavia,1990,F,42
1072244,Shaquetta,1990,F,42
1072245,Sharday,1990,F,42
1072246,Tangela,1990,F,42
1072247,Terrie,1990,F,42
1072248,Vianey,1990,F,42
1072249,Yoana,1990,F,42
1072250,Zuri,1990,F,42
1072251,Adelaide,1990,F,41
1072252,Alethea,1990,F,41
1072253,Alexys,1990,F,41
1072254,Allysha,1990,F,41
1072255,Angelika,1990,F,41
1072256,Beatris,1990,F,41
1072257,Brennan,1990,F,41
1072258,Brooklynn,1990,F,41
1072259,Calla,1990,F,41
1072260,Callan,1990,F,41
1072261,Calley,1990,F,41
1072262,Candie,1990,F,41
1072263,Carrissa,1990,F,41
1072264,Casaundra,1990,F,41
1072265,Chenelle,1990,F,41
1072266,Dahlia,1990,F,41
1072267,Dakotah,1990,F,41
1072268,Delana,1990,F,41
1072269,Dolly,1990,F,41
1072270,Ebone,1990,F,41
1072271,Emalee,1990,F,41
1072272,Hanah,1990,F,41
1072273,Javonna,1990,F,41
1072274,Karlyn,1990,F,41
1072275,Karol,1990,F,41
1072276,Kimberli,1990,F,41
1072277,Kourtnie,1990,F,41
1072278,Lamonica,1990,F,41
1072279,Lashea,1990,F,41
1072280,Laureen,1990,F,41
1072281,Lavonda,1990,F,41
1072282,Leesa,1990,F,41
1072283,Lorelei,1990,F,41
1072284,Marquitta,1990,F,41
1072285,Myriam,1990,F,41
1072286,Navil,1990,F,41
1072287,Nerissa,1990,F,41
1072288,Nhi,1990,F,41
1072289,Phoenix,1990,F,41
1072290,Raelyn,1990,F,41
1072291,Shaelyn,1990,F,41
1072292,Shamia,1990,F,41
1072293,Shannah,1990,F,41
1072294,Shavonna,1990,F,41
1072295,Sherelle,1990,F,41
1072296,Sterling,1990,F,41
1072297,Sunshine,1990,F,41
1072298,Tarin,1990,F,41
1072299,Tavia,1990,F,41
1072300,Venus,1990,F,41
1072301,Aide,1990,F,40
1072302,Aiesha,1990,F,40
1072303,Angeleah,1990,F,40
1072304,Anh,1990,F,40
1072305,Ariela,1990,F,40
1072306,Ashtin,1990,F,40
1072307,Brita,1990,F,40
1072308,Britt,1990,F,40
1072309,Brittanny,1990,F,40
1072310,Caila,1990,F,40
1072311,Cammie,1990,F,40
1072312,Candida,1990,F,40
1072313,Carmelita,1990,F,40
1072314,Cayce,1990,F,40
1072315,Cherokee,1990,F,40
1072316,Elexis,1990,F,40
1072317,Elisabet,1990,F,40
1072318,Gema,1990,F,40
1072319,Jennefer,1990,F,40
1072320,Jordanne,1990,F,40
1072321,Kateri,1990,F,40
1072322,Keegan,1990,F,40
1072323,Keneshia,1990,F,40
1072324,Kersten,1990,F,40
1072325,Kortnie,1990,F,40
1072326,Lilibeth,1990,F,40
1072327,Lyndi,1990,F,40
1072328,Marilynn,1990,F,40
1072329,Melia,1990,F,40
1072330,Najah,1990,F,40
1072331,Pang,1990,F,40
1072332,Priyanka,1990,F,40
1072333,Rian,1990,F,40
1072334,Riana,1990,F,40
1072335,Samanta,1990,F,40
1072336,Schuyler,1990,F,40
1072337,Shakeria,1990,F,40
1072338,Shanese,1990,F,40
1072339,Sharina,1990,F,40
1072340,Shemika,1990,F,40
1072341,Somer,1990,F,40
1072342,Tamekia,1990,F,40
1072343,Taniesha,1990,F,40
1072344,Tarrah,1990,F,40
1072345,Teah,1990,F,40
1072346,Tearra,1990,F,40
1072347,Telisha,1990,F,40
1072348,Terica,1990,F,40
1072349,Trang,1990,F,40
1072350,Zuleima,1990,F,40
1072351,Alejandrina,1990,F,39
1072352,Anjali,1990,F,39
1072353,Annah,1990,F,39
1072354,Aubry,1990,F,39
1072355,Aura,1990,F,39
1072356,Aurielle,1990,F,39
1072357,Aviva,1990,F,39
1072358,Benjamin,1990,F,39
1072359,Bethani,1990,F,39
1072360,Breauna,1990,F,39
1072361,Bryanne,1990,F,39
1072362,Calista,1990,F,39
1072363,Carin,1990,F,39
1072364,Carlisa,1990,F,39
1072365,Cindi,1990,F,39
1072366,Cleo,1990,F,39
1072367,Crysta,1990,F,39
1072368,Daja,1990,F,39
1072369,Dawna,1990,F,39
1072370,Denita,1990,F,39
1072371,Dusti,1990,F,39
1072372,Emmy,1990,F,39
1072373,Enedina,1990,F,39
1072374,Haily,1990,F,39
1072375,Hollyann,1990,F,39
1072376,Jasma,1990,F,39
1072377,Jaycee,1990,F,39
1072378,Jeffrey,1990,F,39
1072379,Jullian,1990,F,39
1072380,Kenneth,1990,F,39
1072381,Korin,1990,F,39
1072382,Larae,1990,F,39
1072383,Laryssa,1990,F,39
1072384,Latina,1990,F,39
1072385,Magdalene,1990,F,39
1072386,Malina,1990,F,39
1072387,Marcelina,1990,F,39
1072388,Michel,1990,F,39
1072389,Olympia,1990,F,39
1072390,Oriana,1990,F,39
1072391,Parris,1990,F,39
1072392,Qiana,1990,F,39
1072393,Quincy,1990,F,39
1072394,Raelene,1990,F,39
1072395,Ravyn,1990,F,39
1072396,Renisha,1990,F,39
1072397,Rosaura,1990,F,39
1072398,Rosita,1990,F,39
1072399,Sada,1990,F,39
1072400,Saraya,1990,F,39
1072401,Seana,1990,F,39
1072402,Shemeka,1990,F,39
1072403,Sherell,1990,F,39
1072404,Siara,1990,F,39
1072405,Stefania,1990,F,39
1072406,Taija,1990,F,39
1072407,Theodora,1990,F,39
1072408,Yara,1990,F,39
1072409,Aleasha,1990,F,38
1072410,Alejandro,1990,F,38
1072411,Alixandra,1990,F,38
1072412,Allisa,1990,F,38
1072413,Allyn,1990,F,38
1072414,Anai,1990,F,38
1072415,Ashlin,1990,F,38
1072416,Auriel,1990,F,38
1072417,Brina,1990,F,38
1072418,Britne,1990,F,38
1072419,Byanka,1990,F,38
1072420,Carleen,1990,F,38
1072421,Charleen,1990,F,38
1072422,Chase,1990,F,38
1072423,Cordelia,1990,F,38
1072424,Ernestine,1990,F,38
1072425,Glenna,1990,F,38
1072426,Jahaira,1990,F,38
1072427,Jannelle,1990,F,38
1072428,Jene,1990,F,38
1072429,Kamie,1990,F,38
1072430,Karoline,1990,F,38
1072431,Karra,1990,F,38
1072432,Kaya,1990,F,38
1072433,Keilah,1990,F,38
1072434,Kendria,1990,F,38
1072435,Kennedy,1990,F,38
1072436,Kierston,1990,F,38
1072437,Kimiko,1990,F,38
1072438,Kionna,1990,F,38
1072439,Kristle,1990,F,38
1072440,Krizia,1990,F,38
1072441,Kyana,1990,F,38
1072442,Lindsi,1990,F,38
1072443,Loraine,1990,F,38
1072444,Lucie,1990,F,38
1072445,Makenna,1990,F,38
1072446,Margret,1990,F,38
1072447,Marietta,1990,F,38
1072448,Mariko,1990,F,38
1072449,Marki,1990,F,38
1072450,Marti,1990,F,38
1072451,Maryelizabeth,1990,F,38
1072452,Melynda,1990,F,38
1072453,Micha,1990,F,38
1072454,Minnie,1990,F,38
1072455,Monserrat,1990,F,38
1072456,Myka,1990,F,38
1072457,Nathalia,1990,F,38
1072458,Norah,1990,F,38
1072459,Rashelle,1990,F,38
1072460,Salma,1990,F,38
1072461,Shakeya,1990,F,38
1072462,Shalene,1990,F,38
1072463,Sharelle,1990,F,38
1072464,Shatoria,1990,F,38
1072465,Shianne,1990,F,38
1072466,Shonte,1990,F,38
1072467,Simona,1990,F,38
1072468,Stephane,1990,F,38
1072469,Tai,1990,F,38
1072470,Tawnie,1990,F,38
1072471,Tinisha,1990,F,38
1072472,Tkeyah,1990,F,38
1072473,Turquoise,1990,F,38
1072474,Zakiyyah,1990,F,38
1072475,Alvina,1990,F,37
1072476,Arian,1990,F,37
1072477,Breyanna,1990,F,37
1072478,Brynna,1990,F,37
1072479,Candise,1990,F,37
1072480,Chanae,1990,F,37
1072481,Charise,1990,F,37
1072482,Cheyanna,1990,F,37
1072483,Dale,1990,F,37
1072484,Darnesha,1990,F,37
1072485,Deeanna,1990,F,37
1072486,Denielle,1990,F,37
1072487,Derrica,1990,F,37
1072488,Destine,1990,F,37
1072489,Egypt,1990,F,37
1072490,Epiphany,1990,F,37
1072491,Haven,1990,F,37
1072492,Hunter,1990,F,37
1072493,Jacelyn,1990,F,37
1072494,Joel,1990,F,37
1072495,Juli,1990,F,37
1072496,Kaili,1990,F,37
1072497,Kasaundra,1990,F,37
1072498,Katheryne,1990,F,37
1072499,Lashondra,1990,F,37
1072500,Malerie,1990,F,37
1072501,Mamie,1990,F,37
1072502,Maricella,1990,F,37
1072503,Marinda,1990,F,37
1072504,Melani,1990,F,37
1072505,Mercede,1990,F,37
1072506,Miguel,1990,F,37
1072507,Monisha,1990,F,37
1072508,Muriel,1990,F,37
1072509,Myeshia,1990,F,37
1072510,Nikkia,1990,F,37
1072511,Noemy,1990,F,37
1072512,Phuong,1990,F,37
1072513,Raegan,1990,F,37
1072514,Rima,1990,F,37
1072515,Sarrah,1990,F,37
1072516,Shalena,1990,F,37
1072517,Shenita,1990,F,37
1072518,Sunni,1990,F,37
1072519,Suzan,1990,F,37
1072520,Tammi,1990,F,37
1072521,Tenika,1990,F,37
1072522,Terese,1990,F,37
1072523,Tesha,1990,F,37
1072524,Thania,1990,F,37
1072525,Thuy,1990,F,37
1072526,Tiffney,1990,F,37
1072527,Tionna,1990,F,37
1072528,Tova,1990,F,37
1072529,Annaliese,1990,F,36
1072530,Blaine,1990,F,36
1072531,Cailey,1990,F,36
1072532,Cameo,1990,F,36
1072533,Carie,1990,F,36
1072534,Carmina,1990,F,36
1072535,Carolyne,1990,F,36
1072536,Carrington,1990,F,36
1072537,Chenoa,1990,F,36
1072538,Cherilyn,1990,F,36
1072539,Cinnamon,1990,F,36
1072540,Cornelia,1990,F,36
1072541,Cortnee,1990,F,36
1072542,Cymone,1990,F,36
1072543,Daina,1990,F,36
1072544,Dominic,1990,F,36
1072545,Elisheva,1990,F,36
1072546,Elizabet,1990,F,36
1072547,Erynn,1990,F,36
1072548,Grisel,1990,F,36
1072549,Henrietta,1990,F,36
1072550,Ieisha,1990,F,36
1072551,Isaura,1990,F,36
1072552,Jael,1990,F,36
1072553,Jamica,1990,F,36
1072554,Janita,1990,F,36
1072555,Jessicca,1990,F,36
1072556,Johna,1990,F,36
1072557,Kadi,1990,F,36
1072558,Katarzyna,1990,F,36
1072559,Kateland,1990,F,36
1072560,Katelynne,1990,F,36
1072561,Katharina,1990,F,36
1072562,Katherina,1990,F,36
1072563,Kathrin,1990,F,36
1072564,Kennisha,1990,F,36
1072565,Kieara,1990,F,36
1072566,Krishna,1990,F,36
1072567,Laina,1990,F,36
1072568,Lakeya,1990,F,36
1072569,Lexus,1990,F,36
1072570,Lizzie,1990,F,36
1072571,Luciana,1990,F,36
1072572,Mariaelena,1990,F,36
1072573,Marlaina,1990,F,36
1072574,Mccall,1990,F,36
1072575,Mecca,1990,F,36
1072576,Mercades,1990,F,36
1072577,Michaella,1990,F,36
1072578,Nikkita,1990,F,36
1072579,Niya,1990,F,36
1072580,Nohemi,1990,F,36
1072581,Opal,1990,F,36
1072582,Raeanna,1990,F,36
1072583,Roselyn,1990,F,36
1072584,Roya,1990,F,36
1072585,Sariah,1990,F,36
1072586,Shaela,1990,F,36
1072587,Shakayla,1990,F,36
1072588,Shalanda,1990,F,36
1072589,Shania,1990,F,36
1072590,Shauntel,1990,F,36
1072591,Shawntae,1990,F,36
1072592,Shawntel,1990,F,36
1072593,Shelli,1990,F,36
1072594,Shenise,1990,F,36
1072595,Shereen,1990,F,36
1072596,Stephen,1990,F,36
1072597,Tabbatha,1990,F,36
1072598,Tacara,1990,F,36
1072599,Taina,1990,F,36
1072600,Tequilla,1990,F,36
1072601,Tomeka,1990,F,36
1072602,Torrey,1990,F,36
1072603,Yocheved,1990,F,36
1072604,Zabrina,1990,F,36
1072605,Adam,1990,F,35
1072606,Akia,1990,F,35
1072607,Alessia,1990,F,35
1072608,Alexzandria,1990,F,35
1072609,Amada,1990,F,35
1072610,Antwanette,1990,F,35
1072611,Arleen,1990,F,35
1072612,Ashlen,1990,F,35
1072613,Asley,1990,F,35
1072614,Aya,1990,F,35
1072615,Azia,1990,F,35
1072616,Bronwyn,1990,F,35
1072617,Charnell,1990,F,35
1072618,Cherisse,1990,F,35
1072619,Christel,1990,F,35
1072620,Christyn,1990,F,35
1072621,Cieara,1990,F,35
1072622,Courtenay,1990,F,35
1072623,Deedra,1990,F,35
1072624,Donita,1990,F,35
1072625,Estelle,1990,F,35
1072626,Harriet,1990,F,35
1072627,Ina,1990,F,35
1072628,Indira,1990,F,35
1072629,Iva,1990,F,35
1072630,Jacquetta,1990,F,35
1072631,Jalyssa,1990,F,35
1072632,Janetta,1990,F,35
1072633,Jerilyn,1990,F,35
1072634,Jina,1990,F,35
1072635,Kalena,1990,F,35
1072636,Katryna,1990,F,35
1072637,Katya,1990,F,35
1072638,Kesley,1990,F,35
1072639,Keyera,1990,F,35
1072640,Lamesha,1990,F,35
1072641,Leeza,1990,F,35
1072642,Lisandra,1990,F,35
1072643,Lolita,1990,F,35
1072644,Lorene,1990,F,35
1072645,Lucerito,1990,F,35
1072646,Lyanne,1990,F,35
1072647,Marita,1990,F,35
1072648,Marivel,1990,F,35
1072649,Martine,1990,F,35
1072650,Marylou,1990,F,35
1072651,Nailah,1990,F,35
1072652,Nena,1990,F,35
1072653,Nubia,1990,F,35
1072654,Rania,1990,F,35
1072655,Rasheda,1990,F,35
1072656,Raylene,1990,F,35
1072657,Rosalee,1990,F,35
1072658,Samia,1990,F,35
1072659,Shade,1990,F,35
1072660,Shakiyla,1990,F,35
1072661,Shantay,1990,F,35
1072662,Shaquille,1990,F,35
1072663,Shaun,1990,F,35
1072664,Shyann,1990,F,35
1072665,Sigourney,1990,F,35
1072666,Sumer,1990,F,35
1072667,Tamela,1990,F,35
1072668,Trudy,1990,F,35
1072669,Valery,1990,F,35
1072670,Valorie,1990,F,35
1072671,Vashti,1990,F,35
1072672,Yezenia,1990,F,35
1072673,Zenia,1990,F,35
1072674,Zuleyka,1990,F,35
1072675,Amberlyn,1990,F,34
1072676,Analise,1990,F,34
1072677,Andie,1990,F,34
1072678,Andrianna,1990,F,34
1072679,Ashante,1990,F,34
1072680,Aziza,1990,F,34
1072681,Brittne,1990,F,34
1072682,Catarina,1990,F,34
1072683,Chaquita,1990,F,34
1072684,Chardae,1990,F,34
1072685,Corrinne,1990,F,34
1072686,Daneisha,1990,F,34
1072687,Demonica,1990,F,34
1072688,Desaree,1990,F,34
1072689,Dyana,1990,F,34
1072690,Eboney,1990,F,34
1072691,Emiley,1990,F,34
1072692,Emilyann,1990,F,34
1072693,Hanan,1990,F,34
1072694,Jacalyn,1990,F,34
1072695,Jaimi,1990,F,34
1072696,Jamilla,1990,F,34
1072697,Jeanelle,1990,F,34
1072698,Jonnie,1990,F,34
1072699,Jovan,1990,F,34
1072700,Kadee,1990,F,34
1072701,Kaitlen,1990,F,34
1072702,Kalen,1990,F,34
1072703,Karalyn,1990,F,34
1072704,Karolina,1990,F,34
1072705,Karrah,1990,F,34
1072706,Kelby,1990,F,34
1072707,Kellyn,1990,F,34
1072708,Keriann,1990,F,34
1072709,Kerianne,1990,F,34
1072710,Lanesha,1990,F,34
1072711,Lauri,1990,F,34
1072712,Lisset,1990,F,34
1072713,Lluvia,1990,F,34
1072714,Madelynn,1990,F,34
1072715,Makala,1990,F,34
1072716,Maribeth,1990,F,34
1072717,Meera,1990,F,34
1072718,Merry,1990,F,34
1072719,Milissa,1990,F,34
1072720,Neisha,1990,F,34
1072721,Neva,1990,F,34
1072722,Nohely,1990,F,34
1072723,Oliva,1990,F,34
1072724,Puja,1990,F,34
1072725,Raya,1990,F,34
1072726,Rosanne,1990,F,34
1072727,Saige,1990,F,34
1072728,Samanatha,1990,F,34
1072729,Samuel,1990,F,34
1072730,Selma,1990,F,34
1072731,Seneca,1990,F,34
1072732,Shamekia,1990,F,34
1072733,Shareka,1990,F,34
1072734,Shawana,1990,F,34
1072735,Shekinah,1990,F,34
1072736,Sulema,1990,F,34
1072737,Takisha,1990,F,34
1072738,Tamia,1990,F,34
1072739,Tamira,1990,F,34
1072740,Tammara,1990,F,34
1072741,Tausha,1990,F,34
1072742,Tomi,1990,F,34
1072743,Tuesday,1990,F,34
1072744,Tyana,1990,F,34
1072745,Tyanna,1990,F,34
1072746,Winona,1990,F,34
1072747,Adreanna,1990,F,33
1072748,Aleksandra,1990,F,33
1072749,Alyx,1990,F,33
1072750,Ashle,1990,F,33
1072751,Brandice,1990,F,33
1072752,Breyana,1990,F,33
1072753,Charnele,1990,F,33
1072754,Crystle,1990,F,33
1072755,Datra,1990,F,33
1072756,Devonna,1990,F,33
1072757,Divya,1990,F,33
1072758,Donesha,1990,F,33
1072759,Glory,1990,F,33
1072760,Imari,1990,F,33
1072761,Ivey,1990,F,33
1072762,Jamillah,1990,F,33
1072763,Jaquelin,1990,F,33
1072764,Jori,1990,F,33
1072765,Kaelin,1990,F,33
1072766,Kaia,1990,F,33
1072767,Karyssa,1990,F,33
1072768,Katharyn,1990,F,33
1072769,Kimberlyn,1990,F,33
1072770,Lainie,1990,F,33
1072771,Lakyn,1990,F,33
1072772,Lanita,1990,F,33
1072773,Leighanna,1990,F,33
1072774,Lili,1990,F,33
1072775,Liset,1990,F,33
1072776,Lorissa,1990,F,33
1072777,Lyla,1990,F,33
1072778,Mandee,1990,F,33
1072779,Marchelle,1990,F,33
1072780,Mariann,1990,F,33
1072781,Micheala,1990,F,33
1072782,Mikaila,1990,F,33
1072783,Milan,1990,F,33
1072784,Murphy,1990,F,33
1072785,Nelida,1990,F,33
1072786,Nicky,1990,F,33
1072787,Nyasia,1990,F,33
1072788,Oralia,1990,F,33
1072789,Rebbecca,1990,F,33
1072790,Roshelle,1990,F,33
1072791,Sadia,1990,F,33
1072792,Santanna,1990,F,33
1072793,Shantrell,1990,F,33
1072794,Sharay,1990,F,33
1072795,Shaunice,1990,F,33
1072796,Shawanna,1990,F,33
1072797,Sheyla,1990,F,33
1072798,Suleima,1990,F,33
1072799,Sybil,1990,F,33
1072800,Tabbitha,1990,F,33
1072801,Telisa,1990,F,33
1072802,Tiona,1990,F,33
1072803,Travis,1990,F,33
1072804,Tyneisha,1990,F,33
1072805,Velma,1990,F,33
1072806,Verna,1990,F,33
1072807,Vikki,1990,F,33
1072808,Winifred,1990,F,33
1072809,Wynter,1990,F,33
1072810,Yamilet,1990,F,33
1072811,Zakia,1990,F,33
1072812,Zoey,1990,F,33
1072813,Zuleika,1990,F,33
1072814,Adriene,1990,F,32
1072815,Alexanderia,1990,F,32
1072816,Alica,1990,F,32
1072817,Alizabeth,1990,F,32
1072818,Allicia,1990,F,32
1072819,Ambra,1990,F,32
1072820,Amrita,1990,F,32
1072821,Anamarie,1990,F,32
1072822,Anesha,1990,F,32
1072823,Antonio,1990,F,32
1072824,Barbra,1990,F,32
1072825,Camelia,1990,F,32
1072826,Charlette,1990,F,32
1072827,Choua,1990,F,32
1072828,Cintia,1990,F,32
1072829,Dasia,1990,F,32
1072830,Dezaray,1990,F,32
1072831,Edie,1990,F,32
1072832,Elayna,1990,F,32
1072833,Falicia,1990,F,32
1072834,Felice,1990,F,32
1072835,Francisco,1990,F,32
1072836,Ginamarie,1990,F,32
1072837,Herlinda,1990,F,32
1072838,Ivelisse,1990,F,32
1072839,Jaquita,1990,F,32
1072840,Jasimine,1990,F,32
1072841,Jaslyn,1990,F,32
1072842,Jenice,1990,F,32
1072843,Jennafer,1990,F,32
1072844,Jocelin,1990,F,32
1072845,Julienne,1990,F,32
1072846,Kalea,1990,F,32
1072847,Katee,1990,F,32
1072848,Kathie,1990,F,32
1072849,Keyara,1990,F,32
1072850,Kiani,1990,F,32
1072851,Koren,1990,F,32
1072852,Kristyna,1990,F,32
1072853,Krystel,1990,F,32
1072854,Krystie,1990,F,32
1072855,Kyndall,1990,F,32
1072856,Lacretia,1990,F,32
1072857,Laronda,1990,F,32
1072858,Lavina,1990,F,32
1072859,Lynzie,1990,F,32
1072860,Madelin,1990,F,32
1072861,Mariza,1990,F,32
1072862,Marnie,1990,F,32
1072863,Miki,1990,F,32
1072864,Nadya,1990,F,32
1072865,Nycole,1990,F,32
1072866,Pia,1990,F,32
1072867,Randie,1990,F,32
1072868,Ranesha,1990,F,32
1072869,Rani,1990,F,32
1072870,Roneisha,1990,F,32
1072871,Saba,1990,F,32
1072872,Seanna,1990,F,32
1072873,September,1990,F,32
1072874,Shaneeka,1990,F,32
1072875,Shaneika,1990,F,32
1072876,Shawnte,1990,F,32
1072877,Sherise,1990,F,32
1072878,Shireen,1990,F,32
1072879,Spenser,1990,F,32
1072880,Storm,1990,F,32
1072881,Tandra,1990,F,32
1072882,Teena,1990,F,32
1072883,Teia,1990,F,32
1072884,Twyla,1990,F,32
1072885,Whitnie,1990,F,32
1072886,Amparo,1990,F,31
1072887,Antonella,1990,F,31
1072888,Anyssa,1990,F,31
1072889,Araseli,1990,F,31
1072890,Audry,1990,F,31
1072891,Austyn,1990,F,31
1072892,Baila,1990,F,31
1072893,Bryce,1990,F,31
1072894,Carlye,1990,F,31
1072895,Carter,1990,F,31
1072896,Celestine,1990,F,31
1072897,Charlisa,1990,F,31
1072898,Christianne,1990,F,31
1072899,Chyanne,1990,F,31
1072900,Claudette,1990,F,31
1072901,Cyrstal,1990,F,31
1072902,Daisey,1990,F,31
1072903,Daphney,1990,F,31
1072904,Dorcas,1990,F,31
1072905,Dustin,1990,F,31
1072906,Edwina,1990,F,31
1072907,Estephany,1990,F,31
1072908,Gilda,1990,F,31
1072909,Hayli,1990,F,31
1072910,Isabela,1990,F,31
1072911,Jamela,1990,F,31
1072912,Janelly,1990,F,31
1072913,Janika,1990,F,31
1072914,Jannie,1990,F,31
1072915,Jayda,1990,F,31
1072916,Jenea,1990,F,31
1072917,Jennette,1990,F,31
1072918,Jericka,1990,F,31
1072919,Jovita,1990,F,31
1072920,Kaira,1990,F,31
1072921,Keela,1990,F,31
1072922,Keiona,1990,F,31
1072923,Keirsten,1990,F,31
1072924,Kenyata,1990,F,31
1072925,Kiaira,1990,F,31
1072926,Kilee,1990,F,31
1072927,Kyanna,1990,F,31
1072928,Kyia,1990,F,31
1072929,Latrina,1990,F,31
1072930,Lynnea,1990,F,31
1072931,Ma,1990,F,31
1072932,Malarie,1990,F,31
1072933,Marcus,1990,F,31
1072934,Marena,1990,F,31
1072935,Marlo,1990,F,31
1072936,Morgann,1990,F,31
1072937,Nakesha,1990,F,31
1072938,Nastassia,1990,F,31
1072939,Nell,1990,F,31
1072940,Nereyda,1990,F,31
1072941,Ngoc,1990,F,31
1072942,Paul,1990,F,31
1072943,Rayven,1990,F,31
1072944,Renesha,1990,F,31
1072945,Rianne,1990,F,31
1072946,Rory,1990,F,31
1072947,Roshonda,1990,F,31
1072948,Santina,1990,F,31
1072949,Sarahann,1990,F,31
1072950,See,1990,F,31
1072951,Shakyra,1990,F,31
1072952,Shaneice,1990,F,31
1072953,Shaquilla,1990,F,31
1072954,Sharnell,1990,F,31
1072955,Shawnie,1990,F,31
1072956,Shiann,1990,F,31
1072957,Shifra,1990,F,31
1072958,Shona,1990,F,31
1072959,Symphony,1990,F,31
1072960,Talissa,1990,F,31
1072961,Tamarah,1990,F,31
1072962,Tanae,1990,F,31
1072963,Tashawna,1990,F,31
1072964,Teressa,1990,F,31
1072965,Tiare,1990,F,31
1072966,Timesha,1990,F,31
1072967,Titiana,1990,F,31
1072968,Tomika,1990,F,31
1072969,Velia,1990,F,31
1072970,Velvet,1990,F,31
1072971,Whitnee,1990,F,31
1072972,Zaida,1990,F,31
1072973,Zenaida,1990,F,31
1072974,Adora,1990,F,30
1072975,Adrien,1990,F,30
1072976,Adrienna,1990,F,30
1072977,Aliya,1990,F,30
1072978,Anessa,1990,F,30
1072979,Ashleyann,1990,F,30
1072980,Bonny,1990,F,30
1072981,Britanie,1990,F,30
1072982,Cala,1990,F,30
1072983,Camie,1990,F,30
1072984,Canisha,1990,F,30
1072985,Carmel,1990,F,30
1072986,Cherell,1990,F,30
1072987,Cherice,1990,F,30
1072988,Chris,1990,F,30
1072989,Christena,1990,F,30
1072990,Dandra,1990,F,30
1072991,Darcey,1990,F,30
1072992,Deandria,1990,F,30
1072993,Delaina,1990,F,30
1072994,Deona,1990,F,30
1072995,Deseray,1990,F,30
1072996,Destanie,1990,F,30
1072997,Dynasty,1990,F,30
1072998,Edlin,1990,F,30
1072999,Elisia,1990,F,30
1073000,Eryka,1990,F,30
1073001,Falisha,1990,F,30
1073002,Farren,1990,F,30
1073003,Gisel,1990,F,30
1073004,Goldie,1990,F,30
1073005,Hailie,1990,F,30
1073006,Ian,1990,F,30
1073007,Jacque,1990,F,30
1073008,Jesselyn,1990,F,30
1073009,Joellen,1990,F,30
1073010,Josselyn,1990,F,30
1073011,Juliane,1990,F,30
1073012,Kailah,1990,F,30
1073013,Kaily,1990,F,30
1073014,Kaisha,1990,F,30
1073015,Kareema,1990,F,30
1073016,Kassy,1990,F,30
1073017,Katisha,1990,F,30
1073018,Kaye,1990,F,30
1073019,Keairra,1990,F,30
1073020,Kearra,1990,F,30
1073021,Keiana,1990,F,30
1073022,Kendell,1990,F,30
1073023,Keya,1990,F,30
1073024,Keyaira,1990,F,30
1073025,Kiandra,1990,F,30
1073026,Kiri,1990,F,30
1073027,Kris,1990,F,30
1073028,Kya,1990,F,30
1073029,Kyleen,1990,F,30
1073030,Kyley,1990,F,30
1073031,Kyndal,1990,F,30
1073032,Lace,1990,F,30
1073033,Laporcha,1990,F,30
1073034,Laquandra,1990,F,30
1073035,Laramie,1990,F,30
1073036,Lashauna,1990,F,30
1073037,Lateefah,1990,F,30
1073038,Lateshia,1990,F,30
1073039,Lexis,1990,F,30
1073040,Maddie,1990,F,30
1073041,Madisen,1990,F,30
1073042,Mairead,1990,F,30
1073043,Maisie,1990,F,30
1073044,Makia,1990,F,30
1073045,Mallary,1990,F,30
1073046,Marly,1990,F,30
1073047,Naja,1990,F,30
1073048,Nalani,1990,F,30
1073049,Natascha,1990,F,30
1073050,Natasia,1990,F,30
1073051,Nija,1990,F,30
1073052,Oceana,1990,F,30
1073053,Patrisha,1990,F,30
1073054,Rainey,1990,F,30
1073055,Ronica,1990,F,30
1073056,Rosamaria,1990,F,30
1073057,Sammi,1990,F,30
1073058,Saray,1990,F,30
1073059,Shanieka,1990,F,30
1073060,Shaquan,1990,F,30
1073061,Sharona,1990,F,30
1073062,Shatavia,1990,F,30
1073063,Shiquita,1990,F,30
1073064,Shontae,1990,F,30
1073065,Stephania,1990,F,30
1073066,Takira,1990,F,30
1073067,Tashana,1990,F,30
1073068,Teira,1990,F,30
1073069,Teisha,1990,F,30
1073070,Toniann,1990,F,30
1073071,Treva,1990,F,30
1073072,Zaneta,1990,F,30
1073073,Zoila,1990,F,30
1073074,Adelaida,1990,F,29
1073075,Aishah,1990,F,29
1073076,Alida,1990,F,29
1073077,Aliesha,1990,F,29
1073078,Bettina,1990,F,29
1073079,Bobby,1990,F,29
1073080,Britini,1990,F,29
1073081,Bryan,1990,F,29
1073082,Cadie,1990,F,29
1073083,Calandra,1990,F,29
1073084,Camisha,1990,F,29
1073085,Caterina,1990,F,29
1073086,Celestina,1990,F,29
1073087,Charde,1990,F,29
1073088,Charelle,1990,F,29
1073089,Consuela,1990,F,29
1073090,Cristi,1990,F,29
1073091,Davonna,1990,F,29
1073092,Derricka,1990,F,29
1073093,Deysi,1990,F,29
1073094,Donya,1990,F,29
1073095,Elysa,1990,F,29
1073096,Emery,1990,F,29
1073097,Emmeline,1990,F,29
1073098,Ernestina,1990,F,29
1073099,Evie,1990,F,29
1073100,Freda,1990,F,29
1073101,Greer,1990,F,29
1073102,Heba,1990,F,29
1073103,Ilona,1990,F,29
1073104,Iyana,1990,F,29
1073105,Jalicia,1990,F,29
1073106,Janira,1990,F,29
1073107,Jasmen,1990,F,29
1073108,Jennyfer,1990,F,29
1073109,Johnisha,1990,F,29
1073110,Kaiya,1990,F,29
1073111,Kalani,1990,F,29
1073112,Kaniesha,1990,F,29
1073113,Kecia,1990,F,29
1073114,Kelia,1990,F,29
1073115,Keva,1990,F,29
1073116,Keysha,1990,F,29
1073117,Krissy,1990,F,29
1073118,Kristena,1990,F,29
1073119,Kristianna,1990,F,29
1073120,Kriston,1990,F,29
1073121,Kyesha,1990,F,29
1073122,Laquitta,1990,F,29
1073123,Latoyia,1990,F,29
1073124,Lavonna,1990,F,29
1073125,Lawren,1990,F,29
1073126,Leighanne,1990,F,29
1073127,Loran,1990,F,29
1073128,Maha,1990,F,29
1073129,Malea,1990,F,29
1073130,Melva,1990,F,29
1073131,Migdalia,1990,F,29
1073132,Missy,1990,F,29
1073133,Nayely,1990,F,29
1073134,Neda,1990,F,29
1073135,Rabecca,1990,F,29
1073136,Ragan,1990,F,29
1073137,Rebbeca,1990,F,29
1073138,Riane,1990,F,29
1073139,Rio,1990,F,29
1073140,Romina,1990,F,29
1073141,Roshni,1990,F,29
1073142,Sascha,1990,F,29
1073143,Seirra,1990,F,29
1073144,Shannell,1990,F,29
1073145,Shantee,1990,F,29
1073146,Sharie,1990,F,29
1073147,Shatia,1990,F,29
1073148,Shilo,1990,F,29
1073149,Sonam,1990,F,29
1073150,Tameika,1990,F,29
1073151,Tommie,1990,F,29
1073152,Toshia,1990,F,29
1073153,Twila,1990,F,29
1073154,Tyneshia,1990,F,29
1073155,Tyresha,1990,F,29
1073156,Willow,1990,F,29
1073157,Xavier,1990,F,29
1073158,Xochilt,1990,F,29
1073159,Agatha,1990,F,28
1073160,Amberley,1990,F,28
1073161,Amee,1990,F,28
1073162,Aneisha,1990,F,28
1073163,Angella,1990,F,28
1073164,Anum,1990,F,28
1073165,Asma,1990,F,28
1073166,Auburn,1990,F,28
1073167,Audrie,1990,F,28
1073168,Baillie,1990,F,28
1073169,Baily,1990,F,28
1073170,Bella,1990,F,28
1073171,Berta,1990,F,28
1073172,Bracha,1990,F,28
1073173,Brieanne,1990,F,28
1073174,Brittiney,1990,F,28
1073175,Carlotta,1990,F,28
1073176,Chandni,1990,F,28
1073177,Chantalle,1990,F,28
1073178,Charline,1990,F,28
1073179,Charly,1990,F,28
1073180,Criselda,1990,F,28
1073181,Darrah,1990,F,28
1073182,Deedee,1990,F,28
1073183,Devora,1990,F,28
1073184,Dona,1990,F,28
1073185,Dyanna,1990,F,28
1073186,Elly,1990,F,28
1073187,Eloise,1990,F,28
1073188,Eureka,1990,F,28
1073189,Evelina,1990,F,28
1073190,Evonne,1990,F,28
1073191,Faigy,1990,F,28
1073192,Gennifer,1990,F,28
1073193,Guillermina,1990,F,28
1073194,Hadassah,1990,F,28
1073195,Jacki,1990,F,28
1073196,Jacqualine,1990,F,28
1073197,Jennelle,1990,F,28
1073198,Jimena,1990,F,28
1073199,Jodee,1990,F,28
1073200,Johnetta,1990,F,28
1073201,Kanika,1990,F,28
1073202,Kareena,1990,F,28
1073203,Karine,1990,F,28
1073204,Katara,1990,F,28
1073205,Kavita,1990,F,28
1073206,Kena,1990,F,28
1073207,Kerra,1990,F,28
1073208,Kezia,1990,F,28
1073209,Kody,1990,F,28
1073210,Krisha,1990,F,28
1073211,Krysti,1990,F,28
1073212,Lanette,1990,F,28
1073213,Lashelle,1990,F,28
1073214,Lavonne,1990,F,28
1073215,Leandrea,1990,F,28
1073216,Leena,1990,F,28
1073217,Leyla,1990,F,28
1073218,Lottie,1990,F,28
1073219,Lynzee,1990,F,28
1073220,Madelyne,1990,F,28
1073221,Maghan,1990,F,28
1073222,Maisha,1990,F,28
1073223,Malaika,1990,F,28
1073224,Malaysia,1990,F,28
1073225,Marilee,1990,F,28
1073226,Marleen,1990,F,28
1073227,Marquis,1990,F,28
1073228,Martiza,1990,F,28
1073229,Maryrose,1990,F,28
1073230,Matilda,1990,F,28
1073231,Megann,1990,F,28
1073232,Michaelle,1990,F,28
1073233,Myah,1990,F,28
1073234,Myiesha,1990,F,28
1073235,Nada,1990,F,28
1073236,Nakeshia,1990,F,28
1073237,Nana,1990,F,28
1073238,Niasia,1990,F,28
1073239,Queen,1990,F,28
1073240,Rashawn,1990,F,28
1073241,Sakina,1990,F,28
1073242,Sammie,1990,F,28
1073243,Sarabeth,1990,F,28
1073244,Shadonna,1990,F,28
1073245,Shakirah,1990,F,28
1073246,Shameeka,1990,F,28
1073247,Shameika,1990,F,28
1073248,Shamyra,1990,F,28
1073249,Shaquala,1990,F,28
1073250,Sheneka,1990,F,28
1073251,Shequita,1990,F,28
1073252,Silver,1990,F,28
1073253,Solange,1990,F,28
1073254,Sunnie,1990,F,28
1073255,Suzie,1990,F,28
1073256,Tahira,1990,F,28
1073257,Tifani,1990,F,28
1073258,Tiffiany,1990,F,28
1073259,Toby,1990,F,28
1073260,Triana,1990,F,28
1073261,Trinidad,1990,F,28
1073262,Vasiliki,1990,F,28
1073263,Aaryn,1990,F,27
1073264,Aleigha,1990,F,27
1073265,Amarilis,1990,F,27
1073266,Ammie,1990,F,27
1073267,Anam,1990,F,27
1073268,Angelicia,1990,F,27
1073269,Antonina,1990,F,27
1073270,Beronica,1990,F,27
1073271,Blaze,1990,F,27
1073272,Brittan,1990,F,27
1073273,Candelaria,1990,F,27
1073274,Caresse,1990,F,27
1073275,Caridad,1990,F,27
1073276,Catrice,1990,F,27
1073277,Chaney,1990,F,27
1073278,Christinia,1990,F,27
1073279,Dalisha,1990,F,27
1073280,Elysha,1990,F,27
1073281,Erendira,1990,F,27
1073282,Erma,1990,F,27
1073283,Frieda,1990,F,27
1073284,Giovanni,1990,F,27
1073285,Herminia,1990,F,27
1073286,Hilliary,1990,F,27
1073287,Jamara,1990,F,27
1073288,Jamecia,1990,F,27
1073289,Janielle,1990,F,27
1073290,Jazlyn,1990,F,27
1073291,Jordynn,1990,F,27
1073292,Joshlyn,1990,F,27
1073293,Josi,1990,F,27
1073294,Karisma,1990,F,27
1073295,Kary,1990,F,27
1073296,Kassey,1990,F,27
1073297,Katelyne,1990,F,27
1073298,Kela,1990,F,27
1073299,Kellen,1990,F,27
1073300,Keziah,1990,F,27
1073301,Khrystyne,1990,F,27
1073302,Kiran,1990,F,27
1073303,Kiyana,1990,F,27
1073304,Kodie,1990,F,27
1073305,Kristyne,1990,F,27
1073306,Lakeitha,1990,F,27
1073307,Lekeisha,1990,F,27
1073308,Lelia,1990,F,27
1073309,Leonela,1990,F,27
1073310,Liseth,1990,F,27
1073311,Lisha,1990,F,27
1073312,Lucila,1990,F,27
1073313,Lyndsy,1990,F,27
1073314,Manal,1990,F,27
1073315,Mariella,1990,F,27
1073316,Marketta,1990,F,27
1073317,Marlin,1990,F,27
1073318,Marni,1990,F,27
1073319,Marrisa,1990,F,27
1073320,Maryjane,1990,F,27
1073321,Maryjo,1990,F,27
1073322,Meggie,1990,F,27
1073323,Mele,1990,F,27
1073324,Miah,1990,F,27
1073325,Nandi,1990,F,27
1073326,Natassia,1990,F,27
1073327,Necole,1990,F,27
1073328,Neelam,1990,F,27
1073329,Nefertiti,1990,F,27
1073330,Nissa,1990,F,27
1073331,Nyla,1990,F,27
1073332,Ophelia,1990,F,27
1073333,Quanita,1990,F,27
1073334,Raine,1990,F,27
1073335,Raizy,1990,F,27
1073336,Rashanda,1990,F,27
1073337,Rawan,1990,F,27
1073338,Rayanna,1990,F,27
1073339,Reanne,1990,F,27
1073340,Ronika,1990,F,27
1073341,Rosalva,1990,F,27
1073342,Ryane,1990,F,27
1073343,Shanette,1990,F,27
1073344,Shantrice,1990,F,27
1073345,Shelbey,1990,F,27
1073346,Shera,1990,F,27
1073347,Shoua,1990,F,27
1073348,Talaya,1990,F,27
1073349,Tamica,1990,F,27
1073350,Tamyra,1990,F,27
1073351,Tanita,1990,F,27
1073352,Tawney,1990,F,27
1073353,Teonna,1990,F,27
1073354,Terrika,1990,F,27
1073355,Tessie,1990,F,27
1073356,Tifany,1990,F,27
1073357,Tiffiney,1990,F,27
1073358,Victor,1990,F,27
1073359,Vivianna,1990,F,27
1073360,Willa,1990,F,27
1073361,Yolonda,1990,F,27
1073362,Zoraida,1990,F,27
1073363,Alexsis,1990,F,26
1073364,Alva,1990,F,26
1073365,Amberlynn,1990,F,26
1073366,Ambur,1990,F,26
1073367,Ameera,1990,F,26
1073368,Areil,1990,F,26
1073369,Arlena,1990,F,26
1073370,Armanda,1990,F,26
1073371,Asheley,1990,F,26
1073372,Aysia,1990,F,26
1073373,Catlyn,1990,F,26
1073374,Ceaira,1990,F,26
1073375,Champagne,1990,F,26
1073376,Chanise,1990,F,26
1073377,Chardonnay,1990,F,26
1073378,Charita,1990,F,26
1073379,Corinthia,1990,F,26
1073380,Danille,1990,F,26
1073381,Delila,1990,F,26
1073382,Delta,1990,F,26
1073383,Derica,1990,F,26
1073384,Deshawn,1990,F,26
1073385,Devonne,1990,F,26
1073386,Donica,1990,F,26
1073387,Ellery,1990,F,26
1073388,Elysse,1990,F,26
1073389,Eman,1990,F,26
1073390,Emili,1990,F,26
1073391,Endia,1990,F,26
1073392,Fay,1990,F,26
1073393,Gitty,1990,F,26
1073394,Jamiee,1990,F,26
1073395,Jamielee,1990,F,26
1073396,Jasmina,1990,F,26
1073397,Jenette,1990,F,26
1073398,Jenine,1990,F,26
1073399,Jensine,1990,F,26
1073400,Jessyka,1990,F,26
1073401,Jocelyne,1990,F,26
1073402,Kaelee,1990,F,26
1073403,Kamara,1990,F,26
1073404,Karey,1990,F,26
1073405,Kasee,1990,F,26
1073406,Kenda,1990,F,26
1073407,Kennesha,1990,F,26
1073408,Khrystal,1990,F,26
1073409,Kolby,1990,F,26
1073410,Kory,1990,F,26
1073411,Krissa,1990,F,26
1073412,Krystian,1990,F,26
1073413,Lakeesha,1990,F,26
1073414,Lasandra,1990,F,26
1073415,Leaha,1990,F,26
1073416,Lorianne,1990,F,26
1073417,Marketa,1990,F,26
1073418,Marquesha,1990,F,26
1073419,Martin,1990,F,26
1073420,Marya,1990,F,26
1073421,Marycruz,1990,F,26
1073422,Mayte,1990,F,26
1073423,Megen,1990,F,26
1073424,Melisha,1990,F,26
1073425,Mollee,1990,F,26
1073426,Nikkie,1990,F,26
1073427,Noelani,1990,F,26
1073428,Payal,1990,F,26
1073429,Randy,1990,F,26
1073430,Rochell,1990,F,26
1073431,Rosina,1990,F,26
1073432,Sabrena,1990,F,26
1073433,Sha,1990,F,26
1073434,Shakima,1990,F,26
1073435,Shandrika,1990,F,26
1073436,Shanece,1990,F,26
1073437,Shaquila,1990,F,26
1073438,Sharleen,1990,F,26
1073439,Sharnae,1990,F,26
1073440,Shenequa,1990,F,26
1073441,Sherina,1990,F,26
1073442,Smantha,1990,F,26
1073443,Suleyma,1990,F,26
1073444,Sulma,1990,F,26
1073445,Talina,1990,F,26
1073446,Tameisha,1990,F,26
1073447,Tashay,1990,F,26
1073448,Tawanda,1990,F,26
1073449,Temika,1990,F,26
1073450,Thu,1990,F,26
1073451,Tommi,1990,F,26
1073452,Vanna,1990,F,26
1073453,Veronique,1990,F,26
1073454,Alita,1990,F,25
1073455,Allysia,1990,F,25
1073456,Alyxandria,1990,F,25
1073457,Amity,1990,F,25
1073458,Analee,1990,F,25
1073459,Annissa,1990,F,25
1073460,Apolonia,1990,F,25
1073461,Arden,1990,F,25
1073462,Ashlan,1990,F,25
1073463,Athina,1990,F,25
1073464,Avis,1990,F,25
1073465,Brady,1990,F,25
1073466,Brieann,1990,F,25
1073467,Britton,1990,F,25
1073468,Byanca,1990,F,25
1073469,Camilia,1990,F,25
1073470,Camillia,1990,F,25
1073471,Carlisha,1990,F,25
1073472,Carra,1990,F,25
1073473,Catheryn,1990,F,25
1073474,Cecilie,1990,F,25
1073475,Ceira,1990,F,25
1073476,Chantae,1990,F,25
1073477,Chauncey,1990,F,25
1073478,Chavon,1990,F,25
1073479,Chelesa,1990,F,25
1073480,Chesley,1990,F,25
1073481,Concetta,1990,F,25
1073482,Coryn,1990,F,25
1073483,Danitza,1990,F,25
1073484,Darline,1990,F,25
1073485,Deshawna,1990,F,25
1073486,Domenique,1990,F,25
1073487,Edgar,1990,F,25
1073488,Emmaline,1990,F,25
1073489,Erlinda,1990,F,25
1073490,Essie,1990,F,25
1073491,Franki,1990,F,25
1073492,Fredericka,1990,F,25
1073493,Gayla,1990,F,25
1073494,Hortencia,1990,F,25
1073495,Jackee,1990,F,25
1073496,Jacqlyn,1990,F,25
1073497,Jacqualyn,1990,F,25
1073498,Jakia,1990,F,25
1073499,Jameela,1990,F,25
1073500,Jamese,1990,F,25
1073501,Jamesia,1990,F,25
1073502,Janella,1990,F,25
1073503,Janique,1990,F,25
1073504,Jenai,1990,F,25
1073505,Jorge,1990,F,25
1073506,Josephina,1990,F,25
1073507,Kaile,1990,F,25
1073508,Kameisha,1990,F,25
1073509,Kandy,1990,F,25
1073510,Kayela,1990,F,25
1073511,Kearstin,1990,F,25
1073512,Kelcee,1990,F,25
1073513,Korinne,1990,F,25
1073514,Korrie,1990,F,25
1073515,Lan,1990,F,25
1073516,Lauralee,1990,F,25
1073517,Le,1990,F,25
1073518,Leela,1990,F,25
1073519,Loriann,1990,F,25
1073520,Lorina,1990,F,25
1073521,Lynna,1990,F,25
1073522,Malori,1990,F,25
1073523,Marcedes,1990,F,25
1073524,Marlisa,1990,F,25
1073525,Marwa,1990,F,25
1073526,Mehgan,1990,F,25
1073527,Miata,1990,F,25
1073528,Milena,1990,F,25
1073529,Morghan,1990,F,25
1073530,Nakeya,1990,F,25
1073531,Nathan,1990,F,25
1073532,Nida,1990,F,25
1073533,Nour,1990,F,25
1073534,Nova,1990,F,25
1073535,Parisa,1990,F,25
1073536,Patrica,1990,F,25
1073537,Patrina,1990,F,25
1073538,Peri,1990,F,25
1073539,Quintina,1990,F,25
1073540,Riki,1990,F,25
1073541,Rosalynn,1990,F,25
1073542,Rosy,1990,F,25
1073543,Ruthie,1990,F,25
1073544,Sabine,1990,F,25
1073545,Shakeema,1990,F,25
1073546,Shakina,1990,F,25
1073547,Shandreka,1990,F,25
1073548,Shanica,1990,F,25
1073549,Shaterra,1990,F,25
1073550,Sherica,1990,F,25
1073551,Steffi,1990,F,25
1073552,Susy,1990,F,25
1073553,Tahirah,1990,F,25
1073554,Talesha,1990,F,25
1073555,Tanja,1990,F,25
1073556,Taylour,1990,F,25
1073557,Terria,1990,F,25
1073558,Thomasina,1990,F,25
1073559,Tichina,1990,F,25
1073560,Tiffeny,1990,F,25
1073561,Tiphanie,1990,F,25
1073562,Tonika,1990,F,25
1073563,Tony,1990,F,25
1073564,Toria,1990,F,25
1073565,Tracee,1990,F,25
1073566,Van,1990,F,25
1073567,Viktoria,1990,F,25
1073568,Yareli,1990,F,25
1073569,Adelle,1990,F,24
1073570,Adriann,1990,F,24
1073571,Alaine,1990,F,24
1073572,Aleece,1990,F,24
1073573,Aleia,1990,F,24
1073574,Aleta,1990,F,24
1073575,Allanah,1990,F,24
1073576,Alona,1990,F,24
1073577,Ambre,1990,F,24
1073578,Angle,1990,F,24
1073579,Anny,1990,F,24
1073580,Arcelia,1990,F,24
1073581,Aretha,1990,F,24
1073582,Aries,1990,F,24
1073583,Atiya,1990,F,24
1073584,Basia,1990,F,24
1073585,Britiany,1990,F,24
1073586,Callista,1990,F,24
1073587,Carlita,1990,F,24
1073588,Carman,1990,F,24
1073589,Carri,1990,F,24
1073590,Cassia,1990,F,24
1073591,Chaniece,1990,F,24
1073592,Chaniqua,1990,F,24
1073593,Charnae,1990,F,24
1073594,Cherrell,1990,F,24
1073595,Chi,1990,F,24
1073596,Chioma,1990,F,24
1073597,Crissy,1990,F,24
1073598,Crystalyn,1990,F,24
1073599,Denia,1990,F,24
1073600,Denika,1990,F,24
1073601,Derika,1990,F,24
1073602,Destin,1990,F,24
1073603,Effie,1990,F,24
1073604,Emmie,1990,F,24
1073605,Giavanna,1990,F,24
1073606,Halli,1990,F,24
1073607,Ieasha,1990,F,24
1073608,Ila,1990,F,24
1073609,Jacquelynne,1990,F,24
1073610,Jasamine,1990,F,24
1073611,Jasman,1990,F,24
1073612,Joslin,1990,F,24
1073613,Julieanna,1990,F,24
1073614,Jyssica,1990,F,24
1073615,Kailie,1990,F,24
1073616,Kamryn,1990,F,24
1073617,Karleen,1990,F,24
1073618,Katrin,1990,F,24
1073619,Keelie,1990,F,24
1073620,Kendrea,1990,F,24
1073621,Kenzi,1990,F,24
1073622,Kerriann,1990,F,24
1073623,Kymberli,1990,F,24
1073624,Lasasha,1990,F,24
1073625,Lashana,1990,F,24
1073626,Latoshia,1990,F,24
1073627,Ligia,1990,F,24
1073628,Linzie,1990,F,24
1073629,Lisett,1990,F,24
1073630,Lissett,1990,F,24
1073631,Lizbet,1990,F,24
1073632,Lyn,1990,F,24
1073633,Madonna,1990,F,24
1073634,Mariadejesus,1990,F,24
1073635,Mario,1990,F,24
1073636,Massiel,1990,F,24
1073637,Matilde,1990,F,24
1073638,Mattea,1990,F,24
1073639,Milagro,1990,F,24
1073640,Natoshia,1990,F,24
1073641,Neely,1990,F,24
1073642,Nicholette,1990,F,24
1073643,Nola,1990,F,24
1073644,Quinisha,1990,F,24
1073645,Rafaela,1990,F,24
1073646,Raleigh,1990,F,24
1073647,Randall,1990,F,24
1073648,Ravensymone,1990,F,24
1073649,Rhiana,1990,F,24
1073650,Ria,1990,F,24
1073651,Ruthann,1990,F,24
1073652,Samanth,1990,F,24
1073653,Sayra,1990,F,24
1073654,Scott,1990,F,24
1073655,Season,1990,F,24
1073656,Shaley,1990,F,24
1073657,Shalisha,1990,F,24
1073658,Sharrell,1990,F,24
1073659,Shawnice,1990,F,24
1073660,Shenna,1990,F,24
1073661,Sherie,1990,F,24
1073662,Siarra,1990,F,24
1073663,Silvana,1990,F,24
1073664,Siomara,1990,F,24
1073665,Stepanie,1990,F,24
1073666,Subrina,1990,F,24
1073667,Taneesha,1990,F,24
1073668,Tarryn,1990,F,24
1073669,Taya,1990,F,24
1073670,Tenaya,1990,F,24
1073671,Tesa,1990,F,24
1073672,Teshia,1990,F,24
1073673,Tiah,1990,F,24
1073674,Tiffanee,1990,F,24
1073675,Timeka,1990,F,24
1073676,Tobi,1990,F,24
1073677,Tonja,1990,F,24
1073678,Tyiesha,1990,F,24
1073679,Vy,1990,F,24
1073680,Yohana,1990,F,24
1073681,Aaren,1990,F,23
1073682,Adia,1990,F,23
1073683,Adreana,1990,F,23
1073684,Adrina,1990,F,23
1073685,Agnieszka,1990,F,23
1073686,Ahna,1990,F,23
1073687,Airel,1990,F,23
1073688,Aleida,1990,F,23
1073689,Alesandra,1990,F,23
1073690,Alicen,1990,F,23
1073691,Allycia,1990,F,23
1073692,Anabelle,1990,F,23
1073693,Analaura,1990,F,23
1073694,Anayeli,1990,F,23
1073695,Anica,1990,F,23
1073696,Argelia,1990,F,23
1073697,Aris,1990,F,23
1073698,Arriel,1990,F,23
1073699,Ashlynne,1990,F,23
1073700,Aubri,1990,F,23
1073701,August,1990,F,23
1073702,Azalea,1990,F,23
1073703,Azure,1990,F,23
1073704,Baylie,1990,F,23
1073705,Bliss,1990,F,23
1073706,Bryttani,1990,F,23
1073707,Cailee,1990,F,23
1073708,Camellia,1990,F,23
1073709,Camryn,1990,F,23
1073710,Carline,1990,F,23
1073711,Carrisa,1990,F,23
1073712,Cassandre,1990,F,23
1073713,Catina,1990,F,23
1073714,Caylin,1990,F,23
1073715,Cesily,1990,F,23
1073716,Chancey,1990,F,23
1073717,Chelcee,1990,F,23
1073718,Chole,1990,F,23
1073719,Christene,1990,F,23
1073720,Chrystina,1990,F,23
1073721,Coretta,1990,F,23
1073722,Damara,1990,F,23
1073723,Damonica,1990,F,23
1073724,Danni,1990,F,23
1073725,Darleen,1990,F,23
1073726,Davita,1990,F,23
1073727,Denee,1990,F,23
1073728,Dinora,1990,F,23
1073729,Ellyse,1990,F,23
1073730,Enid,1990,F,23
1073731,Ericca,1990,F,23
1073732,Frederica,1990,F,23
1073733,Gao,1990,F,23
1073734,Genie,1990,F,23
1073735,Gregory,1990,F,23
1073736,Hanh,1990,F,23
1073737,Huong,1990,F,23
1073738,Irina,1990,F,23
1073739,Jaden,1990,F,23
1073740,Jamye,1990,F,23
1073741,Jaquana,1990,F,23
1073742,Jera,1990,F,23
1073743,Jerry,1990,F,23
1073744,Jesi,1990,F,23
1073745,Jonisha,1990,F,23
1073746,Jonni,1990,F,23
1073747,Jovonna,1990,F,23
1073748,Kaeley,1990,F,23
1073749,Kailin,1990,F,23
1073750,Karessa,1990,F,23
1073751,Karisha,1990,F,23
1073752,Kasara,1990,F,23
1073753,Katelan,1990,F,23
1073754,Kathyrn,1990,F,23
1073755,Katty,1990,F,23
1073756,Kayln,1990,F,23
1073757,Kayse,1990,F,23
1073758,Kaytie,1990,F,23
1073759,Keianna,1990,F,23
1073760,Keith,1990,F,23
1073761,Kelle,1990,F,23
1073762,Khaliah,1990,F,23
1073763,Kimaya,1990,F,23
1073764,Kimbra,1990,F,23
1073765,Krislyn,1990,F,23
1073766,Krystalyn,1990,F,23
1073767,Laneisha,1990,F,23
1073768,Lashundra,1990,F,23
1073769,Laurissa,1990,F,23
1073770,Lenore,1990,F,23
1073771,Leondra,1990,F,23
1073772,Leta,1990,F,23
1073773,Letty,1990,F,23
1073774,Lezlie,1990,F,23
1073775,Lindi,1990,F,23
1073776,Lynae,1990,F,23
1073777,Makenzi,1990,F,23
1073778,Malyssa,1990,F,23
1073779,Maricel,1990,F,23
1073780,Mariya,1990,F,23
1073781,Markeshia,1990,F,23
1073782,Marlayna,1990,F,23
1073783,Marquise,1990,F,23
1073784,Maygan,1990,F,23
1073785,Melba,1990,F,23
1073786,Mikia,1990,F,23
1073787,My,1990,F,23
1073788,Naisha,1990,F,23
1073789,Nikisha,1990,F,23
1073790,Nou,1990,F,23
1073791,Payton,1990,F,23
1073792,Raena,1990,F,23
1073793,Raizel,1990,F,23
1073794,Raneisha,1990,F,23
1073795,Raquelle,1990,F,23
1073796,Rasheedah,1990,F,23
1073797,Remi,1990,F,23
1073798,Safiya,1990,F,23
1073799,Saidah,1990,F,23
1073800,Saralyn,1990,F,23
1073801,Shalon,1990,F,23
1073802,Shalynn,1990,F,23
1073803,Shaquitta,1990,F,23
1073804,Shareen,1990,F,23
1073805,Shaunda,1990,F,23
1073806,Shauntae,1990,F,23
1073807,Shaylynn,1990,F,23
1073808,Shealyn,1990,F,23
1073809,Sheng,1990,F,23
1073810,Sherilyn,1990,F,23
1073811,Shontay,1990,F,23
1073812,Siena,1990,F,23
1073813,Siri,1990,F,23
1073814,Sonni,1990,F,23
1073815,Suzana,1990,F,23
1073816,Sydne,1990,F,23
1073817,Tahlia,1990,F,23
1073818,Taleah,1990,F,23
1073819,Talor,1990,F,23
1073820,Tamarra,1990,F,23
1073821,Tasheka,1990,F,23
1073822,Terika,1990,F,23
1073823,Timber,1990,F,23
1073824,Tinesha,1990,F,23
1073825,Toi,1990,F,23
1073826,Trevor,1990,F,23
1073827,Vienna,1990,F,23
1073828,Vivien,1990,F,23
1073829,Vivienne,1990,F,23
1073830,Yaneli,1990,F,23
1073831,Abigael,1990,F,22
1073832,Aditi,1990,F,22
1073833,Aidee,1990,F,22
1073834,Alaa,1990,F,22
1073835,Aletha,1990,F,22
1073836,Alta,1990,F,22
1073837,Andreanna,1990,F,22
1073838,Angelene,1990,F,22
1073839,Ari,1990,F,22
1073840,Artavia,1990,F,22
1073841,Asusena,1990,F,22
1073842,Bethanne,1990,F,22
1073843,Blakely,1990,F,22
1073844,Brette,1990,F,22
1073845,Brittane,1990,F,22
1073846,Bryna,1990,F,22
1073847,Camry,1990,F,22
1073848,Carlissa,1990,F,22
1073849,Chance,1990,F,22
1073850,Chesney,1990,F,22
1073851,Cheyenna,1990,F,22
1073852,Clarisse,1990,F,22
1073853,Danee,1990,F,22
1073854,Danessa,1990,F,22
1073855,Darielle,1990,F,22
1073856,Dashia,1990,F,22
1073857,Demetrius,1990,F,22
1073858,Deneisha,1990,F,22
1073859,Dia,1990,F,22
1073860,Diedre,1990,F,22
1073861,Donnisha,1990,F,22
1073862,Dori,1990,F,22
1073863,Eleana,1990,F,22
1073864,Elin,1990,F,22
1073865,Elinor,1990,F,22
1073866,Erick,1990,F,22
1073867,Felisa,1990,F,22
1073868,Flavia,1990,F,22
1073869,Gardenia,1990,F,22
1073870,Georgianna,1990,F,22
1073871,Germaine,1990,F,22
1073872,Gerri,1990,F,22
1073873,Heavenly,1990,F,22
1073874,Hillarie,1990,F,22
1073875,Jameelah,1990,F,22
1073876,Jannah,1990,F,22
1073877,Jara,1990,F,22
1073878,Jeena,1990,F,22
1073879,Joella,1990,F,22
1073880,Joie,1990,F,22
1073881,Karianne,1990,F,22
1073882,Karimah,1990,F,22
1073883,Kasia,1990,F,22
1073884,Katelynd,1990,F,22
1073885,Keasha,1990,F,22
1073886,Keeli,1990,F,22
1073887,Kensey,1990,F,22
1073888,Keyerra,1990,F,22
1073889,Korri,1990,F,22
1073890,Kourtnee,1990,F,22
1073891,Krystan,1990,F,22
1073892,Kymberlee,1990,F,22
1073893,Lamisha,1990,F,22
1073894,Laquasha,1990,F,22
1073895,Larisha,1990,F,22
1073896,Latecia,1990,F,22
1073897,Leesha,1990,F,22
1073898,Lenae,1990,F,22
1073899,Leonora,1990,F,22
1073900,Letecia,1990,F,22
1073901,Lexy,1990,F,22
1073902,Linzi,1990,F,22
1073903,Lyndee,1990,F,22
1073904,Lynnsey,1990,F,22
1073905,Machelle,1990,F,22
1073906,Maggi,1990,F,22
1073907,Malena,1990,F,22
1073908,Marcelle,1990,F,22
1073909,Maricarmen,1990,F,22
1073910,Marlie,1990,F,22
1073911,Marlina,1990,F,22
1073912,Marva,1990,F,22
1073913,Marylynn,1990,F,22
1073914,Mckenzi,1990,F,22
1073915,Megha,1990,F,22
1073916,Memory,1990,F,22
1073917,Merritt,1990,F,22
1073918,Mi,1990,F,22
1073919,Mikel,1990,F,22
1073920,Misa,1990,F,22
1073921,Monalisa,1990,F,22
1073922,Mychelle,1990,F,22
1073923,Narissa,1990,F,22
1073924,Nicolina,1990,F,22
1073925,Nya,1990,F,22
1073926,Oscar,1990,F,22
1073927,Perry,1990,F,22
1073928,Prisma,1990,F,22
1073929,Quenisha,1990,F,22
1073930,Quinesha,1990,F,22
1073931,Raeven,1990,F,22
1073932,Rakia,1990,F,22
1073933,Rashawnda,1990,F,22
1073934,Rayne,1990,F,22
1073935,Rivkah,1990,F,22
1073936,Saida,1990,F,22
1073937,Sandie,1990,F,22
1073938,Sanjuana,1990,F,22
1073939,Sarra,1990,F,22
1073940,Serene,1990,F,22
1073941,Shada,1990,F,22
1073942,Shakema,1990,F,22
1073943,Shakerra,1990,F,22
1073944,Shalamar,1990,F,22
1073945,Shalimar,1990,F,22
1073946,Shandy,1990,F,22
1073947,Shaniquia,1990,F,22
1073948,Sharaya,1990,F,22
1073949,Sharise,1990,F,22
1073950,Sharissa,1990,F,22
1073951,Sharlee,1990,F,22
1073952,Shianna,1990,F,22
1073953,Shiela,1990,F,22
1073954,Shontel,1990,F,22
1073955,Sima,1990,F,22
1073956,Sunita,1990,F,22
1073957,Syeda,1990,F,22
1073958,Talicia,1990,F,22
1073959,Tanea,1990,F,22
1073960,Tantania,1990,F,22
1073961,Tanzania,1990,F,22
1073962,Tashanna,1990,F,22
1073963,Tashika,1990,F,22
1073964,Teddi,1990,F,22
1073965,Terran,1990,F,22
1073966,Tiaira,1990,F,22
1073967,Tran,1990,F,22
1073968,Trish,1990,F,22
1073969,Vida,1990,F,22
1073970,Ximena,1990,F,22
1073971,Zipporah,1990,F,22
1073972,Zulma,1990,F,22
1073973,Alberto,1990,F,21
1073974,Alexie,1990,F,21
1073975,Alicea,1990,F,21
1073976,Allena,1990,F,21
1073977,Altagracia,1990,F,21
1073978,Amia,1990,F,21
1073979,Anabell,1990,F,21
1073980,Anaid,1990,F,21
1073981,Andrina,1990,F,21
1073982,Angeles,1990,F,21
1073983,Anquanette,1990,F,21
1073984,Armida,1990,F,21
1073985,Ayisha,1990,F,21
1073986,Batsheva,1990,F,21
1073987,Berenise,1990,F,21
1073988,Blima,1990,F,21
1073989,Breeanne,1990,F,21
1073990,Brena,1990,F,21
1073991,Canesha,1990,F,21
1073992,Carisma,1990,F,21
1073993,Cassady,1990,F,21
1073994,Channell,1990,F,21
1073995,Chantay,1990,F,21
1073996,Chayla,1990,F,21
1073997,Chevelle,1990,F,21
1073998,Chinyere,1990,F,21
1073999,Christain,1990,F,21
1074000,Corinn,1990,F,21
1074001,Courtny,1990,F,21
1074002,Cruz,1990,F,21
1074003,Cyndy,1990,F,21
1074004,Darien,1990,F,21
1074005,Davon,1990,F,21
1074006,Denyse,1990,F,21
1074007,Diamonique,1990,F,21
1074008,Dierra,1990,F,21
1074009,Domenica,1990,F,21
1074010,Doneisha,1990,F,21
1074011,Dreama,1990,F,21
1074012,Edlyn,1990,F,21
1074013,Eduardo,1990,F,21
1074014,Elizebeth,1990,F,21
1074015,Emelie,1990,F,21
1074016,Etta,1990,F,21
1074017,Evelynn,1990,F,21
1074018,Gisele,1990,F,21
1074019,Halle,1990,F,21
1074020,Hayle,1990,F,21
1074021,Ilyssa,1990,F,21
1074022,Irais,1990,F,21
1074023,Isa,1990,F,21
1074024,Jacee,1990,F,21
1074025,Jackelin,1990,F,21
1074026,Jalecia,1990,F,21
1074027,Jalesia,1990,F,21
1074028,Jalysa,1990,F,21
1074029,Jameisha,1990,F,21
1074030,Jamelia,1990,F,21
1074031,Janica,1990,F,21
1074032,Jaquisha,1990,F,21
1074033,Jared,1990,F,21
1074034,Jayci,1990,F,21
1074035,Jennalee,1990,F,21
1074036,Jessilyn,1990,F,21
1074037,Jona,1990,F,21
1074038,Jordanna,1990,F,21
1074039,Joseline,1990,F,21
1074040,Kalei,1990,F,21
1074041,Kareen,1990,F,21
1074042,Kasheena,1990,F,21
1074043,Kashia,1990,F,21
1074044,Kathlene,1990,F,21
1074045,Kathrina,1990,F,21
1074046,Katiana,1990,F,21
1074047,Kawana,1990,F,21
1074048,Keleigh,1990,F,21
1074049,Kellianne,1990,F,21
1074050,Kellsey,1990,F,21
1074051,Kerrin,1990,F,21
1074052,Kitty,1990,F,21
1074053,Kristeen,1990,F,21
1074054,Kyera,1990,F,21
1074055,Lamanda,1990,F,21
1074056,Lamia,1990,F,21
1074057,Laporsche,1990,F,21
1074058,Leisa,1990,F,21
1074059,Leola,1990,F,21
1074060,Lesha,1990,F,21
1074061,Liesl,1990,F,21
1074062,Lorinda,1990,F,21
1074063,Lura,1990,F,21
1074064,Lynsi,1990,F,21
1074065,Lysa,1990,F,21
1074066,Madelene,1990,F,21
1074067,Mahala,1990,F,21
1074068,Manisha,1990,F,21
1074069,Marche,1990,F,21
1074070,Margeaux,1990,F,21
1074071,Maritsa,1990,F,21
1074072,Marshay,1990,F,21
1074073,Marysa,1990,F,21
1074074,Maurissa,1990,F,21
1074075,Medina,1990,F,21
1074076,Meesha,1990,F,21
1074077,Mei,1990,F,21
1074078,Meighan,1990,F,21
1074079,Meliza,1990,F,21
1074080,Melodi,1990,F,21
1074081,Merari,1990,F,21
1074082,Micayla,1990,F,21
1074083,Micheal,1990,F,21
1074084,Micki,1990,F,21
1074085,Midori,1990,F,21
1074086,Mila,1990,F,21
1074087,Mitchelle,1990,F,21
1074088,Mitzy,1990,F,21
1074089,Nadirah,1990,F,21
1074090,Nanette,1990,F,21
1074091,Nastasha,1990,F,21
1074092,Natia,1990,F,21
1074093,Nilda,1990,F,21
1074094,Nyisha,1990,F,21
1074095,Omayra,1990,F,21
1074096,Peter,1990,F,21
1074097,Quianna,1990,F,21
1074098,Rabia,1990,F,21
1074099,Rashae,1990,F,21
1074100,Regine,1990,F,21
1074101,Rickie,1990,F,21
1074102,Robynn,1990,F,21
1074103,Rowena,1990,F,21
1074104,Rudi,1990,F,21
1074105,Samanthia,1990,F,21
1074106,Samar,1990,F,21
1074107,Santa,1990,F,21
1074108,Saskia,1990,F,21
1074109,Sendy,1990,F,21
1074110,Sera,1990,F,21
1074111,Serafina,1990,F,21
1074112,Shaday,1990,F,21
1074113,Shakila,1990,F,21
1074114,Shalana,1990,F,21
1074115,Shanti,1990,F,21
1074116,Sharena,1990,F,21
1074117,Shaundra,1990,F,21
1074118,Shawntay,1990,F,21
1074119,Shawntell,1990,F,21
1074120,Sherese,1990,F,21
1074121,Shondra,1990,F,21
1074122,Shontavia,1990,F,21
1074123,Shontell,1990,F,21
1074124,Shyra,1990,F,21
1074125,Skyy,1990,F,21
1074126,Soleil,1990,F,21
1074127,Sully,1990,F,21
1074128,Tal,1990,F,21
1074129,Tanasha,1990,F,21
1074130,Taneika,1990,F,21
1074131,Tashae,1990,F,21
1074132,Tashauna,1990,F,21
1074133,Teairra,1990,F,21
1074134,Teala,1990,F,21
1074135,Terrah,1990,F,21
1074136,Tonie,1990,F,21
1074137,Vaness,1990,F,21
1074138,Whitlee,1990,F,21
1074139,Yashira,1990,F,21
1074140,Ysamar,1990,F,21
1074141,Zahira,1990,F,21
1074142,Zeinab,1990,F,21
1074143,Zoya,1990,F,21
1074144,Abbe,1990,F,20
1074145,Abrianna,1990,F,20
1074146,Adair,1990,F,20
1074147,Aiyana,1990,F,20
1074148,Akela,1990,F,20
1074149,Alexcia,1990,F,20
1074150,Alexius,1990,F,20
1074151,Alfreda,1990,F,20
1074152,Alley,1990,F,20
1074153,Amna,1990,F,20
1074154,Anneke,1990,F,20
1074155,Anthea,1990,F,20
1074156,Ariadna,1990,F,20
1074157,Arlette,1990,F,20
1074158,Artisha,1990,F,20
1074159,Aryana,1990,F,20
1074160,Audreana,1990,F,20
1074161,Aylssa,1990,F,20
1074162,Bambi,1990,F,20
1074163,Bari,1990,F,20
1074164,Beverley,1990,F,20
1074165,Blakeley,1990,F,20
1074166,Branda,1990,F,20
1074167,Breaunna,1990,F,20
1074168,Breianna,1990,F,20
1074169,Bridney,1990,F,20
1074170,Brigit,1990,F,20
1074171,Carlina,1990,F,20
1074172,Carolanne,1990,F,20
1074173,Charlese,1990,F,20
1074174,Charletta,1990,F,20
1074175,Chelci,1990,F,20
1074176,Chenise,1990,F,20
1074177,Chrysta,1990,F,20
1074178,Ciana,1990,F,20
1074179,Corena,1990,F,20
1074180,Corynn,1990,F,20
1074181,Courtnei,1990,F,20
1074182,Cristie,1990,F,20
1074183,Crystel,1990,F,20
1074184,Dashawna,1990,F,20
1074185,Dayla,1990,F,20
1074186,December,1990,F,20
1074187,Dejanae,1990,F,20
1074188,Deloris,1990,F,20
1074189,Destani,1990,F,20
1074190,Dimitra,1990,F,20
1074191,Dustie,1990,F,20
1074192,Emmily,1990,F,20
1074193,Ericia,1990,F,20
1074194,Eulalia,1990,F,20
1074195,Evelia,1990,F,20
1074196,Evon,1990,F,20
1074197,Gentry,1990,F,20
1074198,Gigi,1990,F,20
1074199,Gittel,1990,F,20
1074200,Hala,1990,F,20
1074201,Hinda,1990,F,20
1074202,Hira,1990,F,20
1074203,Huda,1990,F,20
1074204,Italia,1990,F,20
1074205,Jackilyn,1990,F,20
1074206,Jamilia,1990,F,20
1074207,Jamine,1990,F,20
1074208,Jaritza,1990,F,20
1074209,Jassmine,1990,F,20
1074210,Javon,1990,F,20
1074211,Jaynie,1990,F,20
1074212,Jolyn,1990,F,20
1074213,Jonita,1990,F,20
1074214,Joselin,1990,F,20
1074215,Judi,1990,F,20
1074216,Kaitlynne,1990,F,20
1074217,Kamila,1990,F,20
1074218,Kansas,1990,F,20
1074219,Karrissa,1990,F,20
1074220,Katera,1990,F,20
1074221,Katrena,1990,F,20
1074222,Kea,1990,F,20
1074223,Kelliann,1990,F,20
1074224,Kemberly,1990,F,20
1074225,Kenitra,1990,F,20
1074226,Kenyada,1990,F,20
1074227,Kiauna,1990,F,20
1074228,Ladawn,1990,F,20
1074229,Lakeysha,1990,F,20
1074230,Lanee,1990,F,20
1074231,Laporche,1990,F,20
1074232,Laportia,1990,F,20
1074233,Lashandra,1990,F,20
1074234,Lashanna,1990,F,20
1074235,Lashara,1990,F,20
1074236,Lasheena,1990,F,20
1074237,Lasonya,1990,F,20
1074238,Latasia,1990,F,20
1074239,Lateesha,1990,F,20
1074240,Lavinia,1990,F,20
1074241,Leatrice,1990,F,20
1074242,Lekeshia,1990,F,20
1074243,Linley,1990,F,20
1074244,Livia,1990,F,20
1074245,Lovely,1990,F,20
1074246,Luann,1990,F,20
1074247,Luci,1990,F,20
1074248,Madilyn,1990,F,20
1074249,Maiya,1990,F,20
1074250,Marica,1990,F,20
1074251,Maryanna,1990,F,20
1074252,Marylin,1990,F,20
1074253,Mason,1990,F,20
1074254,Mataya,1990,F,20
1074255,Matika,1990,F,20
1074256,Mckinzie,1990,F,20
1074257,Mellanie,1990,F,20
1074258,Merrill,1990,F,20
1074259,Mickie,1990,F,20
1074260,Mitchell,1990,F,20
1074261,Mysti,1990,F,20
1074262,Naimah,1990,F,20
1074263,Naya,1990,F,20
1074264,Pandora,1990,F,20
1074265,Parker,1990,F,20
1074266,Patti,1990,F,20
1074267,Porschia,1990,F,20
1074268,Quintessa,1990,F,20
1074269,Ramsey,1990,F,20
1074270,Rasha,1990,F,20
1074271,Rashaunda,1990,F,20
1074272,Rayann,1990,F,20
1074273,Reann,1990,F,20
1074274,Ricci,1990,F,20
1074275,Rona,1990,F,20
1074276,Ronnesha,1990,F,20
1074277,Rudy,1990,F,20
1074278,Sadi,1990,F,20
1074279,Sebrina,1990,F,20
1074280,Sequoya,1990,F,20
1074281,Shakeena,1990,F,20
1074282,Shalise,1990,F,20
1074283,Shandrea,1990,F,20
1074284,Shaneequa,1990,F,20
1074285,Shanekia,1990,F,20
1074286,Shanikqua,1990,F,20
1074287,Shanisha,1990,F,20
1074288,Shannen,1990,F,20
1074289,Sharese,1990,F,20
1074290,Sharniece,1990,F,20
1074291,Shaylin,1990,F,20
1074292,Shekia,1990,F,20
1074293,Shereka,1990,F,20
1074294,Shiniqua,1990,F,20
1074295,Solana,1990,F,20
1074296,Sonal,1990,F,20
1074297,Stephanee,1990,F,20
1074298,Syreeta,1990,F,20
1074299,Tacarra,1990,F,20
1074300,Tanishia,1990,F,20
1074301,Tashena,1990,F,20
1074302,Tatjana,1990,F,20
1074303,Tedra,1990,F,20
1074304,Teona,1990,F,20
1074305,Terrell,1990,F,20
1074306,Tiyana,1990,F,20
1074307,Trenice,1990,F,20
1074308,Tresa,1990,F,20
1074309,Trishia,1990,F,20
1074310,Tylisha,1990,F,20
1074311,Tyree,1990,F,20
1074312,Valeri,1990,F,20
1074313,Valisha,1990,F,20
1074314,Venice,1990,F,20
1074315,Vernice,1990,F,20
1074316,Vi,1990,F,20
1074317,Xia,1990,F,20
1074318,Abra,1990,F,19
1074319,Abriana,1990,F,19
1074320,Aigner,1990,F,19
1074321,Akeema,1990,F,19
1074322,Alixandria,1990,F,19
1074323,Aneshia,1990,F,19
1074324,Ania,1990,F,19
1074325,Anjuli,1990,F,19
1074326,Annalyse,1990,F,19
1074327,Apollonia,1990,F,19
1074328,Aviance,1990,F,19
1074329,Banessa,1990,F,19
1074330,Bayley,1990,F,19
1074331,Berlin,1990,F,19
1074332,Bibiana,1990,F,19
1074333,Bobbijo,1990,F,19
1074334,Bradi,1990,F,19
1074335,Brande,1990,F,19
1074336,Bridgitte,1990,F,19
1074337,Britley,1990,F,19
1074338,Brittania,1990,F,19
1074339,Brittanni,1990,F,19
1074340,Cadence,1990,F,19
1074341,Caitlen,1990,F,19
1074342,Camesha,1990,F,19
1074343,Carmin,1990,F,19
1074344,Cecilee,1990,F,19
1074345,Chalice,1990,F,19
1074346,Chani,1990,F,19
1074347,Charice,1990,F,19
1074348,Charlena,1990,F,19
1074349,Charmane,1990,F,19
1074350,Chelby,1990,F,19
1074351,Chelsia,1990,F,19
1074352,Cher,1990,F,19
1074353,Chrissa,1990,F,19
1074354,Cidney,1990,F,19
1074355,Colin,1990,F,19
1074356,Corianne,1990,F,19
1074357,Corri,1990,F,19
1074358,Corryn,1990,F,19
1074359,Deirdra,1990,F,19
1074360,Delena,1990,F,19
1074361,Delora,1990,F,19
1074362,Deneen,1990,F,19
1074363,Desha,1990,F,19
1074364,Deveney,1990,F,19
1074365,Devina,1990,F,19
1074366,Devinne,1990,F,19
1074367,Edward,1990,F,19
1074368,Elan,1990,F,19
1074369,Elina,1990,F,19
1074370,Elli,1990,F,19
1074371,Emi,1990,F,19
1074372,Esha,1990,F,19
1074373,Fredricka,1990,F,19
1074374,Galen,1990,F,19
1074375,Gisell,1990,F,19
1074376,Giuliana,1990,F,19
1074377,Grabiela,1990,F,19
1074378,Guinevere,1990,F,19
1074379,Henry,1990,F,19
1074380,Indya,1990,F,19
1074381,Inga,1990,F,19
1074382,Ivan,1990,F,19
1074383,Jaide,1990,F,19
1074384,Jalyn,1990,F,19
1074385,Jamesa,1990,F,19
1074386,Janean,1990,F,19
1074387,Janesa,1990,F,19
1074388,Janny,1990,F,19
1074389,Jazman,1990,F,19
1074390,Jazzlyn,1990,F,19
1074391,Jazzman,1990,F,19
1074392,Jennae,1990,F,19
1074393,Johnesha,1990,F,19
1074394,Jonica,1990,F,19
1074395,Jorie,1990,F,19
1074396,Josefa,1990,F,19
1074397,Justeen,1990,F,19
1074398,Kailynn,1990,F,19
1074399,Kalila,1990,F,19
1074400,Karyna,1990,F,19
1074401,Katiria,1990,F,19
1074402,Katja,1990,F,19
1074403,Kaylia,1990,F,19
1074404,Kelsay,1990,F,19
1074405,Kenosha,1990,F,19
1074406,Kerilyn,1990,F,19
1074407,Kerstyn,1990,F,19
1074408,Keyonia,1990,F,19
1074409,Khristian,1990,F,19
1074410,Kimi,1990,F,19
1074411,Kiosha,1990,F,19
1074412,Klara,1990,F,19
1074413,Kyiesha,1990,F,19
1074414,Lakecia,1990,F,19
1074415,Lanaya,1990,F,19
1074416,Lanora,1990,F,19
1074417,Laraine,1990,F,19
1074418,Laren,1990,F,19
1074419,Latika,1990,F,19
1074420,Latora,1990,F,19
1074421,Latrece,1990,F,19
1074422,Lindsee,1990,F,19
1074423,Linsay,1990,F,19
1074424,Lisseth,1990,F,19
1074425,Lonnie,1990,F,19
1074426,Lorisa,1990,F,19
1074427,Lucina,1990,F,19
1074428,Lyric,1990,F,19
1074429,Mackenzi,1990,F,19
1074430,Maigan,1990,F,19
1074431,Makaila,1990,F,19
1074432,Maleah,1990,F,19
1074433,Manar,1990,F,19
1074434,Marquette,1990,F,19
1074435,Marshae,1990,F,19
1074436,Martinique,1990,F,19
1074437,Maryah,1990,F,19
1074438,Marygrace,1990,F,19
1074439,Mayela,1990,F,19
1074440,Mckinsey,1990,F,19
1074441,Megumi,1990,F,19
1074442,Melania,1990,F,19
1074443,Meriah,1990,F,19
1074444,Merisa,1990,F,19
1074445,Minna,1990,F,19
1074446,Monay,1990,F,19
1074447,Montoya,1990,F,19
1074448,Myla,1990,F,19
1074449,Nachelle,1990,F,19
1074450,Naomie,1990,F,19
1074451,Nettie,1990,F,19
1074452,Nijah,1990,F,19
1074453,Nuvia,1990,F,19
1074454,Nyasha,1990,F,19
1074455,Ona,1990,F,19
1074456,Pearlie,1990,F,19
1074457,Prescilla,1990,F,19
1074458,Quaneisha,1990,F,19
1074459,Rasheena,1990,F,19
1074460,Renika,1990,F,19
1074461,Riva,1990,F,19
1074462,Sabreena,1990,F,19
1074463,Sakinah,1990,F,19
1074464,Sarha,1990,F,19
1074465,Sergio,1990,F,19
1074466,Shabnam,1990,F,19
1074467,Shadia,1990,F,19
1074468,Shadow,1990,F,19
1074469,Shaena,1990,F,19
1074470,Shaindy,1990,F,19
1074471,Shaleen,1990,F,19
1074472,Shamone,1990,F,19
1074473,Shanai,1990,F,19
1074474,Shanesha,1990,F,19
1074475,Shantoria,1990,F,19
1074476,Shaquasia,1990,F,19
1074477,Sharisse,1990,F,19
1074478,Shatera,1990,F,19
1074479,Shaunta,1990,F,19
1074480,Sheana,1990,F,19
1074481,Sheba,1990,F,19
1074482,Shellby,1990,F,19
1074483,Shericka,1990,F,19
1074484,Shiree,1990,F,19
1074485,Sindi,1990,F,19
1074486,Sneha,1990,F,19
1074487,Stephaney,1990,F,19
1074488,Tabytha,1990,F,19
1074489,Taliah,1990,F,19
1074490,Tameshia,1990,F,19
1074491,Tanessa,1990,F,19
1074492,Taria,1990,F,19
1074493,Taysha,1990,F,19
1074494,Teandra,1990,F,19
1074495,Teirra,1990,F,19
1074496,Tela,1990,F,19
1074497,Tinamarie,1990,F,19
1074498,Tirzah,1990,F,19
1074499,Trianna,1990,F,19
1074500,Tunisia,1990,F,19
1074501,Tymesha,1990,F,19
1074502,Tyonna,1990,F,19
1074503,Vanisha,1990,F,19
1074504,Vittoria,1990,F,19
1074505,Xandria,1990,F,19
1074506,Yanina,1990,F,19
1074507,Yehudis,1990,F,19
1074508,Adrieanna,1990,F,18
1074509,Agustina,1990,F,18
1074510,Aliah,1990,F,18
1074511,Alissia,1990,F,18
1074512,Allee,1990,F,18
1074513,Alonna,1990,F,18
1074514,Amari,1990,F,18
1074515,Amilia,1990,F,18
1074516,Amisha,1990,F,18
1074517,An,1990,F,18
1074518,Andre,1990,F,18
1074519,Angelie,1990,F,18
1074520,Angellica,1990,F,18
1074521,Annalicia,1990,F,18
1074522,Annel,1990,F,18
1074523,Arieal,1990,F,18
1074524,Arrielle,1990,F,18
1074525,Audree,1990,F,18
1074526,Audria,1990,F,18
1074527,Averi,1990,F,18
1074528,Avianca,1990,F,18
1074529,Avital,1990,F,18
1074530,Ayah,1990,F,18
1074531,Bevin,1990,F,18
1074532,Brenae,1990,F,18
1074533,Bridgit,1990,F,18
1074534,Brittnei,1990,F,18
1074535,Briyana,1990,F,18
1074536,Calyn,1990,F,18
1074537,Camile,1990,F,18
1074538,Carlena,1990,F,18
1074539,Carletta,1990,F,18
1074540,Carrieann,1990,F,18
1074541,Ceciley,1990,F,18
1074542,Ceirra,1990,F,18
1074543,Channa,1990,F,18
1074544,Chanta,1990,F,18
1074545,Chara,1990,F,18
1074546,Chee,1990,F,18
1074547,Chyenne,1990,F,18
1074548,Conchita,1990,F,18
1074549,Courtnay,1990,F,18
1074550,Cricket,1990,F,18
1074551,Cydnee,1990,F,18
1074552,Dalisa,1990,F,18
1074553,Damita,1990,F,18
1074554,Danay,1990,F,18
1074555,Darlyn,1990,F,18
1074556,Deandre,1990,F,18
1074557,Debby,1990,F,18
1074558,Denisa,1990,F,18
1074559,Denitra,1990,F,18
1074560,Denna,1990,F,18
1074561,Derek,1990,F,18
1074562,Dereka,1990,F,18
1074563,Deserea,1990,F,18
1074564,Dinorah,1990,F,18
1074565,Donika,1990,F,18
1074566,Dymond,1990,F,18
1074567,Elsy,1990,F,18
1074568,Emeline,1990,F,18
1074569,Erina,1990,F,18
1074570,Esmerelda,1990,F,18
1074571,Estee,1990,F,18
1074572,Estefanie,1990,F,18
1074573,Evonna,1990,F,18
1074574,Faiza,1990,F,18
1074575,Fernando,1990,F,18
1074576,Gelisa,1990,F,18
1074577,Giulia,1990,F,18
1074578,Gizelle,1990,F,18
1074579,Harli,1990,F,18
1074580,Hellen,1990,F,18
1074581,Henna,1990,F,18
1074582,Hilarie,1990,F,18
1074583,Hina,1990,F,18
1074584,Honey,1990,F,18
1074585,Ilissa,1990,F,18
1074586,Isadora,1990,F,18
1074587,Ivon,1990,F,18
1074588,Jacky,1990,F,18
1074589,Jacques,1990,F,18
1074590,Jaida,1990,F,18
1074591,Jamilyn,1990,F,18
1074592,Jamira,1990,F,18
1074593,Janese,1990,F,18
1074594,Janiqua,1990,F,18
1074595,Jasime,1990,F,18
1074596,Jaya,1990,F,18
1074597,Jazzmyn,1990,F,18
1074598,Jelena,1990,F,18
1074599,Jenesis,1990,F,18
1074600,Jennell,1990,F,18
1074601,Jerlisa,1990,F,18
1074602,Jesscia,1990,F,18
1074603,Jilian,1990,F,18
1074604,Joline,1990,F,18
1074605,Justice,1990,F,18
1074606,Kaleen,1990,F,18
1074607,Kalissa,1990,F,18
1074608,Kameshia,1990,F,18
1074609,Kandise,1990,F,18
1074610,Kaori,1990,F,18
1074611,Karishma,1990,F,18
1074612,Karleigh,1990,F,18
1074613,Karrisa,1990,F,18
1074614,Kathelyn,1990,F,18
1074615,Kathia,1990,F,18
1074616,Kawanna,1990,F,18
1074617,Keionna,1990,F,18
1074618,Kerissa,1990,F,18
1074619,Kersti,1990,F,18
1074620,Kinsley,1990,F,18
1074621,Kolleen,1990,F,18
1074622,Koral,1990,F,18
1074623,Kristeena,1990,F,18
1074624,Kurstin,1990,F,18
1074625,Kyna,1990,F,18
1074626,Lakevia,1990,F,18
1074627,Lashell,1990,F,18
1074628,Lateasha,1990,F,18
1074629,Laurice,1990,F,18
1074630,Laverne,1990,F,18
1074631,Lavon,1990,F,18
1074632,Leeah,1990,F,18
1074633,Lian,1990,F,18
1074634,Lindley,1990,F,18
1074635,Lisbet,1990,F,18
1074636,Lissete,1990,F,18
1074637,Loree,1990,F,18
1074638,Lorren,1990,F,18
1074639,Lovina,1990,F,18
1074640,Luisana,1990,F,18
1074641,Lynell,1990,F,18
1074642,Lynelle,1990,F,18
1074643,Lynlee,1990,F,18
1074644,Lynnae,1990,F,18
1074645,Lysette,1990,F,18
1074646,Malky,1990,F,18
1074647,Marbella,1990,F,18
1074648,Maresa,1990,F,18
1074649,Maris,1990,F,18
1074650,Markeya,1990,F,18
1074651,Marleigh,1990,F,18
1074652,Marteka,1990,F,18
1074653,Martia,1990,F,18
1074654,Marty,1990,F,18
1074655,Michala,1990,F,18
1074656,Mikka,1990,F,18
1074657,Mirranda,1990,F,18
1074658,Mirta,1990,F,18
1074659,Mirtha,1990,F,18
1074660,Miryam,1990,F,18
1074661,Mischa,1990,F,18
1074662,Mishelle,1990,F,18
1074663,Mykel,1990,F,18
1074664,Mykia,1990,F,18
1074665,Nalleli,1990,F,18
1074666,Nayelli,1990,F,18
1074667,Neesha,1990,F,18
1074668,Niketa,1990,F,18
1074669,Nita,1990,F,18
1074670,Patrisia,1990,F,18
1074671,Porcia,1990,F,18
1074672,Priscella,1990,F,18
1074673,Radhika,1990,F,18
1074674,Raiza,1990,F,18
1074675,Ravan,1990,F,18
1074676,Raychelle,1990,F,18
1074677,Reana,1990,F,18
1074678,Renay,1990,F,18
1074679,Rhyan,1990,F,18
1074680,Richa,1990,F,18
1074681,Roberto,1990,F,18
1074682,Ronnisha,1990,F,18
1074683,Roshunda,1990,F,18
1074684,Sadaf,1990,F,18
1074685,Sami,1990,F,18
1074686,Saori,1990,F,18
1074687,Seema,1990,F,18
1074688,Seleste,1990,F,18
1074689,Shaelynn,1990,F,18
1074690,Shaketa,1990,F,18
1074691,Shakiera,1990,F,18
1074692,Shanie,1990,F,18
1074693,Shantinique,1990,F,18
1074694,Shauntay,1990,F,18
1074695,Shawnae,1990,F,18
1074696,Shekita,1990,F,18
1074697,Shelsea,1990,F,18
1074698,Shenay,1990,F,18
1074699,Shila,1990,F,18
1074700,Shilpa,1990,F,18
1074701,Shirelle,1990,F,18
1074702,Sol,1990,F,18
1074703,Sonali,1990,F,18
1074704,Sonnie,1990,F,18
1074705,Special,1990,F,18
1074706,Stepfanie,1990,F,18
1074707,Suzy,1990,F,18
1074708,Tajah,1990,F,18
1074709,Takesha,1990,F,18
1074710,Tameeka,1990,F,18
1074711,Taniya,1990,F,18
1074712,Tashayla,1990,F,18
1074713,Tashi,1990,F,18
1074714,Tashira,1990,F,18
1074715,Taylore,1990,F,18
1074716,Temeka,1990,F,18
1074717,Thanh,1990,F,18
1074718,Thi,1990,F,18
1074719,Tiasha,1990,F,18
1074720,Tieara,1990,F,18
1074721,Timara,1990,F,18
1074722,Trena,1990,F,18
1074723,Tristina,1990,F,18
1074724,Tya,1990,F,18
1074725,Tyara,1990,F,18
1074726,Tykia,1990,F,18
1074727,Vaneza,1990,F,18
1074728,Venecia,1990,F,18
1074729,Witney,1990,F,18
1074730,Yaneth,1990,F,18
1074731,Yitty,1990,F,18
1074732,Yliana,1990,F,18
1074733,Yoanna,1990,F,18
1074734,Youa,1990,F,18
1074735,Yvonna,1990,F,18
1074736,Zelda,1990,F,18
1074737,Abrielle,1990,F,17
1074738,Adena,1990,F,17
1074739,Adrea,1990,F,17
1074740,Aime,1990,F,17
1074741,Aimie,1990,F,17
1074742,Alandria,1990,F,17
1074743,Aleesa,1990,F,17
1074744,Alesa,1990,F,17
1074745,Alexandera,1990,F,17
1074746,Allante,1990,F,17
1074747,Almarosa,1990,F,17
1074748,Alura,1990,F,17
1074749,Amaryllis,1990,F,17
1074750,Amberleigh,1990,F,17
1074751,Amelie,1990,F,17
1074752,Andraya,1990,F,17
1074753,Andres,1990,F,17
1074754,Angele,1990,F,17
1074755,Angelee,1990,F,17
1074756,Angeli,1990,F,17
1074757,Anjela,1990,F,17
1074758,Aquilla,1990,F,17
1074759,Ariadne,1990,F,17
1074760,Arion,1990,F,17
1074761,Arissa,1990,F,17
1074762,Aryel,1990,F,17
1074763,Asiah,1990,F,17
1074764,Aundria,1990,F,17
1074765,Austen,1990,F,17
1074766,Bayli,1990,F,17
1074767,Belem,1990,F,17
1074768,Billy,1990,F,17
1074769,Blanche,1990,F,17
1074770,Bradley,1990,F,17
1074771,Brandilyn,1990,F,17
1074772,Breena,1990,F,17
1074773,Breyona,1990,F,17
1074774,Britaney,1990,F,17
1074775,Bushra,1990,F,17
1074776,Caneshia,1990,F,17
1074777,Carianne,1990,F,17
1074778,Caron,1990,F,17
1074779,Carroll,1990,F,17
1074780,Cecely,1990,F,17
1074781,Chancy,1990,F,17
1074782,Chanie,1990,F,17
1074783,Chanita,1990,F,17
1074784,Chantele,1990,F,17
1074785,Chari,1990,F,17
1074786,Cherita,1990,F,17
1074787,Christyna,1990,F,17
1074788,Cicely,1990,F,17
1074789,Cloe,1990,F,17
1074790,Cortny,1990,F,17
1074791,Crystina,1990,F,17
1074792,Curtis,1990,F,17
1074793,Danah,1990,F,17
1074794,Darah,1990,F,17
1074795,Dawanna,1990,F,17
1074796,Dayle,1990,F,17
1074797,Dee,1990,F,17
1074798,Deeann,1990,F,17
1074799,Delmy,1990,F,17
1074800,Deneshia,1990,F,17
1074801,Dennis,1990,F,17
1074802,Dericka,1990,F,17
1074803,Dessa,1990,F,17
1074804,Devanie,1990,F,17
1074805,Dezerae,1990,F,17
1074806,Dion,1990,F,17
1074807,Dyamond,1990,F,17
1074808,Elayne,1990,F,17
1074809,Electra,1990,F,17
1074810,Ellissa,1990,F,17
1074811,Ema,1990,F,17
1074812,Emalie,1990,F,17
1074813,Ethan,1990,F,17
1074814,Evangelia,1990,F,17
1074815,Fantashia,1990,F,17
1074816,Genelle,1990,F,17
1074817,Genny,1990,F,17
1074818,Hiba,1990,F,17
1074819,Hillari,1990,F,17
1074820,Hong,1990,F,17
1074821,Illiana,1990,F,17
1074822,Isamara,1990,F,17
1074823,Ivone,1990,F,17
1074824,Janely,1990,F,17
1074825,Jasmon,1990,F,17
1074826,Javier,1990,F,17
1074827,Jaycie,1990,F,17
1074828,Jazelle,1990,F,17
1074829,Jazmon,1990,F,17
1074830,Jazzmen,1990,F,17
1074831,Jenalee,1990,F,17
1074832,Jenika,1990,F,17
1074833,Jenne,1990,F,17
1074834,Jennessa,1990,F,17
1074835,Jentry,1990,F,17
1074836,Jerra,1990,F,17
1074837,Jerricka,1990,F,17
1074838,Jessee,1990,F,17
1074839,Jimmy,1990,F,17
1074840,Johnny,1990,F,17
1074841,Jolanda,1990,F,17
1074842,Justyne,1990,F,17
1074843,Kacia,1990,F,17
1074844,Kamilla,1990,F,17
1074845,Kao,1990,F,17
1074846,Karalee,1990,F,17
1074847,Kaysi,1990,F,17
1074848,Keala,1990,F,17
1074849,Keandrea,1990,F,17
1074850,Keia,1990,F,17
1074851,Kellsie,1990,F,17
1074852,Kendahl,1990,F,17
1074853,Kevina,1990,F,17
1074854,Keyondra,1990,F,17
1074855,Kiely,1990,F,17
1074856,Kina,1990,F,17
1074857,Komal,1990,F,17
1074858,Korinna,1990,F,17
1074859,Kristain,1990,F,17
1074860,Kylia,1990,F,17
1074861,Labrittany,1990,F,17
1074862,Lacrisha,1990,F,17
1074863,Laiken,1990,F,17
1074864,Lakayla,1990,F,17
1074865,Lakeia,1990,F,17
1074866,Lakresha,1990,F,17
1074867,Laresha,1990,F,17
1074868,Lashaya,1990,F,17
1074869,Lashayla,1990,F,17
1074870,Latarsha,1990,F,17
1074871,Latrese,1990,F,17
1074872,Laury,1990,F,17
1074873,Lavette,1990,F,17
1074874,Layna,1990,F,17
1074875,Leda,1990,F,17
1074876,Lekisha,1990,F,17
1074877,Leslieann,1990,F,17
1074878,Lien,1990,F,17
1074879,Lilah,1990,F,17
1074880,Linnette,1990,F,17
1074881,Lizandra,1990,F,17
1074882,Lorenza,1990,F,17
1074883,Lotoya,1990,F,17
1074884,Lubna,1990,F,17
1074885,Madalynn,1990,F,17
1074886,Madina,1990,F,17
1074887,Madolyn,1990,F,17
1074888,Maire,1990,F,17
1074889,Makaela,1990,F,17
1074890,Malikah,1990,F,17
1074891,Margery,1990,F,17
1074892,Marilou,1990,F,17
1074893,Marinna,1990,F,17
1074894,Marisella,1990,F,17
1074895,Markayla,1990,F,17
1074896,Marli,1990,F,17
1074897,Marycatherine,1990,F,17
1074898,Marylyn,1990,F,17
1074899,Matia,1990,F,17
1074900,Mckell,1990,F,17
1074901,Meira,1990,F,17
1074902,Meleah,1990,F,17
1074903,Mersades,1990,F,17
1074904,Mersadies,1990,F,17
1074905,Michon,1990,F,17
1074906,Mickey,1990,F,17
1074907,Mikal,1990,F,17
1074908,Morgana,1990,F,17
1074909,Mushka,1990,F,17
1074910,Mycah,1990,F,17
1074911,Nacole,1990,F,17
1074912,Naima,1990,F,17
1074913,Najee,1990,F,17
1074914,Nashay,1990,F,17
1074915,Nastasia,1990,F,17
1074916,Natividad,1990,F,17
1074917,Neena,1990,F,17
1074918,Nikayla,1990,F,17
1074919,Nona,1990,F,17
1074920,Olyvia,1990,F,17
1074921,Omega,1990,F,17
1074922,Patria,1990,F,17
1074923,Phoua,1990,F,17
1074924,Porschea,1990,F,17
1074925,Prisilla,1990,F,17
1074926,Quinetta,1990,F,17
1074927,Rainie,1990,F,17
1074928,Raymond,1990,F,17
1074929,Rebeckah,1990,F,17
1074930,Reshma,1990,F,17
1074931,Rica,1990,F,17
1074932,Richele,1990,F,17
1074933,Roma,1990,F,17
1074934,Roshanda,1990,F,17
1074935,Ruba,1990,F,17
1074936,Ruthanne,1990,F,17
1074937,Safa,1990,F,17
1074938,Saleena,1990,F,17
1074939,Samanthajo,1990,F,17
1074940,Scottie,1990,F,17
1074941,Semone,1990,F,17
1074942,Senaida,1990,F,17
1074943,Shakeela,1990,F,17
1074944,Shakena,1990,F,17
1074945,Shalane,1990,F,17
1074946,Shaleena,1990,F,17
1074947,Sharilyn,1990,F,17
1074948,Shavanna,1990,F,17
1074949,Shavonte,1990,F,17
1074950,Shawntia,1990,F,17
1074951,Shayleen,1990,F,17
1074952,Shaynna,1990,F,17
1074953,Shazia,1990,F,17
1074954,Shela,1990,F,17
1074955,Shenae,1990,F,17
1074956,Sherron,1990,F,17
1074957,Shontia,1990,F,17
1074958,Signe,1990,F,17
1074959,Sina,1990,F,17
1074960,Song,1990,F,17
1074961,Staphanie,1990,F,17
1074962,Stepahnie,1990,F,17
1074963,Stephnie,1990,F,17
1074964,Sunday,1990,F,17
1074965,Sylvana,1990,F,17
1074966,Tahara,1990,F,17
1074967,Takeshia,1990,F,17
1074968,Talena,1990,F,17
1074969,Tambra,1990,F,17
1074970,Tani,1990,F,17
1074971,Taquilla,1990,F,17
1074972,Tashanda,1990,F,17
1074973,Tashiana,1990,F,17
1074974,Tashianna,1990,F,17
1074975,Tashonda,1990,F,17
1074976,Tasneem,1990,F,17
1074977,Teana,1990,F,17
1074978,Telia,1990,F,17
1074979,Teneshia,1990,F,17
1074980,Tenille,1990,F,17
1074981,Terina,1990,F,17
1074982,Terrin,1990,F,17
1074983,Teya,1990,F,17
1074984,Tiandra,1990,F,17
1074985,Tiauna,1990,F,17
1074986,Tiphani,1990,F,17
1074987,Tomasa,1990,F,17
1074988,Tonesha,1990,F,17
1074989,Tyasia,1990,F,17
1074990,Tzipora,1990,F,17
1074991,Tziporah,1990,F,17
1074992,Veda,1990,F,17
1074993,Vincent,1990,F,17
1074994,Whitni,1990,F,17
1074995,Whittany,1990,F,17
1074996,Xochil,1990,F,17
1074997,Yazmine,1990,F,17
1074998,Yuki,1990,F,17
1074999,Zarah,1990,F,17
1075000,Adrean,1990,F,16
1075001,Ahlam,1990,F,16
1075002,Aidan,1990,F,16
1075003,Airelle,1990,F,16
1075004,Ala,1990,F,16
1075005,Alec,1990,F,16
1075006,Alethia,1990,F,16
1075007,Aliana,1990,F,16
1075008,Allene,1990,F,16
1075009,Alonda,1990,F,16
1075010,Ambrea,1990,F,16
1075011,Amenda,1990,F,16
1075012,Amera,1990,F,16
1075013,Ammy,1990,F,16
1075014,Anaalicia,1990,F,16
1075015,Anay,1990,F,16
1075016,Andreya,1990,F,16
1075017,Andrienne,1990,F,16
1075018,Andromeda,1990,F,16
1075019,Angelisa,1990,F,16
1075020,Annastacia,1990,F,16
1075021,Anndrea,1990,F,16
1075022,Annessa,1990,F,16
1075023,Antonisha,1990,F,16
1075024,Aquila,1990,F,16
1075025,Aricka,1990,F,16
1075026,Arlin,1990,F,16
1075027,Arminda,1990,F,16
1075028,Arrianna,1990,F,16
1075029,Atlanta,1990,F,16
1075030,Ausha,1990,F,16
1075031,Avalon,1990,F,16
1075032,Ayonna,1990,F,16
1075033,Azalia,1990,F,16
1075034,Becka,1990,F,16
1075035,Bernita,1990,F,16
1075036,Bess,1990,F,16
1075037,Blaise,1990,F,16
1075038,Bo,1990,F,16
1075039,Breah,1990,F,16
1075040,Breyonna,1990,F,16
1075041,Britanni,1990,F,16
1075042,Britiney,1990,F,16
1075043,Brookelyn,1990,F,16
1075044,Camden,1990,F,16
1075045,Cammy,1990,F,16
1075046,Carah,1990,F,16
1075047,Catelin,1990,F,16
1075048,Cayleigh,1990,F,16
1075049,Cecila,1990,F,16
1075050,Chanee,1990,F,16
1075051,Charlyn,1990,F,16
1075052,Charmain,1990,F,16
1075053,Charnise,1990,F,16
1075054,Charolette,1990,F,16
1075055,Chau,1990,F,16
1075056,Chelcey,1990,F,16
1075057,Cherrie,1990,F,16
1075058,Christelle,1990,F,16
1075059,Chyann,1990,F,16
1075060,Claudine,1990,F,16
1075061,Corbin,1990,F,16
1075062,Cyntia,1990,F,16
1075063,Damika,1990,F,16
1075064,Daneshia,1990,F,16
1075065,Daniqua,1990,F,16
1075066,Dashawn,1990,F,16
1075067,Dashay,1990,F,16
1075068,Deadra,1990,F,16
1075069,Deamber,1990,F,16
1075070,Deon,1990,F,16
1075071,Deshay,1990,F,16
1075072,Dhara,1990,F,16
1075073,Digna,1990,F,16
1075074,Dinesha,1990,F,16
1075075,Donelle,1990,F,16
1075076,Dorinda,1990,F,16
1075077,Eddie,1990,F,16
1075078,Emylee,1990,F,16
1075079,Enjoli,1990,F,16
1075080,Ermelinda,1990,F,16
1075081,Evelyne,1990,F,16
1075082,Evin,1990,F,16
1075083,Fatema,1990,F,16
1075084,Flannery,1990,F,16
1075085,Francina,1990,F,16
1075086,Fredrica,1990,F,16
1075087,Genoveva,1990,F,16
1075088,Golda,1990,F,16
1075089,Gracia,1990,F,16
1075090,Gretta,1990,F,16
1075091,Hiedi,1990,F,16
1075092,Hollee,1990,F,16
1075093,Iyesha,1990,F,16
1075094,Jackalyn,1990,F,16
1075095,Jacqulin,1990,F,16
1075096,Jakkia,1990,F,16
1075097,Jamison,1990,F,16
1075098,Jannell,1990,F,16
1075099,Jaslynn,1990,F,16
1075100,Jaspreet,1990,F,16
1075101,Javonne,1990,F,16
1075102,Jaynee,1990,F,16
1075103,Jenel,1990,F,16
1075104,Jeneva,1990,F,16
1075105,Jeniece,1990,F,16
1075106,Jesseka,1990,F,16
1075107,Jessicaann,1990,F,16
1075108,Jewels,1990,F,16
1075109,Jillianne,1990,F,16
1075110,Johnette,1990,F,16
1075111,Jonae,1990,F,16
1075112,Jonell,1990,F,16
1075113,Jonie,1990,F,16
1075114,Jordain,1990,F,16
1075115,Julee,1990,F,16
1075116,Kaelie,1990,F,16
1075117,Kaja,1990,F,16
1075118,Kalan,1990,F,16
1075119,Kalicia,1990,F,16
1075120,Kalinda,1990,F,16
1075121,Kammi,1990,F,16
1075122,Karee,1990,F,16
1075123,Karilyn,1990,F,16
1075124,Karlene,1990,F,16
1075125,Karrin,1990,F,16
1075126,Kassia,1990,F,16
1075127,Katasha,1990,F,16
1075128,Kathern,1990,F,16
1075129,Katreena,1990,F,16
1075130,Kayleena,1990,F,16
1075131,Kearston,1990,F,16
1075132,Keaton,1990,F,16
1075133,Kedra,1990,F,16
1075134,Keera,1990,F,16
1075135,Keishla,1990,F,16
1075136,Kelisha,1990,F,16
1075137,Kensie,1990,F,16
1075138,Kerin,1990,F,16
1075139,Kerstie,1990,F,16
1075140,Kevonna,1990,F,16
1075141,Khrista,1990,F,16
1075142,Khristin,1990,F,16
1075143,Khrystina,1990,F,16
1075144,Kiearra,1990,F,16
1075145,Kimmie,1990,F,16
1075146,Kirbi,1990,F,16
1075147,Kirstan,1990,F,16
1075148,Kristia,1990,F,16
1075149,Krupa,1990,F,16
1075150,Krystyne,1990,F,16
1075151,Kursten,1990,F,16
1075152,Kymber,1990,F,16
1075153,Labresha,1990,F,16
1075154,Laneshia,1990,F,16
1075155,Lanika,1990,F,16
1075156,Lanise,1990,F,16
1075157,Lanna,1990,F,16
1075158,Latisa,1990,F,16
1075159,Lexa,1990,F,16
1075160,Liesel,1990,F,16
1075161,Lilianna,1990,F,16
1075162,Linden,1990,F,16
1075163,Lindzey,1990,F,16
1075164,Lizzet,1990,F,16
1075165,Lizzeth,1990,F,16
1075166,Lucky,1990,F,16
1075167,Lyndie,1990,F,16
1075168,Madyson,1990,F,16
1075169,Maly,1990,F,16
1075170,Manpreet,1990,F,16
1075171,Manuel,1990,F,16
1075172,Maree,1990,F,16
1075173,Maressa,1990,F,16
1075174,Mariadelcarmen,1990,F,16
1075175,Mariaguadalupe,1990,F,16
1075176,Marizol,1990,F,16
1075177,Marriah,1990,F,16
1075178,Maryalice,1990,F,16
1075179,Marykatherine,1990,F,16
1075180,Mavis,1990,F,16
1075181,Maygen,1990,F,16
1075182,Meganne,1990,F,16
1075183,Melannie,1990,F,16
1075184,Melea,1990,F,16
1075185,Melissia,1990,F,16
1075186,Melvina,1990,F,16
1075187,Meosha,1990,F,16
1075188,Meri,1990,F,16
1075189,Mickayla,1990,F,16
1075190,Mikelle,1990,F,16
1075191,Monee,1990,F,16
1075192,Moniqua,1990,F,16
1075193,Moranda,1990,F,16
1075194,Morrisa,1990,F,16
1075195,Nabila,1990,F,16
1075196,Nadja,1990,F,16
1075197,Nataya,1990,F,16
1075198,Natesha,1990,F,16
1075199,Nathaniel,1990,F,16
1075200,Natoya,1990,F,16
1075201,Nigeria,1990,F,16
1075202,Nikeya,1990,F,16
1075203,Nikolette,1990,F,16
1075204,Nitasha,1990,F,16
1075205,Nyeisha,1990,F,16
1075206,Nyree,1990,F,16
1075207,Ocean,1990,F,16
1075208,Olimpia,1990,F,16
1075209,Osha,1990,F,16
1075210,Paradise,1990,F,16
1075211,Peaches,1990,F,16
1075212,Pennie,1990,F,16
1075213,Pricila,1990,F,16
1075214,Quaneshia,1990,F,16
1075215,Radiance,1990,F,16
1075216,Raechelle,1990,F,16
1075217,Ranae,1990,F,16
1075218,Rashel,1990,F,16
1075219,Rickia,1990,F,16
1075220,Robbi,1990,F,16
1075221,Rosella,1990,F,16
1075222,Rosenda,1990,F,16
1075223,Rubina,1990,F,16
1075224,Sanam,1990,F,16
1075225,Sandhya,1990,F,16
1075226,Saraann,1990,F,16
1075227,Sarika,1990,F,16
1075228,Sawyer,1990,F,16
1075229,Scotti,1990,F,16
1075230,Shadai,1990,F,16
1075231,Shakeia,1990,F,16
1075232,Shalita,1990,F,16
1075233,Shama,1990,F,16
1075234,Shamaya,1990,F,16
1075235,Shamica,1990,F,16
1075236,Shamonica,1990,F,16
1075237,Shandria,1990,F,16
1075238,Shanicqua,1990,F,16
1075239,Shanley,1990,F,16
1075240,Shaqueena,1990,F,16
1075241,Shareese,1990,F,16
1075242,Sharica,1990,F,16
1075243,Sharnice,1990,F,16
1075244,Shauntell,1990,F,16
1075245,Shawndra,1990,F,16
1075246,Shawni,1990,F,16
1075247,Shawnic,1990,F,16
1075248,Shelita,1990,F,16
1075249,Sherly,1990,F,16
1075250,Shermaine,1990,F,16
1075251,Shilah,1990,F,16
1075252,Silva,1990,F,16
1075253,Sivan,1990,F,16
1075254,Staphany,1990,F,16
1075255,Starsha,1990,F,16
1075256,Stefanee,1990,F,16
1075257,Sylvie,1990,F,16
1075258,Tailor,1990,F,16
1075259,Takiyah,1990,F,16
1075260,Tali,1990,F,16
1075261,Tamiya,1990,F,16
1075262,Tanay,1990,F,16
1075263,Tashema,1990,F,16
1075264,Tawna,1990,F,16
1075265,Teasha,1990,F,16
1075266,Teria,1990,F,16
1075267,Timberly,1990,F,16
1075268,Tishana,1990,F,16
1075269,Titania,1990,F,16
1075270,Torre,1990,F,16
1075271,Tramaine,1990,F,16
1075272,Trinh,1990,F,16
1075273,Tristian,1990,F,16
1075274,Tyria,1990,F,16
1075275,Tyronda,1990,F,16
1075276,Unnamed,1990,F,16
1075277,Valene,1990,F,16
1075278,Vernita,1990,F,16
1075279,Vianna,1990,F,16
1075280,Vita,1990,F,16
1075281,Willie,1990,F,16
1075282,Xaviera,1990,F,16
1075283,Yalonda,1990,F,16
1075284,Yee,1990,F,16
1075285,Yu,1990,F,16
1075286,Aeisha,1990,F,15
1075287,Aireal,1990,F,15
1075288,Aishia,1990,F,15
1075289,Alacia,1990,F,15
1075290,Alan,1990,F,15
1075291,Albany,1990,F,15
1075292,Alexxis,1990,F,15
1075293,Aleyda,1990,F,15
1075294,Allen,1990,F,15
1075295,Alyssha,1990,F,15
1075296,Ananda,1990,F,15
1075297,Aneesah,1990,F,15
1075298,Anette,1990,F,15
1075299,Anise,1990,F,15
1075300,Annabell,1990,F,15
1075301,Annetta,1990,F,15
1075302,Arlyn,1990,F,15
1075303,Ashleynicole,1990,F,15
1075304,Audre,1990,F,15
1075305,Audrina,1990,F,15
1075306,Augustina,1990,F,15
1075307,Aviana,1990,F,15
1075308,Avonlea,1990,F,15
1075309,Ayumi,1990,F,15
1075310,Beonka,1990,F,15
1075311,Bibi,1990,F,15
1075312,Billi,1990,F,15
1075313,Brentney,1990,F,15
1075314,Briane,1990,F,15
1075315,Brionne,1990,F,15
1075316,Brocha,1990,F,15
1075317,Bryonna,1990,F,15
1075318,Camielle,1990,F,15
1075319,Caprisha,1990,F,15
1075320,Carnesha,1990,F,15
1075321,Cassidi,1990,F,15
1075322,Caylie,1990,F,15
1075323,Cesia,1990,F,15
1075324,Cesilia,1990,F,15
1075325,Ceslie,1990,F,15
1075326,Channon,1990,F,15
1075327,Char,1990,F,15
1075328,Charlesa,1990,F,15
1075329,Charlsie,1990,F,15
1075330,Chavonne,1990,F,15
1075331,Chelcy,1990,F,15
1075332,Chenell,1990,F,15
1075333,Cheyene,1990,F,15
1075334,Chistina,1990,F,15
1075335,Cicily,1990,F,15
1075336,Cleopatra,1990,F,15
1075337,Clorissa,1990,F,15
1075338,Codee,1990,F,15
1075339,Colbi,1990,F,15
1075340,Coree,1990,F,15
1075341,Coreen,1990,F,15
1075342,Corsica,1990,F,15
1075343,Crissa,1990,F,15
1075344,Cristiana,1990,F,15
1075345,Daija,1990,F,15
1075346,Daissy,1990,F,15
1075347,Dalene,1990,F,15
1075348,Danea,1990,F,15
1075349,Dava,1990,F,15
1075350,Dayne,1990,F,15
1075351,Debrah,1990,F,15
1075352,Deepa,1990,F,15
1075353,Delayna,1990,F,15
1075354,Deniece,1990,F,15
1075355,Deniz,1990,F,15
1075356,Dennisha,1990,F,15
1075357,Desere,1990,F,15
1075358,Deserie,1990,F,15
1075359,Dessie,1990,F,15
1075360,Diann,1990,F,15
1075361,Edwin,1990,F,15
1075362,Elisse,1990,F,15
1075363,Emilly,1990,F,15
1075364,Eri,1990,F,15
1075365,Evana,1990,F,15
1075366,Faren,1990,F,15
1075367,Franceska,1990,F,15
1075368,Frida,1990,F,15
1075369,Gabrelle,1990,F,15
1075370,Gary,1990,F,15
1075371,Genise,1990,F,15
1075372,George,1990,F,15
1075373,Georgiana,1990,F,15
1075374,Ginna,1990,F,15
1075375,Gwyneth,1990,F,15
1075376,Halima,1990,F,15
1075377,Hang,1990,F,15
1075378,Harlee,1990,F,15
1075379,Harlie,1990,F,15
1075380,Haruka,1990,F,15
1075381,Helaina,1990,F,15
1075382,Hermelinda,1990,F,15
1075383,Hillery,1990,F,15
1075384,Idania,1990,F,15
1075385,Ijeoma,1990,F,15
1075386,Indigo,1990,F,15
1075387,Irasema,1990,F,15
1075388,Isabell,1990,F,15
1075389,Israel,1990,F,15
1075390,Jacklin,1990,F,15
1075391,Jacquelene,1990,F,15
1075392,Jacquilyn,1990,F,15
1075393,Jacquita,1990,F,15
1075394,Jakara,1990,F,15
1075395,Jaleisa,1990,F,15
1075396,Jameika,1990,F,15
1075397,Jamella,1990,F,15
1075398,Jamielynn,1990,F,15
1075399,Jamillia,1990,F,15
1075400,Janesha,1990,F,15
1075401,Jania,1990,F,15
1075402,Jannett,1990,F,15
1075403,Jazmaine,1990,F,15
1075404,Jazz,1990,F,15
1075405,Jeanmarie,1990,F,15
1075406,Jelicia,1990,F,15
1075407,Jerrie,1990,F,15
1075408,Jessamyn,1990,F,15
1075409,Jillisa,1990,F,15
1075410,Jimmie,1990,F,15
1075411,Joane,1990,F,15
1075412,Joclyn,1990,F,15
1075413,Jolee,1990,F,15
1075414,Jolena,1990,F,15
1075415,Jonetta,1990,F,15
1075416,Kaely,1990,F,15
1075417,Kaleah,1990,F,15
1075418,Kaly,1990,F,15
1075419,Kamela,1990,F,15
1075420,Kamia,1990,F,15
1075421,Kariann,1990,F,15
1075422,Kassidi,1990,F,15
1075423,Kathi,1990,F,15
1075424,Kaula,1990,F,15
1075425,Kaylon,1990,F,15
1075426,Kayloni,1990,F,15
1075427,Keaundra,1990,F,15
1075428,Keiosha,1990,F,15
1075429,Kelleigh,1990,F,15
1075430,Keshana,1990,F,15
1075431,Keshawna,1990,F,15
1075432,Khalia,1990,F,15
1075433,Kindall,1990,F,15
1075434,Lagina,1990,F,15
1075435,Lakesia,1990,F,15
1075436,Lamika,1990,F,15
1075437,Lanay,1990,F,15
1075438,Laquanta,1990,F,15
1075439,Laquiesha,1990,F,15
1075440,Laterrica,1990,F,15
1075441,Latroya,1990,F,15
1075442,Lavern,1990,F,15
1075443,Lawanna,1990,F,15
1075444,Lekesha,1990,F,15
1075445,Leonna,1990,F,15
1075446,Letisia,1990,F,15
1075447,Letrice,1990,F,15
1075448,Lida,1990,F,15
1075449,Lorri,1990,F,15
1075450,Louann,1990,F,15
1075451,Louis,1990,F,15
1075452,Luna,1990,F,15
1075453,Lurdes,1990,F,15
1075454,Lynsay,1990,F,15
1075455,Macee,1990,F,15
1075456,Mackensie,1990,F,15
1075457,Madaline,1990,F,15
1075458,Magnolia,1990,F,15
1075459,Maite,1990,F,15
1075460,Malisha,1990,F,15
1075461,Mallery,1990,F,15
1075462,Malynda,1990,F,15
1075463,Mandisa,1990,F,15
1075464,Marialuisa,1990,F,15
1075465,Marielena,1990,F,15
1075466,Mariha,1990,F,15
1075467,Marija,1990,F,15
1075468,Marilin,1990,F,15
1075469,Markeda,1990,F,15
1075470,Markeeta,1990,F,15
1075471,Marleni,1990,F,15
1075472,Marleny,1990,F,15
1075473,Marquia,1990,F,15
1075474,Marshell,1990,F,15
1075475,Marylee,1990,F,15
1075476,Maylin,1990,F,15
1075477,Meagon,1990,F,15
1075478,Megean,1990,F,15
1075479,Melaney,1990,F,15
1075480,Melena,1990,F,15
1075481,Melodee,1990,F,15
1075482,Micheline,1990,F,15
1075483,Mikesha,1990,F,15
1075484,Mirissa,1990,F,15
1075485,Monea,1990,F,15
1075486,Mychal,1990,F,15
1075487,Mylissa,1990,F,15
1075488,Myrissa,1990,F,15
1075489,Nabil,1990,F,15
1075490,Nasha,1990,F,15
1075491,Natarsha,1990,F,15
1075492,Nazia,1990,F,15
1075493,Neomi,1990,F,15
1075494,Nesha,1990,F,15
1075495,Neyda,1990,F,15
1075496,Neyva,1990,F,15
1075497,Nicol,1990,F,15
1075498,Nicoletta,1990,F,15
1075499,Ninfa,1990,F,15
1075500,Noell,1990,F,15
1075501,Ondrea,1990,F,15
1075502,Pamala,1990,F,15
1075503,Pessy,1990,F,15
1075504,Phebe,1990,F,15
1075505,Philicia,1990,F,15
1075506,Quincey,1990,F,15
1075507,Racine,1990,F,15
1075508,Radha,1990,F,15
1075509,Rainee,1990,F,15
1075510,Raissa,1990,F,15
1075511,Ranee,1990,F,15
1075512,Rayanne,1990,F,15
1075513,Raynesha,1990,F,15
1075514,Rayshawn,1990,F,15
1075515,Resha,1990,F,15
1075516,Roderica,1990,F,15
1075517,Ronald,1990,F,15
1075518,Roneshia,1990,F,15
1075519,Ronita,1990,F,15
1075520,Ruchi,1990,F,15
1075521,Ryleigh,1990,F,15
1075522,Sabah,1990,F,15
1075523,Sabre,1990,F,15
1075524,Salome,1990,F,15
1075525,Sapna,1990,F,15
1075526,Satin,1990,F,15
1075527,Shaakira,1990,F,15
1075528,Shacara,1990,F,15
1075529,Shacora,1990,F,15
1075530,Shadaya,1990,F,15
1075531,Shadoe,1990,F,15
1075532,Shalayna,1990,F,15
1075533,Shalea,1990,F,15
1075534,Shaneece,1990,F,15
1075535,Shaney,1990,F,15
1075536,Shantice,1990,F,15
1075537,Shardai,1990,F,15
1075538,Sharlyn,1990,F,15
1075539,Sharonica,1990,F,15
1075540,Shaterica,1990,F,15
1075541,Shaunee,1990,F,15
1075542,Shavone,1990,F,15
1075543,Shawniece,1990,F,15
1075544,Shealynn,1990,F,15
1075545,Sheela,1990,F,15
1075546,Sheldon,1990,F,15
1075547,Shenique,1990,F,15
1075548,Sheronda,1990,F,15
1075549,Sheyenne,1990,F,15
1075550,Shreya,1990,F,15
1075551,Soua,1990,F,15
1075552,Takeia,1990,F,15
1075553,Takeya,1990,F,15
1075554,Talea,1990,F,15
1075555,Talin,1990,F,15
1075556,Tam,1990,F,15
1075557,Tanasia,1990,F,15
1075558,Tangina,1990,F,15
1075559,Taran,1990,F,15
1075560,Teale,1990,F,15
1075561,Teela,1990,F,15
1075562,Teesha,1990,F,15
1075563,Telicia,1990,F,15
1075564,Tena,1990,F,15
1075565,Teneisha,1990,F,15
1075566,Tenia,1990,F,15
1075567,Terin,1990,F,15
1075568,Terisa,1990,F,15
1075569,Tien,1990,F,15
1075570,Tinika,1990,F,15
1075571,Tonette,1990,F,15
1075572,Tram,1990,F,15
1075573,Trenise,1990,F,15
1075574,Tressie,1990,F,15
1075575,Tristyn,1990,F,15
1075576,Tyann,1990,F,15
1075577,Tylor,1990,F,15
1075578,Wendie,1990,F,15
1075579,Yanique,1990,F,15
1075580,Yasamin,1990,F,15
1075581,Zakiyah,1990,F,15
1075582,Abbigale,1990,F,14
1075583,Africa,1990,F,14
1075584,Aisling,1990,F,14
1075585,Alegandra,1990,F,14
1075586,Alessa,1990,F,14
1075587,Alishea,1990,F,14
1075588,Alyna,1990,F,14
1075589,Amellia,1990,F,14
1075590,Ameshia,1990,F,14
1075591,Amye,1990,F,14
1075592,Analuisa,1990,F,14
1075593,Anarosa,1990,F,14
1075594,Anastassia,1990,F,14
1075595,Andreia,1990,F,14
1075596,Aneesa,1990,F,14
1075597,Anela,1990,F,14
1075598,Ara,1990,F,14
1075599,Aracelis,1990,F,14
1075600,Arie,1990,F,14
1075601,Arwa,1990,F,14
1075602,Asa,1990,F,14
1075603,Ashleymarie,1990,F,14
1075604,Aubrianna,1990,F,14
1075605,Audri,1990,F,14
1075606,Avani,1990,F,14
1075607,Avanti,1990,F,14
1075608,Baileigh,1990,F,14
1075609,Baleigh,1990,F,14
1075610,Banesa,1990,F,14
1075611,Beulah,1990,F,14
1075612,Bionka,1990,F,14
1075613,Blessing,1990,F,14
1075614,Breia,1990,F,14
1075615,Briahna,1990,F,14
1075616,Brighid,1990,F,14
1075617,Briley,1990,F,14
1075618,Brin,1990,F,14
1075619,Brinda,1990,F,14
1075620,Brissa,1990,F,14
1075621,Britainy,1990,F,14
1075622,Brooklin,1990,F,14
1075623,Bryttany,1990,F,14
1075624,Cachet,1990,F,14
1075625,Camara,1990,F,14
1075626,Cameran,1990,F,14
1075627,Caneisha,1990,F,14
1075628,Carolin,1990,F,14
1075629,Cashmere,1990,F,14
1075630,Cayley,1990,F,14
1075631,Cesar,1990,F,14
1075632,Chandrea,1990,F,14
1075633,Chantale,1990,F,14
1075634,Chasitie,1990,F,14
1075635,Chauntelle,1990,F,14
1075636,Chealsea,1990,F,14
1075637,Chelsye,1990,F,14
1075638,Cherri,1990,F,14
1075639,Cheyann,1990,F,14
1075640,Chika,1990,F,14
1075641,Clairissa,1990,F,14
1075642,Clancy,1990,F,14
1075643,Cooper,1990,F,14
1075644,Courtany,1990,F,14
1075645,Craig,1990,F,14
1075646,Crystalann,1990,F,14
1075647,Cydni,1990,F,14
1075648,Daesha,1990,F,14
1075649,Dalana,1990,F,14
1075650,Damonique,1990,F,14
1075651,Daneille,1990,F,14
1075652,Danella,1990,F,14
1075653,Dannah,1990,F,14
1075654,Danny,1990,F,14
1075655,Dariana,1990,F,14
1075656,Darice,1990,F,14
1075657,Darrielle,1990,F,14
1075658,Daysy,1990,F,14
1075659,Deaundra,1990,F,14
1075660,Dejah,1990,F,14
1075661,Dejanee,1990,F,14
1075662,Delecia,1990,F,14
1075663,Delfina,1990,F,14
1075664,Delma,1990,F,14
1075665,Demetrice,1990,F,14
1075666,Denis,1990,F,14
1075667,Denishia,1990,F,14
1075668,Derrika,1990,F,14
1075669,Deshauna,1990,F,14
1075670,Desma,1990,F,14
1075671,Devi,1990,F,14
1075672,Dione,1990,F,14
1075673,Domanique,1990,F,14
1075674,Donetta,1990,F,14
1075675,Donnetta,1990,F,14
1075676,Doretha,1990,F,14
1075677,Dorthea,1990,F,14
1075678,Dorthy,1990,F,14
1075679,Dynesha,1990,F,14
1075680,Ellisha,1990,F,14
1075681,Elma,1990,F,14
1075682,Emory,1990,F,14
1075683,Empress,1990,F,14
1075684,Evita,1990,F,14
1075685,Felicita,1990,F,14
1075686,Florinda,1990,F,14
1075687,Garrett,1990,F,14
1075688,Genae,1990,F,14
1075689,Genea,1990,F,14
1075690,Gianina,1990,F,14
1075691,Ginette,1990,F,14
1075692,Giovana,1990,F,14
1075693,Glenn,1990,F,14
1075694,Ha,1990,F,14
1075695,Harleen,1990,F,14
1075696,Hawa,1990,F,14
1075697,Heide,1990,F,14
1075698,Hosanna,1990,F,14
1075699,Ieesha,1990,F,14
1075700,Ilia,1990,F,14
1075701,Ira,1990,F,14
1075702,Jackqueline,1990,F,14
1075703,Jacqui,1990,F,14
1075704,Jalesha,1990,F,14
1075705,Jameria,1990,F,14
1075706,Jani,1990,F,14
1075707,Janki,1990,F,14
1075708,Jasmeen,1990,F,14
1075709,Jassica,1990,F,14
1075710,Jay,1990,F,14
1075711,Jayleen,1990,F,14
1075712,Jeannett,1990,F,14
1075713,Jelisha,1990,F,14
1075714,Jenevieve,1990,F,14
1075715,Jennilee,1990,F,14
1075716,Jermaine,1990,F,14
1075717,Jerusha,1990,F,14
1075718,Jessalynn,1990,F,14
1075719,Joannie,1990,F,14
1075720,Johneisha,1990,F,14
1075721,Joselynn,1990,F,14
1075722,Kahealani,1990,F,14
1075723,Kaisa,1990,F,14
1075724,Kamber,1990,F,14
1075725,Kameko,1990,F,14
1075726,Kamika,1990,F,14
1075727,Kana,1990,F,14
1075728,Karon,1990,F,14
1075729,Katalina,1990,F,14
1075730,Katana,1990,F,14
1075731,Katerine,1990,F,14
1075732,Katye,1990,F,14
1075733,Kayte,1990,F,14
1075734,Keenan,1990,F,14
1075735,Kendel,1990,F,14
1075736,Keondria,1990,F,14
1075737,Keonia,1990,F,14
1075738,Kevia,1990,F,14
1075739,Khushbu,1990,F,14
1075740,Kila,1990,F,14
1075741,Kimberely,1990,F,14
1075742,Kimisha,1990,F,14
1075743,Kirsta,1990,F,14
1075744,Kora,1990,F,14
1075745,Koryn,1990,F,14
1075746,Kristalyn,1990,F,14
1075747,Kristee,1990,F,14
1075748,Kyaira,1990,F,14
1075749,Kyerra,1990,F,14
1075750,Kyria,1990,F,14
1075751,Lacole,1990,F,14
1075752,Laisha,1990,F,14
1075753,Lakiya,1990,F,14
1075754,Lakrisha,1990,F,14
1075755,Lalita,1990,F,14
1075756,Laporscha,1990,F,14
1075757,Laquasia,1990,F,14
1075758,Laree,1990,F,14
1075759,Larena,1990,F,14
1075760,Larrisa,1990,F,14
1075761,Lashanta,1990,F,14
1075762,Lashona,1990,F,14
1075763,Lataya,1990,F,14
1075764,Latiffany,1990,F,14
1075765,Latravia,1990,F,14
1075766,Latresha,1990,F,14
1075767,Leahann,1990,F,14
1075768,Leiah,1990,F,14
1075769,Lenna,1990,F,14
1075770,Lenzie,1990,F,14
1075771,Leslye,1990,F,14
1075772,Lessie,1990,F,14
1075773,Lorrin,1990,F,14
1075774,Luana,1990,F,14
1075775,Luella,1990,F,14
1075776,Lynea,1990,F,14
1075777,Lynzi,1990,F,14
1075778,Macayla,1990,F,14
1075779,Madisyn,1990,F,14
1075780,Madlyn,1990,F,14
1075781,Magon,1990,F,14
1075782,Mahalia,1990,F,14
1075783,Maja,1990,F,14
1075784,Malak,1990,F,14
1075785,Maral,1990,F,14
1075786,Mariesa,1990,F,14
1075787,Marisabel,1990,F,14
1075788,Markell,1990,F,14
1075789,Marlenne,1990,F,14
1075790,Marqueta,1990,F,14
1075791,Marybel,1990,F,14
1075792,Marymargaret,1990,F,14
1075793,Mckinley,1990,F,14
1075794,Mee,1990,F,14
1075795,Meegan,1990,F,14
1075796,Meena,1990,F,14
1075797,Meika,1990,F,14
1075798,Melita,1990,F,14
1075799,Merrissa,1990,F,14
1075800,Meshell,1990,F,14
1075801,Mireille,1990,F,14
1075802,Mykayla,1990,F,14
1075803,Myosha,1990,F,14
1075804,Nadeen,1990,F,14
1075805,Nailea,1990,F,14
1075806,Najwa,1990,F,14
1075807,Nakiya,1990,F,14
1075808,Nastassja,1990,F,14
1075809,Natacia,1990,F,14
1075810,Natanya,1990,F,14
1075811,Natika,1990,F,14
1075812,Nedra,1990,F,14
1075813,Nely,1990,F,14
1075814,Neosha,1990,F,14
1075815,Nessa,1990,F,14
1075816,Nevada,1990,F,14
1075817,Neysa,1990,F,14
1075818,Nichele,1990,F,14
1075819,Nidhi,1990,F,14
1075820,Nikka,1990,F,14
1075821,Nirvana,1990,F,14
1075822,Noa,1990,F,14
1075823,Noheli,1990,F,14
1075824,Odalis,1990,F,14
1075825,Onika,1990,F,14
1075826,Panagiota,1990,F,14
1075827,Phung,1990,F,14
1075828,Porshea,1990,F,14
1075829,Raiven,1990,F,14
1075830,Raul,1990,F,14
1075831,Ravon,1990,F,14
1075832,Raynisha,1990,F,14
1075833,Ricardo,1990,F,14
1075834,Ricky,1990,F,14
1075835,Ronetta,1990,F,14
1075836,Ronique,1990,F,14
1075837,Rosaline,1990,F,14
1075838,Rossana,1990,F,14
1075839,Rubie,1990,F,14
1075840,Sabria,1990,F,14
1075841,Saisha,1990,F,14
1075842,San,1990,F,14
1075843,Sashia,1990,F,14
1075844,Schyler,1990,F,14
1075845,Seaira,1990,F,14
1075846,Sena,1990,F,14
1075847,Shadara,1990,F,14
1075848,Shakela,1990,F,14
1075849,Shakiya,1990,F,14
1075850,Shalia,1990,F,14
1075851,Shalini,1990,F,14
1075852,Shaneque,1990,F,14
1075853,Shanikka,1990,F,14
1075854,Shanitra,1990,F,14
1075855,Shanquita,1990,F,14
1075856,Shantara,1990,F,14
1075857,Shantika,1990,F,14
1075858,Sharmain,1990,F,14
1075859,Sharne,1990,F,14
1075860,Sharnelle,1990,F,14
1075861,Sharnita,1990,F,14
1075862,Sharyn,1990,F,14
1075863,Shateria,1990,F,14
1075864,Shavelle,1990,F,14
1075865,Shawnette,1990,F,14
1075866,Shawnita,1990,F,14
1075867,Shawny,1990,F,14
1075868,Shaya,1990,F,14
1075869,Shelina,1990,F,14
1075870,Shenee,1990,F,14
1075871,Shenelle,1990,F,14
1075872,Sheniece,1990,F,14
1075873,Sheresa,1990,F,14
1075874,Sherrelle,1990,F,14
1075875,Shevon,1990,F,14
1075876,Shiori,1990,F,14
1075877,Shirin,1990,F,14
1075878,Sidra,1990,F,14
1075879,Sigrid,1990,F,14
1075880,Soo,1990,F,14
1075881,Stasia,1990,F,14
1075882,Stehanie,1990,F,14
1075883,Sulay,1990,F,14
1075884,Summar,1990,F,14
1075885,Tanequa,1990,F,14
1075886,Taquesha,1990,F,14
1075887,Taquisha,1990,F,14
1075888,Taralyn,1990,F,14
1075889,Taraneh,1990,F,14
1075890,Tarika,1990,F,14
1075891,Tarsha,1990,F,14
1075892,Tate,1990,F,14
1075893,Tedi,1990,F,14
1075894,Teila,1990,F,14
1075895,Temperance,1990,F,14
1075896,Teran,1990,F,14
1075897,Tiani,1990,F,14
1075898,Tuyet,1990,F,14
1075899,Twana,1990,F,14
1075900,Tyanne,1990,F,14
1075901,Tyne,1990,F,14
1075902,Tynetta,1990,F,14
1075903,Tyreka,1990,F,14
1075904,Vanita,1990,F,14
1075905,Vianney,1990,F,14
1075906,Violetta,1990,F,14
1075907,Whisper,1990,F,14
1075908,Yamile,1990,F,14
1075909,Yamileth,1990,F,14
1075910,Yetunde,1990,F,14
1075911,Yomaira,1990,F,14
1075912,Young,1990,F,14
1075913,Yumi,1990,F,14
1075914,Zandria,1990,F,14
1075915,Zayra,1990,F,14
1075916,Zeina,1990,F,14
1075917,Adelia,1990,F,13
1075918,Adella,1990,F,13
1075919,Adi,1990,F,13
1075920,Aislynn,1990,F,13
1075921,Ajah,1990,F,13
1075922,Akasha,1990,F,13
1075923,Alaya,1990,F,13
1075924,Alexandre,1990,F,13
1075925,Alexiss,1990,F,13
1075926,Alexsa,1990,F,13
1075927,Alyssamarie,1990,F,13
1075928,Ama,1990,F,13
1075929,Amalie,1990,F,13
1075930,Ameerah,1990,F,13
1075931,Amena,1990,F,13
1075932,Anacristina,1990,F,13
1075933,Analiese,1990,F,13
1075934,Anastashia,1990,F,13
1075935,Anastazia,1990,F,13
1075936,Andreka,1990,F,13
1075937,Andy,1990,F,13
1075938,Aneka,1990,F,13
1075939,Anesia,1990,F,13
1075940,Antonique,1990,F,13
1075941,Aprille,1990,F,13
1075942,Arabia,1990,F,13
1075943,Aramis,1990,F,13
1075944,Archana,1990,F,13
1075945,Arelis,1990,F,13
1075946,Arlinda,1990,F,13
1075947,Arnisha,1990,F,13
1075948,Aryanna,1990,F,13
1075949,Ashanta,1990,F,13
1075950,Atia,1990,F,13
1075951,Audreyanna,1990,F,13
1075952,Avril,1990,F,13
1075953,Azusena,1990,F,13
1075954,Belle,1990,F,13
1075955,Berlinda,1990,F,13
1075956,Bernadine,1990,F,13
1075957,Biridiana,1990,F,13
1075958,Brandalyn,1990,F,13
1075959,Brandis,1990,F,13
1075960,Branisha,1990,F,13
1075961,Bre,1990,F,13
1075962,Breiana,1990,F,13
1075963,Brendy,1990,F,13
1075964,Bristol,1990,F,13
1075965,British,1990,F,13
1075966,Brittony,1990,F,13
1075967,Caci,1990,F,13
1075968,Cadi,1990,F,13
1075969,Caira,1990,F,13
1075970,Caitlynne,1990,F,13
1075971,Cammi,1990,F,13
1075972,Caralyn,1990,F,13
1075973,Caris,1990,F,13
1075974,Casee,1990,F,13
1075975,Cassidie,1990,F,13
1075976,Catherina,1990,F,13
1075977,Chae,1990,F,13
1075978,Chakia,1990,F,13
1075979,Chanay,1990,F,13
1075980,Chanele,1990,F,13
1075981,Chanique,1990,F,13
1075982,Chantrice,1990,F,13
1075983,Charday,1990,F,13
1075984,Charee,1990,F,13
1075985,Charese,1990,F,13
1075986,Charon,1990,F,13
1075987,Chasiti,1990,F,13
1075988,Chauntel,1990,F,13
1075989,Chellsie,1990,F,13
1075990,Chera,1990,F,13
1075991,Cherrish,1990,F,13
1075992,Chirstina,1990,F,13
1075993,Claritza,1990,F,13
1075994,Colton,1990,F,13
1075995,Cornesha,1990,F,13
1075996,Cosette,1990,F,13
1075997,Coutney,1990,F,13
1075998,Crystalynn,1990,F,13
1075999,Damesha,1990,F,13
1076000,Damia,1990,F,13
1076001,Danicia,1990,F,13
1076002,Darcel,1990,F,13
1076003,Darling,1990,F,13
1076004,Darryl,1990,F,13
1076005,Darya,1990,F,13
1076006,Davena,1990,F,13
1076007,Davia,1990,F,13
1076008,Davisha,1990,F,13
1076009,Daytona,1990,F,13
1076010,Deanndra,1990,F,13
1076011,Deasha,1990,F,13
1076012,Deepika,1990,F,13
1076013,Deisi,1990,F,13
1076014,Deitra,1990,F,13
1076015,Demisha,1990,F,13
1076016,Derrick,1990,F,13
1076017,Deshae,1990,F,13
1076018,Desira,1990,F,13
1076019,Devany,1990,F,13
1076020,Dianca,1990,F,13
1076021,Dominika,1990,F,13
1076022,Donella,1990,F,13
1076023,Donnesha,1990,F,13
1076024,Douglas,1990,F,13
1076025,Dovie,1990,F,13
1076026,Drucilla,1990,F,13
1076027,Drusilla,1990,F,13
1076028,Elham,1990,F,13
1076029,Elizabethann,1990,F,13
1076030,Elka,1990,F,13
1076031,Elliott,1990,F,13
1076032,Ellis,1990,F,13
1076033,Ellise,1990,F,13
1076034,Elspeth,1990,F,13
1076035,Emileigh,1990,F,13
1076036,Ena,1990,F,13
1076037,Errin,1990,F,13
1076038,Eugenie,1990,F,13
1076039,Evamarie,1990,F,13
1076040,Finesse,1990,F,13
1076041,Fraidy,1990,F,13
1076042,Frank,1990,F,13
1076043,Gaelle,1990,F,13
1076044,Gennie,1990,F,13
1076045,Giannina,1990,F,13
1076046,Glynnis,1990,F,13
1076047,Goldy,1990,F,13
1076048,Grayson,1990,F,13
1076049,Griselle,1990,F,13
1076050,Hailley,1990,F,13
1076051,Haneen,1990,F,13
1076052,Haylea,1990,F,13
1076053,Huyen,1990,F,13
1076054,Ilda,1990,F,13
1076055,Issamar,1990,F,13
1076056,Jacqulynn,1990,F,13
1076057,Jacyln,1990,F,13
1076058,Jadira,1990,F,13
1076059,Jalana,1990,F,13
1076060,Jalena,1990,F,13
1076061,Janalee,1990,F,13
1076062,Jandi,1990,F,13
1076063,Janecia,1990,F,13
1076064,Janene,1990,F,13
1076065,Janneth,1990,F,13
1076066,Jasmia,1990,F,13
1076067,Jasper,1990,F,13
1076068,Jazzmyne,1990,F,13
1076069,Jeffery,1990,F,13
1076070,Jelesa,1990,F,13
1076071,Jemima,1990,F,13
1076072,Jeneffer,1990,F,13
1076073,Jennilyn,1990,F,13
1076074,Jericha,1990,F,13
1076075,Jericho,1990,F,13
1076076,Jessicia,1990,F,13
1076077,Joelisa,1990,F,13
1076078,Joli,1990,F,13
1076079,Jonte,1990,F,13
1076080,Josalynn,1990,F,13
1076081,Jossie,1990,F,13
1076082,Judit,1990,F,13
1076083,Justene,1990,F,13
1076084,Kachina,1990,F,13
1076085,Kaeleigh,1990,F,13
1076086,Kailea,1990,F,13
1076087,Kaleisha,1990,F,13
1076088,Kalesha,1990,F,13
1076089,Kamala,1990,F,13
1076090,Kanani,1990,F,13
1076091,Kaprice,1990,F,13
1076092,Karrington,1990,F,13
1076093,Kashmir,1990,F,13
1076094,Katelen,1990,F,13
1076095,Kateria,1990,F,13
1076096,Kathren,1990,F,13
1076097,Kathrynn,1990,F,13
1076098,Kathya,1990,F,13
1076099,Katrine,1990,F,13
1076100,Kayanna,1990,F,13
1076101,Kayelani,1990,F,13
1076102,Kearsten,1990,F,13
1076103,Keirstin,1990,F,13
1076104,Keishia,1990,F,13
1076105,Kennia,1990,F,13
1076106,Kerisha,1990,F,13
1076107,Keshawn,1990,F,13
1076108,Keyosha,1990,F,13
1076109,Khalilah,1990,F,13
1076110,Khristine,1990,F,13
1076111,Kiarah,1990,F,13
1076112,Kimberleigh,1990,F,13
1076113,Kimberlyann,1990,F,13
1076114,Kimesha,1990,F,13
1076115,Kinzie,1990,F,13
1076116,Kirbie,1990,F,13
1076117,Kirstine,1990,F,13
1076118,Kla,1990,F,13
1076119,Korrin,1990,F,13
1076120,Kristelle,1990,F,13
1076121,Kristene,1990,F,13
1076122,Kyeisha,1990,F,13
1076123,Kylah,1990,F,13
1076124,Kyler,1990,F,13
1076125,Kyrstie,1990,F,13
1076126,Lache,1990,F,13
1076127,Lacrecia,1990,F,13
1076128,Ladora,1990,F,13
1076129,Lakeita,1990,F,13
1076130,Lakira,1990,F,13
1076131,Lakota,1990,F,13
1076132,Laniece,1990,F,13
1076133,Lanique,1990,F,13
1076134,Laquanna,1990,F,13
1076135,Larita,1990,F,13
1076136,Larkin,1990,F,13
1076137,Larrissa,1990,F,13
1076138,Lashante,1990,F,13
1076139,Lateria,1990,F,13
1076140,Laterra,1990,F,13
1076141,Latiesha,1990,F,13
1076142,Latishia,1990,F,13
1076143,Latitia,1990,F,13
1076144,Laycee,1990,F,13
1076145,Leeandra,1990,F,13
1076146,Leidy,1990,F,13
1076147,Lekia,1990,F,13
1076148,Letia,1990,F,13
1076149,Leya,1990,F,13
1076150,Leyna,1990,F,13
1076151,Liandra,1990,F,13
1076152,Liat,1990,F,13
1076153,Lilyana,1990,F,13
1076154,Lisabeth,1990,F,13
1076155,Loralee,1990,F,13
1076156,Lyanna,1990,F,13
1076157,Lyndsee,1990,F,13
1076158,Lynetta,1990,F,13
1076159,Madai,1990,F,13
1076160,Makena,1990,F,13
1076161,Maleka,1990,F,13
1076162,Maram,1990,F,13
1076163,Maraya,1990,F,13
1076164,Mariaisabel,1990,F,13
1076165,Mariama,1990,F,13
1076166,Mariateresa,1990,F,13
1076167,Marnita,1990,F,13
1076168,Maryhelen,1990,F,13
1076169,Matraca,1990,F,13
1076170,Matti,1990,F,13
1076171,Maurice,1990,F,13
1076172,Mauricia,1990,F,13
1076173,Mayda,1990,F,13
1076174,Mckensie,1990,F,13
1076175,Melaina,1990,F,13
1076176,Merina,1990,F,13
1076177,Merranda,1990,F,13
1076178,Merri,1990,F,13
1076179,Michayla,1990,F,13
1076180,Michelina,1990,F,13
1076181,Mickala,1990,F,13
1076182,Mikyla,1990,F,13
1076183,Moncia,1990,F,13
1076184,Mone,1990,F,13
1076185,Monette,1990,F,13
1076186,Mystique,1990,F,13
1076187,Nadira,1990,F,13
1076188,Naila,1990,F,13
1076189,Naquita,1990,F,13
1076190,Nary,1990,F,13
1076191,Nathali,1990,F,13
1076192,Navid,1990,F,13
1076193,Nawal,1990,F,13
1076194,Nga,1990,F,13
1076195,Nhung,1990,F,13
1076196,Nikol,1990,F,13
1076197,Nyeshia,1990,F,13
1076198,Nyoka,1990,F,13
1076199,Oanh,1990,F,13
1076200,Olive,1990,F,13
1076201,Omar,1990,F,13
1076202,Persephone,1990,F,13
1076203,Phaedra,1990,F,13
1076204,Philana,1990,F,13
1076205,Phillip,1990,F,13
1076206,Poonam,1990,F,13
1076207,Precilla,1990,F,13
1076208,Prisca,1990,F,13
1076209,Quintella,1990,F,13
1076210,Quyen,1990,F,13
1076211,Raesha,1990,F,13
1076212,Rashada,1990,F,13
1076213,Rashidah,1990,F,13
1076214,Rashunda,1990,F,13
1076215,Raylynn,1990,F,13
1076216,Rechelle,1990,F,13
1076217,Rema,1990,F,13
1076218,Reneisha,1990,F,13
1076219,Riann,1990,F,13
1076220,Rickita,1990,F,13
1076221,Rika,1990,F,13
1076222,Ronny,1990,F,13
1076223,Roshawnda,1990,F,13
1076224,Roxy,1990,F,13
1076225,Ryanna,1990,F,13
1076226,Sadye,1990,F,13
1076227,Sameera,1990,F,13
1076228,Sameerah,1990,F,13
1076229,Samirah,1990,F,13
1076230,Sarit,1990,F,13
1076231,Saudia,1990,F,13
1076232,Sausha,1990,F,13
1076233,Seairra,1990,F,13
1076234,Serita,1990,F,13
1076235,Serra,1990,F,13
1076236,Seymone,1990,F,13
1076237,Shadawn,1990,F,13
1076238,Shailyn,1990,F,13
1076239,Shaira,1990,F,13
1076240,Shakeila,1990,F,13
1076241,Shakirra,1990,F,13
1076242,Shalae,1990,F,13
1076243,Shalandra,1990,F,13
1076244,Shalaya,1990,F,13
1076245,Shalina,1990,F,13
1076246,Shanara,1990,F,13
1076247,Shanavia,1990,F,13
1076248,Shandel,1990,F,13
1076249,Shandell,1990,F,13
1076250,Shanequia,1990,F,13
1076251,Shaniqwa,1990,F,13
1076252,Shantasia,1990,F,13
1076253,Shantina,1990,F,13
1076254,Shaquanta,1990,F,13
1076255,Shaquela,1990,F,13
1076256,Shaqueta,1990,F,13
1076257,Sharia,1990,F,13
1076258,Sharmayne,1990,F,13
1076259,Sharnay,1990,F,13
1076260,Shatika,1990,F,13
1076261,Shauntia,1990,F,13
1076262,Shawnika,1990,F,13
1076263,Shawnise,1990,F,13
1076264,Shaylah,1990,F,13
1076265,Shenell,1990,F,13
1076266,Sherae,1990,F,13
1076267,Sherine,1990,F,13
1076268,Sheron,1990,F,13
1076269,Sherria,1990,F,13
1076270,Shetara,1990,F,13
1076271,Shirah,1990,F,13
1076272,Shree,1990,F,13
1076273,Simonne,1990,F,13
1076274,Simran,1990,F,13
1076275,Sonny,1990,F,13
1076276,Soraida,1990,F,13
1076277,Sosha,1990,F,13
1076278,Tajia,1990,F,13
1076279,Tajuana,1990,F,13
1076280,Takeria,1990,F,13
1076281,Takoya,1990,F,13
1076282,Tala,1990,F,13
1076283,Tamieka,1990,F,13
1076284,Taquana,1990,F,13
1076285,Taquita,1990,F,13
1076286,Tari,1990,F,13
1076287,Tarnisha,1990,F,13
1076288,Tasheema,1990,F,13
1076289,Tashona,1990,F,13
1076290,Teasia,1990,F,13
1076291,Tenise,1990,F,13
1076292,Terrance,1990,F,13
1076293,Tessla,1990,F,13
1076294,Teyonna,1990,F,13
1076295,Tieshia,1990,F,13
1076296,Tora,1990,F,13
1076297,Tranisha,1990,F,13
1076298,Tu,1990,F,13
1076299,Tyeasha,1990,F,13
1076300,Tyeesha,1990,F,13
1076301,Tykeisha,1990,F,13
1076302,Tykesha,1990,F,13
1076303,Tynika,1990,F,13
1076304,Una,1990,F,13
1076305,Vanesha,1990,F,13
1076306,Wafa,1990,F,13
1076307,Wilhelmina,1990,F,13
1076308,Yalitza,1990,F,13
1076309,Ysenia,1990,F,13
1076310,Yuka,1990,F,13
1076311,Zeena,1990,F,13
1076312,Zelina,1990,F,13
1076313,Zoua,1990,F,13
1076314,Zulay,1990,F,13
1076315,Aaliyah,1990,F,12
1076316,Abriel,1990,F,12
1076317,Aerielle,1990,F,12
1076318,Afua,1990,F,12
1076319,Aiko,1990,F,12
1076320,Aisa,1990,F,12
1076321,Ajia,1990,F,12
1076322,Akayla,1990,F,12
1076323,Akeisha,1990,F,12
1076324,Alani,1990,F,12
1076325,Alania,1990,F,12
1076326,Alaysha,1990,F,12
1076327,Alegra,1990,F,12
1076328,Alene,1990,F,12
1076329,Alexes,1990,F,12
1076330,Alexzandrea,1990,F,12
1076331,Allyce,1990,F,12
1076332,Alyssandra,1990,F,12
1076333,Amairani,1990,F,12
1076334,Amey,1990,F,12
1076335,Aminata,1990,F,12
1076336,Anacaren,1990,F,12
1076337,Analilia,1990,F,12
1076338,Analyssa,1990,F,12
1076339,Andera,1990,F,12
1076340,Anicia,1990,F,12
1076341,Anila,1990,F,12
1076342,Anjanette,1990,F,12
1076343,Ankita,1990,F,12
1076344,Annisa,1990,F,12
1076345,Anquette,1990,F,12
1076346,Anquinette,1990,F,12
1076347,Arabella,1990,F,12
1076348,Arasely,1990,F,12
1076349,Araya,1990,F,12
1076350,Armando,1990,F,12
1076351,Armani,1990,F,12
1076352,Ashland,1990,F,12
1076353,Ashleen,1990,F,12
1076354,Atalie,1990,F,12
1076355,Awilda,1990,F,12
1076356,Ayaka,1990,F,12
1076357,Ayleen,1990,F,12
1076358,Aylin,1990,F,12
1076359,Ayse,1990,F,12
1076360,Basya,1990,F,12
1076361,Beata,1990,F,12
1076362,Becki,1990,F,12
1076363,Beryl,1990,F,12
1076364,Beunka,1990,F,12
1076365,Biana,1990,F,12
1076366,Billiejo,1990,F,12
1076367,Brantley,1990,F,12
1076368,Breck,1990,F,12
1076369,Breon,1990,F,12
1076370,Brettany,1990,F,12
1076371,Bri,1990,F,12
1076372,Briannah,1990,F,12
1076373,Britanee,1990,F,12
1076374,Britiny,1990,F,12
1076375,Caileigh,1990,F,12
1076376,Calah,1990,F,12
1076377,Capricia,1990,F,12
1076378,Carena,1990,F,12
1076379,Carlisle,1990,F,12
1076380,Carma,1990,F,12
1076381,Caryssa,1990,F,12
1076382,Casia,1990,F,12
1076383,Caterine,1990,F,12
1076384,Cecillia,1990,F,12
1076385,Celest,1990,F,12
1076386,Cerise,1990,F,12
1076387,Cerissa,1990,F,12
1076388,Channelle,1990,F,12
1076389,Chantee,1990,F,12
1076390,Chantilly,1990,F,12
1076391,Chantrell,1990,F,12
1076392,Charae,1990,F,12
1076393,Charnay,1990,F,12
1076394,Charniece,1990,F,12
1076395,Chaunte,1990,F,12
1076396,Che,1990,F,12
1076397,Chela,1990,F,12
1076398,Chelce,1990,F,12
1076399,Chelesea,1990,F,12
1076400,Chelsei,1990,F,12
1076401,Chenae,1990,F,12
1076402,Chenice,1990,F,12
1076403,Cherae,1990,F,12
1076404,Chere,1990,F,12
1076405,Cherika,1990,F,12
1076406,Christabel,1990,F,12
1076407,Christia,1990,F,12
1076408,Clarie,1990,F,12
1076409,Clea,1990,F,12
1076410,Corene,1990,F,12
1076411,Corisa,1990,F,12
1076412,Courtlyn,1990,F,12
1076413,Crimson,1990,F,12
1076414,Crystallynn,1990,F,12
1076415,Cyndal,1990,F,12
1076416,Dabney,1990,F,12
1076417,Daiana,1990,F,12
1076418,Dameka,1990,F,12
1076419,Daneen,1990,F,12
1076420,Danetra,1990,F,12
1076421,Danetta,1990,F,12
1076422,Danitra,1990,F,12
1076423,Daphnie,1990,F,12
1076424,Darcee,1990,F,12
1076425,Dari,1990,F,12
1076426,Dariel,1990,F,12
1076427,Dariela,1990,F,12
1076428,Daryn,1990,F,12
1076429,Davona,1990,F,12
1076430,Dawnn,1990,F,12
1076431,Dayra,1990,F,12
1076432,Delany,1990,F,12
1076433,Demesha,1990,F,12
1076434,Dene,1990,F,12
1076435,Denelle,1990,F,12
1076436,Denetra,1990,F,12
1076437,Deondria,1990,F,12
1076438,Der,1990,F,12
1076439,Desteny,1990,F,12
1076440,Destynee,1990,F,12
1076441,Diamon,1990,F,12
1076442,Diesha,1990,F,12
1076443,Disa,1990,F,12
1076444,Dollie,1990,F,12
1076445,Dondra,1990,F,12
1076446,Doneshia,1990,F,12
1076447,Dru,1990,F,12
1076448,Dunia,1990,F,12
1076449,Eda,1990,F,12
1076450,Elaura,1990,F,12
1076451,Eneida,1990,F,12
1076452,Eriko,1990,F,12
1076453,Evalina,1990,F,12
1076454,Evanne,1990,F,12
1076455,Fabiana,1990,F,12
1076456,Fara,1990,F,12
1076457,Faten,1990,F,12
1076458,Felina,1990,F,12
1076459,Felishia,1990,F,12
1076460,Florentina,1990,F,12
1076461,Folasade,1990,F,12
1076462,Folashade,1990,F,12
1076463,Frimet,1990,F,12
1076464,Geanna,1990,F,12
1076465,Genessis,1990,F,12
1076466,Gennesis,1990,F,12
1076467,Gessica,1990,F,12
1076468,Gianni,1990,F,12
1076469,Ginelle,1990,F,12
1076470,Gissel,1990,F,12
1076471,Gissell,1990,F,12
1076472,Graceann,1990,F,12
1076473,Griffin,1990,F,12
1076474,Harper,1990,F,12
1076475,Haya,1990,F,12
1076476,Hayleigh,1990,F,12
1076477,Hector,1990,F,12
1076478,Hindy,1990,F,12
1076479,Houston,1990,F,12
1076480,Ilyse,1990,F,12
1076481,Irish,1990,F,12
1076482,Ivania,1990,F,12
1076483,Ivie,1990,F,12
1076484,Iyonna,1990,F,12
1076485,Izabella,1990,F,12
1076486,Jacilyn,1990,F,12
1076487,Jadee,1990,F,12
1076488,Jakayla,1990,F,12
1076489,Jalee,1990,F,12
1076490,Jalise,1990,F,12
1076491,Jalisia,1990,F,12
1076492,Jamal,1990,F,12
1076493,Jamiesha,1990,F,12
1076494,Jamonica,1990,F,12
1076495,Janeice,1990,F,12
1076496,Janeka,1990,F,12
1076497,Janisa,1990,F,12
1076498,Jaquanna,1990,F,12
1076499,Jarah,1990,F,12
1076500,Jarica,1990,F,12
1076501,Javonda,1990,F,12
1076502,Jeanett,1990,F,12
1076503,Jemma,1990,F,12
1076504,Jennipher,1990,F,12
1076505,Jeralyn,1990,F,12
1076506,Jessey,1990,F,12
1076507,Jessia,1990,F,12
1076508,Jestina,1990,F,12
1076509,Jinny,1990,F,12
1076510,Joceline,1990,F,12
1076511,Jonathon,1990,F,12
1076512,Jonesha,1990,F,12
1076513,Joyanna,1990,F,12
1076514,Joycelynn,1990,F,12
1076515,Kaelynn,1990,F,12
1076516,Kaileen,1990,F,12
1076517,Kaity,1990,F,12
1076518,Kalandra,1990,F,12
1076519,Kaliah,1990,F,12
1076520,Kallen,1990,F,12
1076521,Kaloni,1990,F,12
1076522,Karlina,1990,F,12
1076523,Kasarah,1990,F,12
1076524,Katalin,1990,F,12
1076525,Katielynn,1990,F,12
1076526,Katlyne,1990,F,12
1076527,Katoya,1990,F,12
1076528,Kayana,1990,F,12
1076529,Kayde,1990,F,12
1076530,Kayia,1990,F,12
1076531,Kaylamarie,1990,F,12
1076532,Kaysee,1990,F,12
1076533,Kaytee,1990,F,12
1076534,Kaytlynn,1990,F,12
1076535,Kearia,1990,F,12
1076536,Keelee,1990,F,12
1076537,Keelin,1990,F,12
1076538,Kelicia,1990,F,12
1076539,Kelse,1990,F,12
1076540,Kenishia,1990,F,12
1076541,Kerrianne,1990,F,12
1076542,Kewanna,1990,F,12
1076543,Keyna,1990,F,12
1076544,Khanh,1990,F,12
1076545,Kiasha,1990,F,12
1076546,Kieran,1990,F,12
1076547,Kimia,1990,F,12
1076548,Kiswana,1990,F,12
1076549,Klee,1990,F,12
1076550,Koree,1990,F,12
1076551,Korrine,1990,F,12
1076552,Krishana,1990,F,12
1076553,Kristianne,1990,F,12
1076554,Kyah,1990,F,12
1076555,Kye,1990,F,12
1076556,Kyleah,1990,F,12
1076557,Kylen,1990,F,12
1076558,Lachandra,1990,F,12
1076559,Lacinda,1990,F,12
1076560,Lajessica,1990,F,12
1076561,Lajuana,1990,F,12
1076562,Laniqua,1990,F,12
1076563,Larina,1990,F,12
1076564,Lashaundra,1990,F,12
1076565,Lashon,1990,F,12
1076566,Latifha,1990,F,12
1076567,Laurene,1990,F,12
1076568,Laurita,1990,F,12
1076569,Leeana,1990,F,12
1076570,Lenise,1990,F,12
1076571,Leonila,1990,F,12
1076572,Leshay,1990,F,12
1076573,Lesleigh,1990,F,12
1076574,Lesslie,1990,F,12
1076575,Letha,1990,F,12
1076576,Letticia,1990,F,12
1076577,Lettie,1990,F,12
1076578,Livier,1990,F,12
1076579,Loan,1990,F,12
1076580,Loida,1990,F,12
1076581,Lonisha,1990,F,12
1076582,Loreen,1990,F,12
1076583,Lorien,1990,F,12
1076584,Lou,1990,F,12
1076585,Lucrecia,1990,F,12
1076586,Mailee,1990,F,12
1076587,Mairin,1990,F,12
1076588,Mana,1990,F,12
1076589,Manon,1990,F,12
1076590,Markel,1990,F,12
1076591,Marketia,1990,F,12
1076592,Markiesha,1990,F,12
1076593,Marleah,1990,F,12
1076594,Marry,1990,F,12
1076595,Maryn,1990,F,12
1076596,Matina,1990,F,12
1076597,Mauri,1990,F,12
1076598,Maurica,1990,F,12
1076599,Maurisa,1990,F,12
1076600,Meigan,1990,F,12
1076601,Melanee,1990,F,12
1076602,Melenie,1990,F,12
1076603,Meriam,1990,F,12
1076604,Miguelina,1990,F,12
1076605,Mikah,1990,F,12
1076606,Min,1990,F,12
1076607,Miyuki,1990,F,12
1076608,Monesha,1990,F,12
1076609,Monquie,1990,F,12
1076610,Montanna,1990,F,12
1076611,Montserrat,1990,F,12
1076612,Muna,1990,F,12
1076613,Myasia,1990,F,12
1076614,Mykala,1990,F,12
1076615,Naureen,1990,F,12
1076616,Nemesis,1990,F,12
1076617,Ngozi,1990,F,12
1076618,Nhu,1990,F,12
1076619,Nila,1990,F,12
1076620,Nilsa,1990,F,12
1076621,Nur,1990,F,12
1076622,Nykole,1990,F,12
1076623,Onna,1990,F,12
1076624,Pakou,1990,F,12
1076625,Payge,1990,F,12
1076626,Petrina,1990,F,12
1076627,Philisha,1990,F,12
1076628,Porchea,1990,F,12
1076629,Promise,1990,F,12
1076630,Quantia,1990,F,12
1076631,Quierra,1990,F,12
1076632,Rain,1990,F,12
1076633,Rakeisha,1990,F,12
1076634,Ramey,1990,F,12
1076635,Rashaun,1990,F,12
1076636,Regena,1990,F,12
1076637,Renate,1990,F,12
1076638,Reneka,1990,F,12
1076639,Rifka,1990,F,12
1076640,Risha,1990,F,12
1076641,Robbyn,1990,F,12
1076642,Ronette,1990,F,12
1076643,Rosaria,1990,F,12
1076644,Rossy,1990,F,12
1076645,Rylie,1990,F,12
1076646,Saadia,1990,F,12
1076647,Sabryna,1990,F,12
1076648,Sakeena,1990,F,12
1076649,Salam,1990,F,12
1076650,Salima,1990,F,12
1076651,Samamtha,1990,F,12
1076652,Samera,1990,F,12
1076653,Samra,1990,F,12
1076654,Sandeep,1990,F,12
1076655,Sandria,1990,F,12
1076656,Santia,1990,F,12
1076657,Sarafina,1990,F,12
1076658,Sareena,1990,F,12
1076659,Sejal,1990,F,12
1076660,Shainna,1990,F,12
1076661,Shamecca,1990,F,12
1076662,Shamirah,1990,F,12
1076663,Shanah,1990,F,12
1076664,Shandie,1990,F,12
1076665,Shaneen,1990,F,12
1076666,Shanekqua,1990,F,12
1076667,Shanigua,1990,F,12
1076668,Shanterria,1990,F,12
1076669,Shany,1990,F,12
1076670,Shaquaya,1990,F,12
1076671,Shaquia,1990,F,12
1076672,Shaquna,1990,F,12
1076673,Sharaine,1990,F,12
1076674,Shareena,1990,F,12
1076675,Shariah,1990,F,12
1076676,Sharifa,1990,F,12
1076677,Sharmane,1990,F,12
1076678,Sharnee,1990,F,12
1076679,Shawntavia,1990,F,12
1076680,Sheina,1990,F,12
1076681,Shekera,1990,F,12
1076682,Shelbee,1990,F,12
1076683,Sheria,1990,F,12
1076684,Sherlyn,1990,F,12
1076685,Sheyanne,1990,F,12
1076686,Shonique,1990,F,12
1076687,Shyanna,1990,F,12
1076688,Shylo,1990,F,12
1076689,Sia,1990,F,12
1076690,Sian,1990,F,12
1076691,Sinai,1990,F,12
1076692,Sintia,1990,F,12
1076693,Stevee,1990,F,12
1076694,Sueling,1990,F,12
1076695,Sun,1990,F,12
1076696,Susann,1990,F,12
1076697,Swati,1990,F,12
1076698,Syrena,1990,F,12
1076699,Tachelle,1990,F,12
1076700,Taleisha,1990,F,12
1076701,Talysa,1990,F,12
1076702,Tamber,1990,F,12
1076703,Tamiko,1990,F,12
1076704,Taneasha,1990,F,12
1076705,Tangie,1990,F,12
1076706,Tannia,1990,F,12
1076707,Taquila,1990,F,12
1076708,Tarren,1990,F,12
1076709,Tarynn,1990,F,12
1076710,Tashima,1990,F,12
1076711,Taura,1990,F,12
1076712,Telecia,1990,F,12
1076713,Tenecia,1990,F,12
1076714,Terea,1990,F,12
1076715,Terrisha,1990,F,12
1076716,Terryn,1990,F,12
1076717,Teshima,1990,F,12
1076718,Teylor,1990,F,12
1076719,Tiffanny,1990,F,12
1076720,Tila,1990,F,12
1076721,Tillie,1990,F,12
1076722,Timika,1990,F,12
1076723,Tira,1990,F,12
1076724,Tishara,1990,F,12
1076725,Tomara,1990,F,12
1076726,Towanda,1990,F,12
1076727,Trinda,1990,F,12
1076728,Tyia,1990,F,12
1076729,Valentine,1990,F,12
1076730,Vanissa,1990,F,12
1076731,Venisha,1990,F,12
1076732,Verity,1990,F,12
1076733,Wendolyn,1990,F,12
1076734,Wilda,1990,F,12
1076735,Yamila,1990,F,12
1076736,Yanely,1990,F,12
1076737,Yanitza,1990,F,12
1076738,Yarely,1990,F,12
1076739,Yashica,1990,F,12
1076740,Yasmina,1990,F,12
1076741,Yelena,1990,F,12
1076742,Yeng,1990,F,12
1076743,Ying,1990,F,12
1076744,Yoko,1990,F,12
1076745,Yuriana,1990,F,12
1076746,Zia,1990,F,12
1076747,Zoie,1990,F,12
1076748,Abeer,1990,F,11
1076749,Adasha,1990,F,11
1076750,Adelita,1990,F,11
1076751,Adrielle,1990,F,11
1076752,Aerin,1990,F,11
1076753,Ai,1990,F,11
1076754,Ailsa,1990,F,11
1076755,Ainslie,1990,F,11
1076756,Aissa,1990,F,11
1076757,Akeyla,1990,F,11
1076758,Alaysia,1990,F,11
1076759,Albertina,1990,F,11
1076760,Aleaha,1990,F,11
1076761,Alee,1990,F,11
1076762,Aleen,1990,F,11
1076763,Aleeza,1990,F,11
1076764,Alese,1990,F,11
1076765,Alexas,1990,F,11
1076766,Alicyn,1990,F,11
1076767,Alis,1990,F,11
1076768,Alya,1990,F,11
1076769,Alyscia,1990,F,11
1076770,Amandajo,1990,F,11
1076771,Amaya,1990,F,11
1076772,Ameenah,1990,F,11
1076773,Amillia,1990,F,11
1076774,Ammanda,1990,F,11
1076775,Anahita,1990,F,11
1076776,Analissa,1990,F,11
1076777,Anastasha,1990,F,11
1076778,Andee,1990,F,11
1076779,Angelette,1990,F,11
1076780,Angellea,1990,F,11
1076781,Angelo,1990,F,11
1076782,Anisah,1990,F,11
1076783,Annabeth,1990,F,11
1076784,Annett,1990,F,11
1076785,Annick,1990,F,11
1076786,Annisha,1990,F,11
1076787,Antanisha,1990,F,11
1076788,Antia,1990,F,11
1076789,Antwonette,1990,F,11
1076790,Arlana,1990,F,11
1076791,Arlen,1990,F,11
1076792,Arlisha,1990,F,11
1076793,Arturo,1990,F,11
1076794,Ashby,1990,F,11
1076795,Asiya,1990,F,11
1076796,Atasha,1990,F,11
1076797,Aubriana,1990,F,11
1076798,Aunna,1990,F,11
1076799,Auriana,1990,F,11
1076800,Aymee,1990,F,11
1076801,Barrie,1990,F,11
1076802,Bayleigh,1990,F,11
1076803,Belia,1990,F,11
1076804,Belkis,1990,F,11
1076805,Beonca,1990,F,11
1076806,Betsey,1990,F,11
1076807,Bettie,1990,F,11
1076808,Blayne,1990,F,11
1076809,Breahna,1990,F,11
1076810,Brecken,1990,F,11
1076811,Brehanna,1990,F,11
1076812,Briel,1990,F,11
1076813,Brigett,1990,F,11
1076814,Britain,1990,F,11
1076815,Britnay,1990,F,11
1076816,Britteney,1990,F,11
1076817,Brittian,1990,F,11
1076818,Brittin,1990,F,11
1076819,Bryann,1990,F,11
1076820,Cacey,1990,F,11
1076821,Caela,1990,F,11
1076822,Caleb,1990,F,11
1076823,Calissa,1990,F,11
1076824,Caress,1990,F,11
1076825,Carine,1990,F,11
1076826,Carmesha,1990,F,11
1076827,Carmon,1990,F,11
1076828,Carrol,1990,F,11
1076829,Cassity,1990,F,11
1076830,Catelynn,1990,F,11
1076831,Catrena,1990,F,11
1076832,Cearra,1990,F,11
1076833,Celica,1990,F,11
1076834,Cerina,1990,F,11
1076835,Chala,1990,F,11
1076836,Chalene,1990,F,11
1076837,Chalise,1990,F,11
1076838,Chalsey,1990,F,11
1076839,Chan,1990,F,11
1076840,Chandria,1990,F,11
1076841,Chanese,1990,F,11
1076842,Charlise,1990,F,11
1076843,Charlynn,1990,F,11
1076844,Charnetta,1990,F,11
1076845,Chealsey,1990,F,11
1076846,Chellsea,1990,F,11
1076847,Chene,1990,F,11
1076848,Cherith,1990,F,11
1076849,Cherylann,1990,F,11
1076850,Chimere,1990,F,11
1076851,Chrissie,1990,F,11
1076852,Christeen,1990,F,11
1076853,Christyne,1990,F,11
1076854,Ciearra,1990,F,11
1076855,Cierria,1990,F,11
1076856,Cira,1990,F,11
1076857,Clementina,1990,F,11
1076858,Clementine,1990,F,11
1076859,Coco,1990,F,11
1076860,Cole,1990,F,11
1076861,Courntey,1990,F,11
1076862,Cybil,1990,F,11
1076863,Cyndel,1990,F,11
1076864,Dafne,1990,F,11
1076865,Dalal,1990,F,11
1076866,Dametria,1990,F,11
1076867,Damiana,1990,F,11
1076868,Danel,1990,F,11
1076869,Dannica,1990,F,11
1076870,Danyele,1990,F,11
1076871,Daphanie,1990,F,11
1076872,Daralyn,1990,F,11
1076873,Darneshia,1990,F,11
1076874,Darra,1990,F,11
1076875,Darrian,1990,F,11
1076876,Dashauna,1990,F,11
1076877,Davi,1990,F,11
1076878,Davis,1990,F,11
1076879,De,1990,F,11
1076880,Deara,1990,F,11
1076881,Deatra,1990,F,11
1076882,Deaven,1990,F,11
1076883,Dejuana,1990,F,11
1076884,Demeshia,1990,F,11
1076885,Demitria,1990,F,11
1076886,Denay,1990,F,11
1076887,Denecia,1990,F,11
1076888,Deni,1990,F,11
1076889,Deniqua,1990,F,11
1076890,Deshanna,1990,F,11
1076891,Deshonda,1990,F,11
1076892,Destanee,1990,F,11
1076893,Detra,1990,F,11
1076894,Devann,1990,F,11
1076895,Devone,1990,F,11
1076896,Dewanna,1990,F,11
1076897,Deziray,1990,F,11
1076898,Diarra,1990,F,11
1076899,Dillon,1990,F,11
1076900,Divina,1990,F,11
1076901,Dominick,1990,F,11
1076902,Donald,1990,F,11
1076903,Donia,1990,F,11
1076904,Dyan,1990,F,11
1076905,Dynisha,1990,F,11
1076906,Ebonique,1990,F,11
1076907,Edit,1990,F,11
1076908,Elanor,1990,F,11
1076909,Eleanore,1990,F,11
1076910,Elesha,1990,F,11
1076911,Eliane,1990,F,11
1076912,Elianna,1990,F,11
1076913,Elijah,1990,F,11
1076914,Elishia,1990,F,11
1076915,Ellisa,1990,F,11
1076916,Elnora,1990,F,11
1076917,Elyce,1990,F,11
1076918,Emilyanne,1990,F,11
1076919,Emilyn,1990,F,11
1076920,Erik,1990,F,11
1076921,Esthela,1990,F,11
1076922,Eugena,1990,F,11
1076923,Eula,1990,F,11
1076924,Eun,1990,F,11
1076925,Eveline,1990,F,11
1076926,Faustina,1990,F,11
1076927,Felicitas,1990,F,11
1076928,Florencia,1990,F,11
1076929,Gabrial,1990,F,11
1076930,Gale,1990,F,11
1076931,Gisella,1990,F,11
1076932,Glenisha,1990,F,11
1076933,Glynis,1990,F,11
1076934,Gracy,1990,F,11
1076935,Grissel,1990,F,11
1076936,Haili,1990,F,11
1076937,Harleigh,1990,F,11
1076938,Harriett,1990,F,11
1076939,Hien,1990,F,11
1076940,Hiliary,1990,F,11
1076941,Hitomi,1990,F,11
1076942,Huma,1990,F,11
1076943,Ifeoma,1990,F,11
1076944,Irena,1990,F,11
1076945,Ismar,1990,F,11
1076946,Iyanna,1990,F,11
1076947,Izabela,1990,F,11
1076948,Jaclin,1990,F,11
1076949,Jacquise,1990,F,11
1076950,Jadie,1990,F,11
1076951,Jae,1990,F,11
1076952,Jahlisa,1990,F,11
1076953,Jaid,1990,F,11
1076954,Jakeline,1990,F,11
1076955,Jalissia,1990,F,11
1076956,Jalynn,1990,F,11
1076957,Jamea,1990,F,11
1076958,Jameeka,1990,F,11
1076959,Jamel,1990,F,11
1076960,Janeil,1990,F,11
1076961,Janeisha,1990,F,11
1076962,Janissa,1990,F,11
1076963,Jannel,1990,F,11
1076964,Jarissa,1990,F,11
1076965,Jasemine,1990,F,11
1076966,Jasleen,1990,F,11
1076967,Jatia,1990,F,11
1076968,Javona,1990,F,11
1076969,Jaylin,1990,F,11
1076970,Jaylynn,1990,F,11
1076971,Jazzlynn,1990,F,11
1076972,Jeane,1990,F,11
1076973,Jeanene,1990,F,11
1076974,Jelessa,1990,F,11
1076975,Jenafer,1990,F,11
1076976,Jenah,1990,F,11
1076977,Jenaya,1990,F,11
1076978,Jermeka,1990,F,11
1076979,Jessamine,1990,F,11
1076980,Jessicah,1990,F,11
1076981,Jetta,1990,F,11
1076982,Ji,1990,F,11
1076983,Jimi,1990,F,11
1076984,Jobeth,1990,F,11
1076985,Joe,1990,F,11
1076986,Joeanna,1990,F,11
1076987,Joelene,1990,F,11
1076988,Joetta,1990,F,11
1076989,Johnae,1990,F,11
1076990,Johnelle,1990,F,11
1076991,Joia,1990,F,11
1076992,Jomarie,1990,F,11
1076993,Jonika,1990,F,11
1076994,Jonquil,1990,F,11
1076995,Jordyne,1990,F,11
1076996,Jorja,1990,F,11
1076997,Joshlynn,1990,F,11
1076998,Josilyn,1990,F,11
1076999,Joye,1990,F,11
1077000,Jules,1990,F,11
1077001,Julietta,1990,F,11
1077002,Jyoti,1990,F,11
1077003,Kaesha,1990,F,11
1077004,Kaija,1990,F,11
1077005,Kailani,1990,F,11
1077006,Kailen,1990,F,11
1077007,Kajsa,1990,F,11
1077008,Kaliegh,1990,F,11
1077009,Kalynne,1990,F,11
1077010,Kambria,1990,F,11
1077011,Kamil,1990,F,11
1077012,Karalynn,1990,F,11
1077013,Karinne,1990,F,11
1077014,Karson,1990,F,11
1077015,Kashara,1990,F,11
1077016,Katilin,1990,F,11
1077017,Katilynn,1990,F,11
1077018,Katlynne,1990,F,11
1077019,Kaylei,1990,F,11
1077020,Kayliegh,1990,F,11
1077021,Kaylina,1990,F,11
1077022,Kaylor,1990,F,11
1077023,Keagan,1990,F,11
1077024,Kealy,1990,F,11
1077025,Kegan,1990,F,11
1077026,Keiko,1990,F,11
1077027,Kelita,1990,F,11
1077028,Kellan,1990,F,11
1077029,Kellyanne,1990,F,11
1077030,Kember,1990,F,11
1077031,Kemesha,1990,F,11
1077032,Kendy,1990,F,11
1077033,Kenetra,1990,F,11
1077034,Kennetha,1990,F,11
1077035,Kennethia,1990,F,11
1077036,Keoshia,1990,F,11
1077037,Keria,1990,F,11
1077038,Kerryn,1990,F,11
1077039,Kesia,1990,F,11
1077040,Ketsia,1990,F,11
1077041,Khayla,1990,F,11
1077042,Kiki,1990,F,11
1077043,Kimya,1990,F,11
1077044,Kiondra,1990,F,11
1077045,Kjersten,1990,F,11
1077046,Kortny,1990,F,11
1077047,Krystale,1990,F,11
1077048,Kurstie,1990,F,11
1077049,Kyisha,1990,F,11
1077050,Kysha,1990,F,11
1077051,Lacourtney,1990,F,11
1077052,Ladaisha,1990,F,11
1077053,Lady,1990,F,11
1077054,Lai,1990,F,11
1077055,Lakasha,1990,F,11
1077056,Lakeithia,1990,F,11
1077057,Lakendria,1990,F,11
1077058,Laketa,1990,F,11
1077059,Lameka,1990,F,11
1077060,Lanea,1990,F,11
1077061,Lanetta,1990,F,11
1077062,Lania,1990,F,11
1077063,Laqueshia,1990,F,11
1077064,Laqueta,1990,F,11
1077065,Laranda,1990,F,11
1077066,Lareina,1990,F,11
1077067,Laruen,1990,F,11
1077068,Lashonna,1990,F,11
1077069,Lataja,1990,F,11
1077070,Laterria,1990,F,11
1077071,Latiffa,1990,F,11
1077072,Latorria,1990,F,11
1077073,Laure,1990,F,11
1077074,Laurence,1990,F,11
1077075,Laurisa,1990,F,11
1077076,Lawrence,1990,F,11
1077077,Leea,1990,F,11
1077078,Lei,1990,F,11
1077079,Lenee,1990,F,11
1077080,Lenisha,1990,F,11
1077081,Lenita,1990,F,11
1077082,Lequita,1990,F,11
1077083,Liann,1990,F,11
1077084,Lilli,1990,F,11
1077085,Lindie,1990,F,11
1077086,Linna,1990,F,11
1077087,Linzey,1990,F,11
1077088,Lory,1990,F,11
1077089,Lucianna,1990,F,11
1077090,Ly,1990,F,11
1077091,Lysandra,1990,F,11
1077092,Maayan,1990,F,11
1077093,Mable,1990,F,11
1077094,Macall,1990,F,11
1077095,Makeba,1990,F,11
1077096,Marcel,1990,F,11
1077097,Marcey,1990,F,11
1077098,Maresha,1990,F,11
1077099,Margarette,1990,F,11
1077100,Marianela,1990,F,11
1077101,Marili,1990,F,11
1077102,Marily,1990,F,11
1077103,Markeita,1990,F,11
1077104,Marlisha,1990,F,11
1077105,Marlissa,1990,F,11
1077106,Marlynn,1990,F,11
1077107,Marque,1990,F,11
1077108,Marshall,1990,F,11
1077109,Martisha,1990,F,11
1077110,Maryfrances,1990,F,11
1077111,Marylu,1990,F,11
1077112,Mattison,1990,F,11
1077113,Maude,1990,F,11
1077114,Mazie,1990,F,11
1077115,Meara,1990,F,11
1077116,Meiling,1990,F,11
1077117,Mekayla,1990,F,11
1077118,Mekenzie,1990,F,11
1077119,Melana,1990,F,11
1077120,Melika,1990,F,11
1077121,Merecedes,1990,F,11
1077122,Merideth,1990,F,11
1077123,Merinda,1990,F,11
1077124,Meshawn,1990,F,11
1077125,Meshelle,1990,F,11
1077126,Meshia,1990,F,11
1077127,Micole,1990,F,11
1077128,Mieke,1990,F,11
1077129,Mieshia,1990,F,11
1077130,Mikell,1990,F,11
1077131,Minda,1990,F,11
1077132,Moneisha,1990,F,11
1077133,Mychael,1990,F,11
1077134,Mylinda,1990,F,11
1077135,Nadiyah,1990,F,11
1077136,Najia,1990,F,11
1077137,Nan,1990,F,11
1077138,Nannette,1990,F,11
1077139,Nansi,1990,F,11
1077140,Nashira,1990,F,11
1077141,Nastacia,1990,F,11
1077142,Natale,1990,F,11
1077143,Natallie,1990,F,11
1077144,Nathasha,1990,F,11
1077145,Nava,1990,F,11
1077146,Nefertari,1990,F,11
1077147,Neila,1990,F,11
1077148,Neiva,1990,F,11
1077149,Nekia,1990,F,11
1077150,Neshia,1990,F,11
1077151,Nicolasa,1990,F,11
1077152,Nieshia,1990,F,11
1077153,Noeli,1990,F,11
1077154,Nuria,1990,F,11
1077155,Nyah,1990,F,11
1077156,Nykia,1990,F,11
1077157,Oneida,1990,F,11
1077158,Otilia,1990,F,11
1077159,Pachia,1990,F,11
1077160,Panhia,1990,F,11
1077161,Pauletta,1990,F,11
1077162,Perlita,1990,F,11
1077163,Philippa,1990,F,11
1077164,Phylisha,1990,F,11
1077165,Quanda,1990,F,11
1077166,Quiara,1990,F,11
1077167,Quineisha,1990,F,11
1077168,Rachna,1990,F,11
1077169,Raisha,1990,F,11
1077170,Ramon,1990,F,11
1077171,Raneshia,1990,F,11
1077172,Rashana,1990,F,11
1077173,Rashawna,1990,F,11
1077174,Rashika,1990,F,11
1077175,Rayla,1990,F,11
1077176,Raylee,1990,F,11
1077177,Raysha,1990,F,11
1077178,Rea,1990,F,11
1077179,Reannon,1990,F,11
1077180,Rekha,1990,F,11
1077181,Retha,1990,F,11
1077182,Rheana,1990,F,11
1077183,Rheannon,1990,F,11
1077184,Rhianon,1990,F,11
1077185,Rockelle,1990,F,11
1077186,Roisin,1990,F,11
1077187,Roniesha,1990,F,11
1077188,Ronna,1990,F,11
1077189,Ronnette,1990,F,11
1077190,Roseline,1990,F,11
1077191,Rosette,1990,F,11
1077192,Roslynn,1990,F,11
1077193,Roxane,1990,F,11
1077194,Ruben,1990,F,11
1077195,Sabreen,1990,F,11
1077196,Sachi,1990,F,11
1077197,Sadee,1990,F,11
1077198,Safiyyah,1990,F,11
1077199,Sagan,1990,F,11
1077200,Samon,1990,F,11
1077201,Saranda,1990,F,11
1077202,Satara,1990,F,11
1077203,Satoria,1990,F,11
1077204,Saya,1990,F,11
1077205,Searra,1990,F,11
1077206,Secret,1990,F,11
1077207,Selah,1990,F,11
1077208,Selenia,1990,F,11
1077209,Sequoyah,1990,F,11
1077210,Seth,1990,F,11
1077211,Shabreka,1990,F,11
1077212,Shacoya,1990,F,11
1077213,Shadana,1990,F,11
1077214,Shai,1990,F,11
1077215,Shaindel,1990,F,11
1077216,Shakeera,1990,F,11
1077217,Shakendra,1990,F,11
1077218,Shakinah,1990,F,11
1077219,Shakisha,1990,F,11
1077220,Shalicia,1990,F,11
1077221,Shamera,1990,F,11
1077222,Shamicka,1990,F,11
1077223,Shamir,1990,F,11
1077224,Shanasia,1990,F,11
1077225,Shanetra,1990,F,11
1077226,Shanicka,1990,F,11
1077227,Shantea,1990,F,11
1077228,Shantele,1990,F,11
1077229,Shantera,1990,F,11
1077230,Shantise,1990,F,11
1077231,Shaquinta,1990,F,11
1077232,Shaquoya,1990,F,11
1077233,Sharai,1990,F,11
1077234,Sharane,1990,F,11
1077235,Sharifah,1990,F,11
1077236,Shatarra,1990,F,11
1077237,Shatima,1990,F,11
1077238,Shatina,1990,F,11
1077239,Shatyra,1990,F,11
1077240,Shauntavia,1990,F,11
1077241,Shavona,1990,F,11
1077242,Shawnetta,1990,F,11
1077243,Shawney,1990,F,11
1077244,Shefali,1990,F,11
1077245,Shelbe,1990,F,11
1077246,Shenice,1990,F,11
1077247,Sherene,1990,F,11
1077248,Sherida,1990,F,11
1077249,Sherin,1990,F,11
1077250,Sherley,1990,F,11
1077251,Sherra,1990,F,11
1077252,Sherrel,1990,F,11
1077253,Sherrika,1990,F,11
1077254,Sherrill,1990,F,11
1077255,Sherrita,1990,F,11
1077256,Shiana,1990,F,11
1077257,Shondrea,1990,F,11
1077258,Shoshanna,1990,F,11
1077259,Shruti,1990,F,11
1077260,Shunta,1990,F,11
1077261,Sianna,1990,F,11
1077262,Sierria,1990,F,11
1077263,Soila,1990,F,11
1077264,Somone,1990,F,11
1077265,Sonata,1990,F,11
1077266,Starasia,1990,F,11
1077267,Stefhanie,1990,F,11
1077268,Stevey,1990,F,11
1077269,Sumar,1990,F,11
1077270,Svetlana,1990,F,11
1077271,Sylena,1990,F,11
1077272,Ta,1990,F,11
1077273,Tabia,1990,F,11
1077274,Tahiri,1990,F,11
1077275,Takela,1990,F,11
1077276,Tallie,1990,F,11
1077277,Talon,1990,F,11
1077278,Tama,1990,F,11
1077279,Taneeka,1990,F,11
1077280,Tanielle,1990,F,11
1077281,Tarisha,1990,F,11
1077282,Tarissa,1990,F,11
1077283,Tayna,1990,F,11
1077284,Tekia,1990,F,11
1077285,Telissa,1990,F,11
1077286,Tenae,1990,F,11
1077287,Tenea,1990,F,11
1077288,Teneka,1990,F,11
1077289,Terricka,1990,F,11
1077290,Terrilyn,1990,F,11
1077291,Teyanna,1990,F,11
1077292,Thais,1990,F,11
1077293,Tiaria,1990,F,11
1077294,Tiearra,1990,F,11
1077295,Tierre,1990,F,11
1077296,Tiffane,1990,F,11
1077297,Timia,1990,F,11
1077298,Tonique,1990,F,11
1077299,Tovah,1990,F,11
1077300,Tracia,1990,F,11
1077301,Tranesha,1990,F,11
1077302,Trenae,1990,F,11
1077303,Trenda,1990,F,11
1077304,Trenee,1990,F,11
1077305,Trenisha,1990,F,11
1077306,Tresha,1990,F,11
1077307,Troi,1990,F,11
1077308,Tuyen,1990,F,11
1077309,Tylee,1990,F,11
1077310,Tylisa,1990,F,11
1077311,Tyshay,1990,F,11
1077312,Tyshia,1990,F,11
1077313,Vanetta,1990,F,11
1077314,Victorya,1990,F,11
1077315,Vivianne,1990,F,11
1077316,Yana,1990,F,11
1077317,Yaquelin,1990,F,11
1077318,Yasaman,1990,F,11
1077319,Yasemin,1990,F,11
1077320,Yasmen,1990,F,11
1077321,Yoselin,1990,F,11
1077322,Yuriko,1990,F,11
1077323,Zahara,1990,F,11
1077324,Zanetta,1990,F,11
1077325,Zelene,1990,F,11
1077326,Zita,1990,F,11
1077327,Zonia,1990,F,11
1077328,Zully,1990,F,11
1077329,Aarin,1990,F,10
1077330,Abbigayle,1990,F,10
1077331,Abegail,1990,F,10
1077332,Abena,1990,F,10
1077333,Addy,1990,F,10
1077334,Adriel,1990,F,10
1077335,Akeia,1990,F,10
1077336,Akua,1990,F,10
1077337,Alainna,1990,F,10
1077338,Alandra,1990,F,10
1077339,Alda,1990,F,10
1077340,Aleana,1990,F,10
1077341,Aleatha,1990,F,10
1077342,Alexarae,1990,F,10
1077343,Alexaundria,1990,F,10
1077344,Aleya,1990,F,10
1077345,Alisse,1990,F,10
1077346,Alisyn,1990,F,10
1077347,Allix,1990,F,10
1077348,Amairany,1990,F,10
1077349,Amanada,1990,F,10
1077350,Amand,1990,F,10
1077351,Amandalee,1990,F,10
1077352,Amar,1990,F,10
1077353,Amberle,1990,F,10
1077354,Ambert,1990,F,10
1077355,Amrit,1990,F,10
1077356,Anabella,1990,F,10
1077357,Anadelia,1990,F,10
1077358,Andree,1990,F,10
1077359,Andriea,1990,F,10
1077360,Aneta,1990,F,10
1077361,Annais,1990,F,10
1077362,Annalyn,1990,F,10
1077363,Anneka,1990,F,10
1077364,Annica,1990,F,10
1077365,Anntoinette,1990,F,10
1077366,Antanette,1990,F,10
1077367,Antonietta,1990,F,10
1077368,Any,1990,F,10
1077369,Areana,1990,F,10
1077370,Ariann,1990,F,10
1077371,Arienne,1990,F,10
1077372,Arnesha,1990,F,10
1077373,Aron,1990,F,10
1077374,Artesia,1990,F,10
1077375,Arti,1990,F,10
1077376,Arwen,1990,F,10
1077377,Asja,1990,F,10
1077378,Athanasia,1990,F,10
1077379,Audryanna,1990,F,10
1077380,Averie,1990,F,10
1077381,Avigail,1990,F,10
1077382,Avonna,1990,F,10
1077383,Aynsley,1990,F,10
1077384,Aysa,1990,F,10
1077385,Ayshia,1990,F,10
1077386,Ayssa,1990,F,10
1077387,Bee,1990,F,10
1077388,Bernisha,1990,F,10
1077389,Bethel,1990,F,10
1077390,Betsabe,1990,F,10
1077391,Bhumi,1990,F,10
1077392,Biancia,1990,F,10
1077393,Blia,1990,F,10
1077394,Blossom,1990,F,10
1077395,Brandalynn,1990,F,10
1077396,Breanca,1990,F,10
1077397,Breannah,1990,F,10
1077398,Brendalee,1990,F,10
1077399,Brenee,1990,F,10
1077400,Brent,1990,F,10
1077401,Breya,1990,F,10
1077402,Briaunna,1990,F,10
1077403,Brionca,1990,F,10
1077404,Britlyn,1990,F,10
1077405,Brittanyann,1990,F,10
1077406,Brittanye,1990,F,10
1077407,Brittinie,1990,F,10
1077408,Brittley,1990,F,10
1077409,Briyanna,1990,F,10
1077410,Brucha,1990,F,10
1077411,Cabrina,1990,F,10
1077412,Caitlain,1990,F,10
1077413,Caitrin,1990,F,10
1077414,Calina,1990,F,10
1077415,Calle,1990,F,10
1077416,Callen,1990,F,10
1077417,Calliope,1990,F,10
1077418,Caraline,1990,F,10
1077419,Carlea,1990,F,10
1077420,Carlynn,1990,F,10
1077421,Carmelina,1990,F,10
1077422,Carolynne,1990,F,10
1077423,Carry,1990,F,10
1077424,Catherin,1990,F,10
1077425,Catilin,1990,F,10
1077426,Caycee,1990,F,10
1077427,Caytlyn,1990,F,10
1077428,Cerra,1990,F,10
1077429,Chaela,1990,F,10
1077430,Chakira,1990,F,10
1077431,Chancie,1990,F,10
1077432,Chandel,1990,F,10
1077433,Chandi,1990,F,10
1077434,Chantavia,1990,F,10
1077435,Charish,1990,F,10
1077436,Charleigh,1990,F,10
1077437,Charna,1990,F,10
1077438,Chatara,1990,F,10
1077439,Chaundra,1990,F,10
1077440,Chayna,1990,F,10
1077441,Chaz,1990,F,10
1077442,Cherese,1990,F,10
1077443,Cherina,1990,F,10
1077444,Cherisa,1990,F,10
1077445,Chevonne,1990,F,10
1077446,Chia,1990,F,10
1077447,Chinwe,1990,F,10
1077448,Chong,1990,F,10
1077449,Chrisha,1990,F,10
1077450,Christana,1990,F,10
1077451,Christeena,1990,F,10
1077452,Christmas,1990,F,10
1077453,Chrystle,1990,F,10
1077454,Cimone,1990,F,10
1077455,Claira,1990,F,10
1077456,Clarrissa,1990,F,10
1077457,Claudio,1990,F,10
1077458,Collin,1990,F,10
1077459,Corley,1990,F,10
1077460,Corrisa,1990,F,10
1077461,Cristabel,1990,F,10
1077462,Crytal,1990,F,10
1077463,Dalesha,1990,F,10
1077464,Dalicia,1990,F,10
1077465,Damali,1990,F,10
1077466,Danasia,1990,F,10
1077467,Dante,1990,F,10
1077468,Daphane,1990,F,10
1077469,Daphnee,1990,F,10
1077470,Darbi,1990,F,10
1077471,Daresha,1990,F,10
1077472,Darius,1990,F,10
1077473,Darlena,1990,F,10
1077474,Darlin,1990,F,10
1077475,Darnell,1990,F,10
1077476,Darnella,1990,F,10
1077477,Daron,1990,F,10
1077478,Dashonda,1990,F,10
1077479,Davetta,1990,F,10
1077480,Daylene,1990,F,10
1077481,Deeana,1990,F,10
1077482,Deerica,1990,F,10
1077483,Delaine,1990,F,10
1077484,Delina,1990,F,10
1077485,Deneka,1990,F,10
1077486,Denicia,1990,F,10
1077487,Denisia,1990,F,10
1077488,Deshondra,1990,F,10
1077489,Despina,1990,F,10
1077490,Dessiree,1990,F,10
1077491,Dewanda,1990,F,10
1077492,Diandrea,1990,F,10
1077493,Diem,1990,F,10
1077494,Dierdre,1990,F,10
1077495,Dimple,1990,F,10
1077496,Domique,1990,F,10
1077497,Doniesha,1990,F,10
1077498,Donnita,1990,F,10
1077499,Donyelle,1990,F,10
1077500,Dorianne,1990,F,10
1077501,Dung,1990,F,10
1077502,Earlene,1990,F,10
1077503,Edina,1990,F,10
1077504,Elsbeth,1990,F,10
1077505,Ely,1990,F,10
1077506,Elycia,1990,F,10
1077507,Emberly,1990,F,10
1077508,Emelyn,1990,F,10
1077509,Emile,1990,F,10
1077510,Emillie,1990,F,10
1077511,Emmalyn,1990,F,10
1077512,Emmi,1990,F,10
1077513,English,1990,F,10
1077514,Ericha,1990,F,10
1077515,Esli,1990,F,10
1077516,Eunique,1990,F,10
1077517,Evann,1990,F,10
1077518,Evanna,1990,F,10
1077519,Faatimah,1990,F,10
1077520,Faige,1990,F,10
1077521,Fallyn,1990,F,10
1077522,Faustine,1990,F,10
1077523,Fayth,1990,F,10
1077524,Francia,1990,F,10
1077525,Galina,1990,F,10
1077526,Garland,1990,F,10
1077527,Gene,1990,F,10
1077528,Georgetta,1990,F,10
1077529,Georgie,1990,F,10
1077530,Geovanna,1990,F,10
1077531,Gerica,1990,F,10
1077532,Giavonna,1990,F,10
1077533,Gioia,1990,F,10
1077534,Gwendolynn,1990,F,10
1077535,Gypsy,1990,F,10
1077536,Hadas,1990,F,10
1077537,Haileigh,1990,F,10
1077538,Hannan,1990,F,10
1077539,Hester,1990,F,10
1077540,Hilari,1990,F,10
1077541,Hlee,1990,F,10
1077542,Hoa,1990,F,10
1077543,Hollye,1990,F,10
1077544,Hollyn,1990,F,10
1077545,Ianna,1990,F,10
1077546,Ileen,1990,F,10
1077547,Ilianna,1990,F,10
1077548,Indra,1990,F,10
1077549,Ione,1990,F,10
1077550,Iraida,1990,F,10
1077551,Isaac,1990,F,10
1077552,Isabeau,1990,F,10
1077553,Isobel,1990,F,10
1077554,Iveth,1990,F,10
1077555,Iysha,1990,F,10
1077556,Izela,1990,F,10
1077557,Jaclene,1990,F,10
1077558,Jaclynne,1990,F,10
1077559,Jacquese,1990,F,10
1077560,Jacquie,1990,F,10
1077561,Jaelyn,1990,F,10
1077562,Jailyn,1990,F,10
1077563,Jake,1990,F,10
1077564,Jakita,1990,F,10
1077565,Jalina,1990,F,10
1077566,Jamicia,1990,F,10
1077567,Jamilee,1990,F,10
1077568,Janele,1990,F,10
1077569,Janeshia,1990,F,10
1077570,Janeva,1990,F,10
1077571,Janne,1990,F,10
1077572,Jannice,1990,F,10
1077573,Jaquay,1990,F,10
1077574,Jaquila,1990,F,10
1077575,Jaquilla,1990,F,10
1077576,Jaren,1990,F,10
1077577,Jasmane,1990,F,10
1077578,Jasmie,1990,F,10
1077579,Jasminne,1990,F,10
1077580,Jatara,1990,F,10
1077581,Jawana,1990,F,10
1077582,Jazmynn,1990,F,10
1077583,Jeanny,1990,F,10
1077584,Jecenia,1990,F,10
1077585,Jeffifer,1990,F,10
1077586,Jennine,1990,F,10
1077587,Jerelyn,1990,F,10
1077588,Jermesha,1990,F,10
1077589,Jessamy,1990,F,10
1077590,Jessicamarie,1990,F,10
1077591,Jessye,1990,F,10
1077592,Jesusita,1990,F,10
1077593,Jesyka,1990,F,10
1077594,Jihan,1990,F,10
1077595,Jin,1990,F,10
1077596,Johnita,1990,F,10
1077597,Johnnetta,1990,F,10
1077598,Jolisha,1990,F,10
1077599,Jon,1990,F,10
1077600,Jonee,1990,F,10
1077601,Joneisha,1990,F,10
1077602,Jonique,1990,F,10
1077603,Julene,1990,F,10
1077604,Jullisa,1990,F,10
1077605,July,1990,F,10
1077606,Junita,1990,F,10
1077607,Kaetlyn,1990,F,10
1077608,Kahli,1990,F,10
1077609,Kaitland,1990,F,10
1077610,Kaitlyne,1990,F,10
1077611,Kalene,1990,F,10
1077612,Kama,1990,F,10
1077613,Kamari,1990,F,10
1077614,Kameesha,1990,F,10
1077615,Kameryn,1990,F,10
1077616,Kandie,1990,F,10
1077617,Kapri,1990,F,10
1077618,Karem,1990,F,10
1077619,Karilynn,1990,F,10
1077620,Karsen,1990,F,10
1077621,Kashana,1990,F,10
1077622,Kashawna,1990,F,10
1077623,Kashmere,1990,F,10
1077624,Kathlynn,1990,F,10
1077625,Katryn,1990,F,10
1077626,Katti,1990,F,10
1077627,Kaydi,1990,F,10
1077628,Kaylinn,1990,F,10
1077629,Kaylla,1990,F,10
1077630,Kaylynne,1990,F,10
1077631,Keashia,1990,F,10
1077632,Keelia,1990,F,10
1077633,Kehaulani,1990,F,10
1077634,Kellina,1990,F,10
1077635,Kelsye,1990,F,10
1077636,Kemisha,1990,F,10
1077637,Kenecia,1990,F,10
1077638,Keniesha,1990,F,10
1077639,Ketura,1990,F,10
1077640,Keyandra,1990,F,10
1077641,Keyonda,1990,F,10
1077642,Keyra,1990,F,10
1077643,Khala,1990,F,10
1077644,Khara,1990,F,10
1077645,Kiaria,1990,F,10
1077646,Kidada,1990,F,10
1077647,Kiersti,1990,F,10
1077648,Killian,1990,F,10
1077649,Kimberlin,1990,F,10
1077650,Kirstina,1990,F,10
1077651,Kiyanna,1990,F,10
1077652,Klynn,1990,F,10
1077653,Kolbi,1990,F,10
1077654,Korrina,1990,F,10
1077655,Korynn,1990,F,10
1077656,Krislynn,1990,F,10
1077657,Kristalynn,1990,F,10
1077658,Kristiann,1990,F,10
1077659,Kristinamarie,1990,F,10
1077660,Kristinia,1990,F,10
1077661,Kuuipo,1990,F,10
1077662,Kyandra,1990,F,10
1077663,Kyeshia,1990,F,10
1077664,Kyrene,1990,F,10
1077665,Labrea,1990,F,10
1077666,Lachanda,1990,F,10
1077667,Lacrystal,1990,F,10
1077668,Lacye,1990,F,10
1077669,Lakedra,1990,F,10
1077670,Laketha,1990,F,10
1077671,Lamar,1990,F,10
1077672,Lanecia,1990,F,10
1077673,Lanessa,1990,F,10
1077674,Laprecious,1990,F,10
1077675,Laquan,1990,F,10
1077676,Laronica,1990,F,10
1077677,Lashai,1990,F,10
1077678,Lashannon,1990,F,10
1077679,Lashaun,1990,F,10
1077680,Lasondra,1990,F,10
1077681,Lataisha,1990,F,10
1077682,Latoia,1990,F,10
1077683,Latorya,1990,F,10
1077684,Latria,1990,F,10
1077685,Launa,1990,F,10
1077686,Laurenashley,1990,F,10
1077687,Lauretta,1990,F,10
1077688,Lawana,1990,F,10
1077689,Lean,1990,F,10
1077690,Leatha,1990,F,10
1077691,Lenay,1990,F,10
1077692,Leshonda,1990,F,10
1077693,Lesia,1990,F,10
1077694,Letasha,1990,F,10
1077695,Liba,1990,F,10
1077696,Ling,1990,F,10
1077697,Linzee,1990,F,10
1077698,Lise,1990,F,10
1077699,Litisha,1990,F,10
1077700,Lona,1990,F,10
1077701,Lonna,1990,F,10
1077702,Lorelle,1990,F,10
1077703,Lorenna,1990,F,10
1077704,Love,1990,F,10
1077705,Luanna,1990,F,10
1077706,Luiza,1990,F,10
1077707,Lula,1990,F,10
1077708,Mackenna,1990,F,10
1077709,Mackinzie,1990,F,10
1077710,Macrina,1990,F,10
1077711,Madalene,1990,F,10
1077712,Magdalen,1990,F,10
1077713,Magdaline,1990,F,10
1077714,Maggy,1990,F,10
1077715,Mahealani,1990,F,10
1077716,Mahina,1990,F,10
1077717,Maida,1990,F,10
1077718,Majesta,1990,F,10
1077719,Makeshia,1990,F,10
1077720,Mandolin,1990,F,10
1077721,Mao,1990,F,10
1077722,Maralee,1990,F,10
1077723,Mardi,1990,F,10
1077724,Maricsa,1990,F,10
1077725,Mariely,1990,F,10
1077726,Mariette,1990,F,10
1077727,Markeia,1990,F,10
1077728,Markitta,1990,F,10
1077729,Marquesa,1990,F,10
1077730,Marsela,1990,F,10
1077731,Martica,1990,F,10
1077732,Maryum,1990,F,10
1077733,Mathew,1990,F,10
1077734,Maylene,1990,F,10
1077735,Meaghen,1990,F,10
1077736,Mechele,1990,F,10
1077737,Meghen,1990,F,10
1077738,Megon,1990,F,10
1077739,Melysa,1990,F,10
1077740,Mendy,1990,F,10
1077741,Merlin,1990,F,10
1077742,Merrie,1990,F,10
1077743,Micala,1990,F,10
1077744,Michaelene,1990,F,10
1077745,Mignon,1990,F,10
1077746,Miko,1990,F,10
1077747,Milinda,1990,F,10
1077748,Milly,1990,F,10
1077749,Mishell,1990,F,10
1077750,Mitra,1990,F,10
1077751,Modesty,1990,F,10
1077752,Moet,1990,F,10
1077753,Monic,1990,F,10
1077754,Montia,1990,F,10
1077755,Morgane,1990,F,10
1077756,Myca,1990,F,10
1077757,Mylinh,1990,F,10
1077758,Mylisa,1990,F,10
1077759,Mystee,1990,F,10
1077760,Naeemah,1990,F,10
1077761,Nafeesah,1990,F,10
1077762,Naomy,1990,F,10
1077763,Naporsha,1990,F,10
1077764,Naseem,1990,F,10
1077765,Natalye,1990,F,10
1077766,Nate,1990,F,10
1077767,Natsumi,1990,F,10
1077768,Nekeisha,1990,F,10
1077769,Nekisha,1990,F,10
1077770,Nelia,1990,F,10
1077771,Nickey,1990,F,10
1077772,Nikeisha,1990,F,10
1077773,Nikesha,1990,F,10
1077774,Nikiya,1990,F,10
1077775,Niomi,1990,F,10
1077776,Nirali,1990,F,10
1077777,Nishi,1990,F,10
1077778,Noura,1990,F,10
1077779,Oceanna,1990,F,10
1077780,Odalys,1990,F,10
1077781,Ola,1990,F,10
1077782,Ora,1990,F,10
1077783,Osmara,1990,F,10
1077784,Pallavi,1990,F,10
1077785,Pam,1990,F,10
1077786,Pasha,1990,F,10
1077787,Philip,1990,F,10
1077788,Preslie,1990,F,10
1077789,Quanika,1990,F,10
1077790,Quantisha,1990,F,10
1077791,Querida,1990,F,10
1077792,Quiera,1990,F,10
1077793,Quinnetta,1990,F,10
1077794,Quintana,1990,F,10
1077795,Racquell,1990,F,10
1077796,Rafael,1990,F,10
1077797,Ramie,1990,F,10
1077798,Ramya,1990,F,10
1077799,Randilyn,1990,F,10
1077800,Ranika,1990,F,10
1077801,Ranita,1990,F,10
1077802,Rashea,1990,F,10
1077803,Renelle,1990,F,10
1077804,Reonna,1990,F,10
1077805,Rhianne,1990,F,10
1077806,Rikka,1990,F,10
1077807,Rilee,1990,F,10
1077808,River,1990,F,10
1077809,Rochele,1990,F,10
1077810,Roneka,1990,F,10
1077811,Ronnika,1990,F,10
1077812,Rosaleen,1990,F,10
1077813,Rosangela,1990,F,10
1077814,Roselia,1990,F,10
1077815,Roshaunda,1990,F,10
1077816,Rosslyn,1990,F,10
1077817,Royal,1990,F,10
1077818,Rozalyn,1990,F,10
1077819,Rozlyn,1990,F,10
1077820,Sacoya,1990,F,10
1077821,Sahira,1990,F,10
1077822,Salem,1990,F,10
1077823,Saloma,1990,F,10
1077824,Salvador,1990,F,10
1077825,Sammatha,1990,F,10
1077826,Sandrea,1990,F,10
1077827,Sanna,1990,F,10
1077828,Sarahbeth,1990,F,10
1077829,Sarahelizabeth,1990,F,10
1077830,Sarahjane,1990,F,10
1077831,Savina,1990,F,10
1077832,Seira,1990,F,10
1077833,Shalese,1990,F,10
1077834,Shalissa,1990,F,10
1077835,Shambria,1990,F,10
1077836,Shamieka,1990,F,10
1077837,Shamonique,1990,F,10
1077838,Shandelle,1990,F,10
1077839,Shaneese,1990,F,10
1077840,Shannae,1990,F,10
1077841,Shantale,1990,F,10
1077842,Shantana,1990,F,10
1077843,Shanyce,1990,F,10
1077844,Shaquayla,1990,F,10
1077845,Sharen,1990,F,10
1077846,Sharetta,1990,F,10
1077847,Sharnise,1990,F,10
1077848,Sharone,1990,F,10
1077849,Shatonia,1990,F,10
1077850,Shatonya,1990,F,10
1077851,Shatora,1990,F,10
1077852,Shauntal,1990,F,10
1077853,Shavaughn,1990,F,10
1077854,Shavette,1990,F,10
1077855,Shawnique,1990,F,10
1077856,Shaylie,1990,F,10
1077857,Shekira,1990,F,10
1077858,Shelagh,1990,F,10
1077859,Shelena,1990,F,10
1077860,Shelonda,1990,F,10
1077861,Shequila,1990,F,10
1077862,Sherissa,1990,F,10
1077863,Sherricka,1990,F,10
1077864,Shikira,1990,F,10
1077865,Shiri,1990,F,10
1077866,Siana,1990,F,10
1077867,Siearra,1990,F,10
1077868,Simmone,1990,F,10
1077869,Stepheny,1990,F,10
1077870,Stesha,1990,F,10
1077871,Su,1990,F,10
1077872,Sujey,1990,F,10
1077873,Symantha,1990,F,10
1077874,Taeler,1990,F,10
1077875,Taffany,1990,F,10
1077876,Tahja,1990,F,10
1077877,Tajma,1990,F,10
1077878,Takiesha,1990,F,10
1077879,Takita,1990,F,10
1077880,Taleesa,1990,F,10
1077881,Tamaria,1990,F,10
1077882,Tamatha,1990,F,10
1077883,Tamecia,1990,F,10
1077884,Tamicka,1990,F,10
1077885,Tandy,1990,F,10
1077886,Tashaya,1990,F,10
1077887,Tatanisha,1990,F,10
1077888,Tearia,1990,F,10
1077889,Tekisha,1990,F,10
1077890,Telena,1990,F,10
1077891,Telsa,1990,F,10
1077892,Teniqua,1990,F,10
1077893,Terisha,1990,F,10
1077894,Tessia,1990,F,10
1077895,Theressa,1990,F,10
1077896,Tiarah,1990,F,10
1077897,Tika,1990,F,10
1077898,Tikia,1990,F,10
1077899,Tobie,1990,F,10
1077900,Tomasina,1990,F,10
1077901,Tomeshia,1990,F,10
1077902,Tomisha,1990,F,10
1077903,Tonianne,1990,F,10
1077904,Tonica,1990,F,10
1077905,Tonni,1990,F,10
1077906,Treana,1990,F,10
1077907,Treanna,1990,F,10
1077908,Tremaine,1990,F,10
1077909,Treniece,1990,F,10
1077910,Troy,1990,F,10
1077911,Twanisha,1990,F,10
1077912,Ty,1990,F,10
1077913,Tyese,1990,F,10
1077914,Tykeshia,1990,F,10
1077915,Tylar,1990,F,10
1077916,Tymber,1990,F,10
1077917,Tyniesha,1990,F,10
1077918,Tyronica,1990,F,10
1077919,Vaishali,1990,F,10
1077920,Vallerie,1990,F,10
1077921,Vanecia,1990,F,10
1077922,Venicia,1990,F,10
1077923,Viana,1990,F,10
1077924,Vina,1990,F,10
1077925,Vivi,1990,F,10
1077926,Wallis,1990,F,10
1077927,Willette,1990,F,10
1077928,Wren,1990,F,10
1077929,Wynona,1990,F,10
1077930,Xee,1990,F,10
1077931,Yanessa,1990,F,10
1077932,Yanett,1990,F,10
1077933,Yanette,1990,F,10
1077934,Yanin,1990,F,10
1077935,Yen,1990,F,10
1077936,Yeni,1990,F,10
1077937,Yenny,1990,F,10
1077938,Yui,1990,F,10
1077939,Yulissa,1990,F,10
1077940,Zahava,1990,F,10
1077941,Zaire,1990,F,10
1077942,Zana,1990,F,10
1077943,Zania,1990,F,10
1077944,Zari,1990,F,10
1077945,Zarina,1990,F,10
1077946,Zenovia,1990,F,10
1077947,Zinnia,1990,F,10
1077948,Zofia,1990,F,10
1077949,Aarti,1990,F,9
1077950,Abbagail,1990,F,9
1077951,Abilene,1990,F,9
1077952,Abria,1990,F,9
1077953,Adrena,1990,F,9
1077954,Afiya,1990,F,9
1077955,Ahuva,1990,F,9
1077956,Ailene,1990,F,9
1077957,Aine,1990,F,9
1077958,Akila,1990,F,9
1077959,Alaynah,1990,F,9
1077960,Alden,1990,F,9
1077961,Alexina,1990,F,9
1077962,Alfredo,1990,F,9
1077963,Allaina,1990,F,9
1077964,Allannah,1990,F,9
1077965,Allesandra,1990,F,9
1077966,Allisen,1990,F,9
1077967,Allisyn,1990,F,9
1077968,Allysen,1990,F,9
1077969,Alyissa,1990,F,9
1077970,Alyvia,1990,F,9
1077971,Amarylis,1990,F,9
1077972,Amberlea,1990,F,9
1077973,Ambreen,1990,F,9
1077974,Ambyr,1990,F,9
1077975,Amesha,1990,F,9
1077976,Amika,1990,F,9
1077977,Amorette,1990,F,9
1077978,Amylee,1990,F,9
1077979,Anahy,1990,F,9
1077980,Andrena,1990,F,9
1077981,Angellia,1990,F,9
1077982,Angely,1990,F,9
1077983,Anglea,1990,F,9
1077984,Anissia,1990,F,9
1077985,Anjelika,1990,F,9
1077986,Annalisha,1990,F,9
1077987,Annamae,1990,F,9
1077988,Annice,1990,F,9
1077989,Antoniette,1990,F,9
1077990,Anushka,1990,F,9
1077991,Aoife,1990,F,9
1077992,Aphrodite,1990,F,9
1077993,Apiffany,1990,F,9
1077994,Aprile,1990,F,9
1077995,Aqueelah,1990,F,9
1077996,Arlenne,1990,F,9
1077997,Arlet,1990,F,9
1077998,Arlina,1990,F,9
1077999,Arline,1990,F,9
1078000,Arriana,1990,F,9
1078001,Aryan,1990,F,9
1078002,Aryka,1990,F,9
1078003,Asante,1990,F,9
1078004,Ashana,1990,F,9
1078005,Ashika,1990,F,9
1078006,Asucena,1990,F,9
1078007,Atavia,1990,F,9
1078008,Aubre,1990,F,9
1078009,Ayat,1990,F,9
1078010,Azusa,1990,F,9
1078011,Baili,1990,F,9
1078012,Bayan,1990,F,9
1078013,Baylea,1990,F,9
1078014,Belynda,1990,F,9
1078015,Bentley,1990,F,9
1078016,Berkley,1990,F,9
1078017,Berlyn,1990,F,9
1078018,Bianica,1990,F,9
1078019,Bilma,1990,F,9
1078020,Biviana,1990,F,9
1078021,Breanda,1990,F,9
1078022,Brendan,1990,F,9
1078023,Breonia,1990,F,9
1078024,Brinley,1990,F,9
1078025,Brisha,1990,F,9
1078026,Brittannie,1990,F,9
1078027,Brittnae,1990,F,9
1078028,Brittnea,1990,F,9
1078029,Bronwen,1990,F,9
1078030,Brookelynn,1990,F,9
1078031,Brooks,1990,F,9
1078032,Bryona,1990,F,9
1078033,Buffy,1990,F,9
1078034,Caelyn,1990,F,9
1078035,Caitland,1990,F,9
1078036,Calisha,1990,F,9
1078037,Calynn,1990,F,9
1078038,Camber,1990,F,9
1078039,Carlen,1990,F,9
1078040,Carlette,1990,F,9
1078041,Carmalita,1990,F,9
1078042,Carnisha,1990,F,9
1078043,Carolee,1990,F,9
1078044,Cartier,1990,F,9
1078045,Casara,1990,F,9
1078046,Casarah,1990,F,9
1078047,Casha,1990,F,9
1078048,Cassiopeia,1990,F,9
1078049,Caty,1990,F,9
1078050,Cayli,1990,F,9
1078051,Cecili,1990,F,9
1078052,Cendy,1990,F,9
1078053,Chalisa,1990,F,9
1078054,Chalsea,1990,F,9
1078055,Champale,1990,F,9
1078056,Chane,1990,F,9
1078057,Chantia,1990,F,9
1078058,Charne,1990,F,9
1078059,Charnee,1990,F,9
1078060,Charnice,1990,F,9
1078061,Chassie,1990,F,9
1078062,Chastidy,1990,F,9
1078063,Chelle,1990,F,9
1078064,Cheniece,1990,F,9
1078065,Cheria,1990,F,9
1078066,Cherly,1990,F,9
1078067,Cherlyn,1990,F,9
1078068,Chessie,1990,F,9
1078069,Chinasa,1990,F,9
1078070,Chrishawn,1990,F,9
1078071,Chrisma,1990,F,9
1078072,Christon,1990,F,9
1078073,Chrystie,1990,F,9
1078074,Chrystine,1990,F,9
1078075,Ciji,1990,F,9
1078076,Claressa,1990,F,9
1078077,Clarinda,1990,F,9
1078078,Clarrisa,1990,F,9
1078079,Colbie,1990,F,9
1078080,Collen,1990,F,9
1078081,Coralee,1990,F,9
1078082,Cornisha,1990,F,9
1078083,Corry,1990,F,9
1078084,Corvette,1990,F,9
1078085,Corynne,1990,F,9
1078086,Courtne,1990,F,9
1078087,Crystallee,1990,F,9
1078088,Cydnie,1990,F,9
1078089,Cyra,1990,F,9
1078090,Cystal,1990,F,9
1078091,Da,1990,F,9
1078092,Daira,1990,F,9
1078093,Dajah,1990,F,9
1078094,Dajia,1990,F,9
1078095,Dalyn,1990,F,9
1078096,Damisha,1990,F,9
1078097,Daneesha,1990,F,9
1078098,Danequa,1990,F,9
1078099,Dangela,1990,F,9
1078100,Daniesha,1990,F,9
1078101,Dann,1990,F,9
1078102,Dannelle,1990,F,9
1078103,Dannie,1990,F,9
1078104,Danyle,1990,F,9
1078105,Darcia,1990,F,9
1078106,Darrell,1990,F,9
1078107,Dashanique,1990,F,9
1078108,Daven,1990,F,9
1078109,Davette,1990,F,9
1078110,Davie,1990,F,9
1078111,Dawana,1990,F,9
1078112,Dawnmarie,1990,F,9
1078113,Deaira,1990,F,9
1078114,Delissa,1990,F,9
1078115,Demetris,1990,F,9
1078116,Demia,1990,F,9
1078117,Denea,1990,F,9
1078118,Denetria,1990,F,9
1078119,Derrisha,1990,F,9
1078120,Deshundra,1990,F,9
1078121,Desta,1990,F,9
1078122,Destony,1990,F,9
1078123,Deva,1990,F,9
1078124,Devaney,1990,F,9
1078125,Devani,1990,F,9
1078126,Devita,1990,F,9
1078127,Diara,1990,F,9
1078128,Dima,1990,F,9
1078129,Dior,1990,F,9
1078130,Doniqua,1990,F,9
1078131,Donnette,1990,F,9
1078132,Donnie,1990,F,9
1078133,Dorene,1990,F,9
1078134,Dove,1990,F,9
1078135,Dwana,1990,F,9
1078136,Easter,1990,F,9
1078137,Ebelin,1990,F,9
1078138,Edelmira,1990,F,9
1078139,Eleonora,1990,F,9
1078140,Elexa,1990,F,9
1078141,Elissia,1990,F,9
1078142,Elizbeth,1990,F,9
1078143,Ellena,1990,F,9
1078144,Emani,1990,F,9
1078145,Emiko,1990,F,9
1078146,Ereka,1990,F,9
1078147,Eren,1990,F,9
1078148,Eris,1990,F,9
1078149,Erminia,1990,F,9
1078150,Ernesto,1990,F,9
1078151,Estera,1990,F,9
1078152,Estrellita,1990,F,9
1078153,Evaline,1990,F,9
1078154,Ewa,1990,F,9
1078155,Faithe,1990,F,9
1078156,Falyn,1990,F,9
1078157,Farryn,1990,F,9
1078158,Faryn,1990,F,9
1078159,Fatma,1990,F,9
1078160,Feather,1990,F,9
1078161,Febe,1990,F,9
1078162,Fern,1990,F,9
1078163,Fidelia,1990,F,9
1078164,Flormaria,1990,F,9
1078165,Franklin,1990,F,9
1078166,Freida,1990,F,9
1078167,Freya,1990,F,9
1078168,Gabrille,1990,F,9
1078169,Genevie,1990,F,9
1078170,Georgeanne,1990,F,9
1078171,Geralyn,1990,F,9
1078172,Gerrica,1990,F,9
1078173,Gertrude,1990,F,9
1078174,Gionna,1990,F,9
1078175,Glendy,1990,F,9
1078176,Glorianna,1990,F,9
1078177,Grasiela,1990,F,9
1078178,Gricel,1990,F,9
1078179,Hadiyah,1990,F,9
1078180,Hae,1990,F,9
1078181,Hafsa,1990,F,9
1078182,Haidee,1990,F,9
1078183,Haile,1990,F,9
1078184,Halimah,1990,F,9
1078185,Hanifah,1990,F,9
1078186,Hartley,1990,F,9
1078187,Hetal,1990,F,9
1078188,Hollianne,1990,F,9
1078189,Honor,1990,F,9
1078190,Houa,1990,F,9
1078191,Iasha,1990,F,9
1078192,Ibeth,1990,F,9
1078193,Icey,1990,F,9
1078194,Ikeya,1990,F,9
1078195,Ilea,1990,F,9
1078196,Indiana,1990,F,9
1078197,Inisha,1990,F,9
1078198,Irlanda,1990,F,9
1078199,Isaiah,1990,F,9
1078200,Isla,1990,F,9
1078201,Ivis,1990,F,9
1078202,Jacklene,1990,F,9
1078203,Jacobi,1990,F,9
1078204,Jacqualynn,1990,F,9
1078205,Jadea,1990,F,9
1078206,Jadyn,1990,F,9
1078207,Jaima,1990,F,9
1078208,Jajaira,1990,F,9
1078209,Jaleshia,1990,F,9
1078210,Jalessia,1990,F,9
1078211,Jalia,1990,F,9
1078212,Jama,1990,F,9
1078213,Jamanda,1990,F,9
1078214,Jamaris,1990,F,9
1078215,Jamekia,1990,F,9
1078216,Jamil,1990,F,9
1078217,Jamilet,1990,F,9
1078218,Jamille,1990,F,9
1078219,Jamyra,1990,F,9
1078220,Janasia,1990,F,9
1078221,Janece,1990,F,9
1078222,Janeece,1990,F,9
1078223,Janesia,1990,F,9
1078224,Jannifer,1990,F,9
1078225,Jaquala,1990,F,9
1078226,Jaquanda,1990,F,9
1078227,Jaquia,1990,F,9
1078228,Jasminn,1990,F,9
1078229,Jaszmine,1990,F,9
1078230,Jauna,1990,F,9
1078231,Jaydee,1990,F,9
1078232,Jaylyn,1990,F,9
1078233,Jazmene,1990,F,9
1078234,Jeanee,1990,F,9
1078235,Jeanet,1990,F,9
1078236,Jeleesa,1990,F,9
1078237,Jenaye,1990,F,9
1078238,Jency,1990,F,9
1078239,Jenilee,1990,F,9
1078240,Jennel,1990,F,9
1078241,Jere,1990,F,9
1078242,Jeriann,1990,F,9
1078243,Jerrilyn,1990,F,9
1078244,Jeslyn,1990,F,9
1078245,Jess,1990,F,9
1078246,Jessicalynn,1990,F,9
1078247,Jestine,1990,F,9
1078248,Jheri,1990,F,9
1078249,Jhoana,1990,F,9
1078250,Jhoanna,1990,F,9
1078251,Jillene,1990,F,9
1078252,Jillyan,1990,F,9
1078253,Jinna,1990,F,9
1078254,Joell,1990,F,9
1078255,Johnice,1990,F,9
1078256,Johnika,1990,F,9
1078257,Jolinda,1990,F,9
1078258,Jontae,1990,F,9
1078259,Jordane,1990,F,9
1078260,Josefine,1990,F,9
1078261,Josue,1990,F,9
1078262,Jourdyn,1990,F,9
1078263,Journey,1990,F,9
1078264,Justyna,1990,F,9
1078265,Kadijah,1990,F,9
1078266,Kaisey,1990,F,9
1078267,Kalika,1990,F,9
1078268,Kallee,1990,F,9
1078269,Kalyssa,1990,F,9
1078270,Kamaya,1990,F,9
1078271,Kammie,1990,F,9
1078272,Kamry,1990,F,9
1078273,Kaneeshia,1990,F,9
1078274,Kaniqua,1990,F,9
1078275,Kareemah,1990,F,9
1078276,Karely,1990,F,9
1078277,Karess,1990,F,9
1078278,Karia,1990,F,9
1078279,Karista,1990,F,9
1078280,Karlisa,1990,F,9
1078281,Karlissa,1990,F,9
1078282,Kathleena,1990,F,9
1078283,Katricia,1990,F,9
1078284,Katrisha,1990,F,9
1078285,Kavina,1990,F,9
1078286,Kaylaann,1990,F,9
1078287,Kaylani,1990,F,9
1078288,Kayleah,1990,F,9
1078289,Kaylena,1990,F,9
1078290,Kaylyne,1990,F,9
1078291,Kayra,1990,F,9
1078292,Kayti,1990,F,9
1078293,Kazoua,1990,F,9
1078294,Keerica,1990,F,9
1078295,Keidra,1990,F,9
1078296,Keiera,1990,F,9
1078297,Keiry,1990,F,9
1078298,Kendi,1990,F,9
1078299,Kendrick,1990,F,9
1078300,Kenicia,1990,F,9
1078301,Kenley,1990,F,9
1078302,Kennetta,1990,F,9
1078303,Kenyana,1990,F,9
1078304,Kerria,1990,F,9
1078305,Kesi,1990,F,9
1078306,Keundra,1990,F,9
1078307,Kevona,1990,F,9
1078308,Keylee,1990,F,9
1078309,Keyuna,1990,F,9
1078310,Khloe,1990,F,9
1078311,Khrysten,1990,F,9
1078312,Kiante,1990,F,9
1078313,Kiela,1990,F,9
1078314,Kierstie,1990,F,9
1078315,Kindle,1990,F,9
1078316,Kinesha,1990,F,9
1078317,Kirin,1990,F,9
1078318,Kisa,1990,F,9
1078319,Kiva,1990,F,9
1078320,Kjerstin,1990,F,9
1078321,Kobi,1990,F,9
1078322,Kolette,1990,F,9
1078323,Korine,1990,F,9
1078324,Korissa,1990,F,9
1078325,Kortne,1990,F,9
1078326,Krishonda,1990,F,9
1078327,Kriste,1990,F,9
1078328,Kristopher,1990,F,9
1078329,Krystall,1990,F,9
1078330,Kyanne,1990,F,9
1078331,Kym,1990,F,9
1078332,Kynesha,1990,F,9
1078333,Kyrstal,1990,F,9
1078334,Kyrstyn,1990,F,9
1078335,Lael,1990,F,9
1078336,Lajoy,1990,F,9
1078337,Lakea,1990,F,9
1078338,Lameisha,1990,F,9
1078339,Lameshia,1990,F,9
1078340,Lanai,1990,F,9
1078341,Landry,1990,F,9
1078342,Lanice,1990,F,9
1078343,Laqueisha,1990,F,9
1078344,Laquilla,1990,F,9
1078345,Lark,1990,F,9
1078346,Larra,1990,F,9
1078347,Larysa,1990,F,9
1078348,Lashavia,1990,F,9
1078349,Lasheka,1990,F,9
1078350,Lashika,1990,F,9
1078351,Lashonta,1990,F,9
1078352,Lastacia,1990,F,9
1078353,Lateka,1990,F,9
1078354,Laterica,1990,F,9
1078355,Latiana,1990,F,9
1078356,Latice,1990,F,9
1078357,Latifia,1990,F,9
1078358,Latiqua,1990,F,9
1078359,Latrica,1990,F,9
1078360,Lauraann,1990,F,9
1078361,Laurell,1990,F,9
1078362,Laurelle,1990,F,9
1078363,Laurren,1990,F,9
1078364,Lavita,1990,F,9
1078365,Leandria,1990,F,9
1078366,Leighana,1990,F,9
1078367,Leinaala,1990,F,9
1078368,Lekendra,1990,F,9
1078369,Lelani,1990,F,9
1078370,Lenette,1990,F,9
1078371,Leza,1990,F,9
1078372,Licia,1990,F,9
1078373,Lilit,1990,F,9
1078374,Lilliam,1990,F,9
1078375,Linde,1990,F,9
1078376,Lindee,1990,F,9
1078377,Linet,1990,F,9
1078378,Lorraina,1990,F,9
1078379,Lovie,1990,F,9
1078380,Lucas,1990,F,9
1078381,Lunden,1990,F,9
1078382,Lus,1990,F,9
1078383,Lynley,1990,F,9
1078384,Lyzette,1990,F,9
1078385,Macaela,1990,F,9
1078386,Madeliene,1990,F,9
1078387,Makesha,1990,F,9
1078388,Makita,1990,F,9
1078389,Malana,1990,F,9
1078390,Malanie,1990,F,9
1078391,Malee,1990,F,9
1078392,Marceline,1990,F,9
1078393,Marco,1990,F,9
1078394,Marea,1990,F,9
1078395,Mareena,1990,F,9
1078396,Margarite,1990,F,9
1078397,Marguita,1990,F,9
1078398,Mariajose,1990,F,9
1078399,Maricia,1990,F,9
1078400,Marieke,1990,F,9
1078401,Mariluz,1990,F,9
1078402,Marine,1990,F,9
1078403,Marit,1990,F,9
1078404,Mariyah,1990,F,9
1078405,Markeyta,1990,F,9
1078406,Marlet,1990,F,9
1078407,Marlowe,1990,F,9
1078408,Marquel,1990,F,9
1078409,Marshelle,1990,F,9
1078410,Maryan,1990,F,9
1078411,Masiel,1990,F,9
1078412,Maurita,1990,F,9
1078413,Maycee,1990,F,9
1078414,Mayumi,1990,F,9
1078415,Mc,1990,F,9
1078416,Mea,1990,F,9
1078417,Melicia,1990,F,9
1078418,Meline,1990,F,9
1078419,Melissaann,1990,F,9
1078420,Memorie,1990,F,9
1078421,Merline,1990,F,9
1078422,Miaya,1990,F,9
1078423,Michaelyn,1990,F,9
1078424,Michiko,1990,F,9
1078425,Mickaela,1990,F,9
1078426,Mikalah,1990,F,9
1078427,Mikela,1990,F,9
1078428,Mikhaila,1990,F,9
1078429,Mikita,1990,F,9
1078430,Mileah,1990,F,9
1078431,Milika,1990,F,9
1078432,Mindee,1990,F,9
1078433,Mindie,1990,F,9
1078434,Mishay,1990,F,9
1078435,Miyah,1990,F,9
1078436,Mollye,1990,F,9
1078437,Morgyn,1990,F,9
1078438,Myeesha,1990,F,9
1078439,Mykah,1990,F,9
1078440,Mystic,1990,F,9
1078441,Nabiha,1990,F,9
1078442,Nadege,1990,F,9
1078443,Nai,1990,F,9
1078444,Naida,1990,F,9
1078445,Nakayla,1990,F,9
1078446,Nakiesha,1990,F,9
1078447,Narda,1990,F,9
1078448,Nashia,1990,F,9
1078449,Nechelle,1990,F,9
1078450,Neenah,1990,F,9
1078451,Neftali,1990,F,9
1078452,Neka,1990,F,9
1078453,Nesreen,1990,F,9
1078454,Niamh,1990,F,9
1078455,Niara,1990,F,9
1078456,Nichola,1990,F,9
1078457,Nico,1990,F,9
1078458,Niema,1990,F,9
1078459,Ninoska,1990,F,9
1078460,Noah,1990,F,9
1078461,Noha,1990,F,9
1078462,Ollie,1990,F,9
1078463,Onyx,1990,F,9
1078464,Osiris,1990,F,9
1078465,Pahoua,1990,F,9
1078466,Parrish,1990,F,9
1078467,Penina,1990,F,9
1078468,Phelicia,1990,F,9
1078469,Phyllicia,1990,F,9
1078470,Pollyanna,1990,F,9
1078471,Preanna,1990,F,9
1078472,Preston,1990,F,9
1078473,Prisila,1990,F,9
1078474,Purvi,1990,F,9
1078475,Quameisha,1990,F,9
1078476,Quanasia,1990,F,9
1078477,Quinci,1990,F,9
1078478,Quintara,1990,F,9
1078479,Rachelann,1990,F,9
1078480,Raeleen,1990,F,9
1078481,Raeshawn,1990,F,9
1078482,Ragina,1990,F,9
1078483,Rahel,1990,F,9
1078484,Ranessa,1990,F,9
1078485,Ranya,1990,F,9
1078486,Raquell,1990,F,9
1078487,Rashmi,1990,F,9
1078488,Ray,1990,F,9
1078489,Rayleen,1990,F,9
1078490,Raynell,1990,F,9
1078491,Rayvin,1990,F,9
1078492,Rebecah,1990,F,9
1078493,Reeva,1990,F,9
1078494,Reham,1990,F,9
1078495,Reiko,1990,F,9
1078496,Reneshia,1990,F,9
1078497,Reshonda,1990,F,9
1078498,Rhian,1990,F,9
1078499,Richell,1990,F,9
1078500,Rickelle,1990,F,9
1078501,Ricketta,1990,F,9
1078502,Rifky,1990,F,9
1078503,Rissa,1990,F,9
1078504,Rocquel,1990,F,9
1078505,Rodneisha,1990,F,9
1078506,Rodnesha,1990,F,9
1078507,Romana,1990,F,9
1078508,Romona,1990,F,9
1078509,Romy,1990,F,9
1078510,Ronit,1990,F,9
1078511,Ronneisha,1990,F,9
1078512,Roselynn,1990,F,9
1078513,Roshawn,1990,F,9
1078514,Ross,1990,F,9
1078515,Rukiya,1990,F,9
1078516,Rushelle,1990,F,9
1078517,Rusti,1990,F,9
1078518,Rut,1990,F,9
1078519,Ryesha,1990,F,9
1078520,Sabree,1990,F,9
1078521,Sache,1990,F,9
1078522,Safiyah,1990,F,9
1078523,Saki,1990,F,9
1078524,Sakura,1990,F,9
1078525,Salwa,1990,F,9
1078526,Samah,1990,F,9
1078527,Samantah,1990,F,9
1078528,Samina,1990,F,9
1078529,Sanaa,1990,F,9
1078530,Sania,1990,F,9
1078531,Santoria,1990,F,9
1078532,Satoya,1990,F,9
1078533,Sayde,1990,F,9
1078534,Saysha,1990,F,9
1078535,Seara,1990,F,9
1078536,Secily,1990,F,9
1078537,Secoya,1990,F,9
1078538,Semaj,1990,F,9
1078539,Sequia,1990,F,9
1078540,Serenna,1990,F,9
1078541,Shahara,1990,F,9
1078542,Shakeda,1990,F,9
1078543,Shakeira,1990,F,9
1078544,Shakelia,1990,F,9
1078545,Shakyla,1990,F,9
1078546,Shalah,1990,F,9
1078547,Shalay,1990,F,9
1078548,Shaleah,1990,F,9
1078549,Shalesa,1990,F,9
1078550,Shalin,1990,F,9
1078551,Shalinda,1990,F,9
1078552,Shamaine,1990,F,9
1078553,Shamari,1990,F,9
1078554,Shanan,1990,F,9
1078555,Shanaye,1990,F,9
1078556,Shanielle,1990,F,9
1078557,Shaniya,1990,F,9
1078558,Shankia,1990,F,9
1078559,Shannelle,1990,F,9
1078560,Shanovia,1990,F,9
1078561,Shantese,1990,F,9
1078562,Shaquandra,1990,F,9
1078563,Shaquira,1990,F,9
1078564,Shaquisha,1990,F,9
1078565,Sharah,1990,F,9
1078566,Sharanda,1990,F,9
1078567,Sharea,1990,F,9
1078568,Sharene,1990,F,9
1078569,Sharetha,1990,F,9
1078570,Sharicka,1990,F,9
1078571,Sharlie,1990,F,9
1078572,Sharmin,1990,F,9
1078573,Sharna,1990,F,9
1078574,Sharneice,1990,F,9
1078575,Sharquita,1990,F,9
1078576,Shasha,1990,F,9
1078577,Shatira,1990,F,9
1078578,Shawan,1990,F,9
1078579,Shawndrea,1990,F,9
1078580,Shayra,1990,F,9
1078581,Shelisa,1990,F,9
1078582,Sherena,1990,F,9
1078583,Sherilynn,1990,F,9
1078584,Sheritta,1990,F,9
1078585,Shernika,1990,F,9
1078586,Sherrice,1990,F,9
1078587,Shina,1990,F,9
1078588,Shinea,1990,F,9
1078589,Shinead,1990,F,9
1078590,Shonice,1990,F,9
1078591,Shronda,1990,F,9
1078592,Shuntae,1990,F,9
1078593,Sibel,1990,F,9
1078594,Sidnie,1990,F,9
1078595,Sieda,1990,F,9
1078596,Simi,1990,F,9
1078597,Sissy,1990,F,9
1078598,Sonjia,1990,F,9
1078599,Sora,1990,F,9
1078600,Stefanny,1990,F,9
1078601,Stephanieann,1990,F,9
1078602,Stephanine,1990,F,9
1078603,Stormey,1990,F,9
1078604,Stphanie,1990,F,9
1078605,Sumayyah,1990,F,9
1078606,Suzann,1990,F,9
1078607,Sweta,1990,F,9
1078608,Sydnei,1990,F,9
1078609,Taahira,1990,F,9
1078610,Tacy,1990,F,9
1078611,Taila,1990,F,9
1078612,Takiya,1990,F,9
1078613,Talar,1990,F,9
1078614,Tanaisha,1990,F,9
1078615,Tandrea,1990,F,9
1078616,Tanesia,1990,F,9
1078617,Tanis,1990,F,9
1078618,Tanner,1990,F,9
1078619,Taralynn,1990,F,9
1078620,Taresa,1990,F,9
1078621,Tarina,1990,F,9
1078622,Tauni,1990,F,9
1078623,Teera,1990,F,9
1078624,Teniesha,1990,F,9
1078625,Tenishia,1990,F,9
1078626,Tericka,1990,F,9
1078627,Terrina,1990,F,9
1078628,Tessah,1990,F,9
1078629,Tessica,1990,F,9
1078630,Tevin,1990,F,9
1078631,Teyana,1990,F,9
1078632,Thera,1990,F,9
1078633,Thy,1990,F,9
1078634,Thyda,1990,F,9
1078635,Thyra,1990,F,9
1078636,Tiahna,1990,F,9
1078637,Tiamarie,1990,F,9
1078638,Tierah,1990,F,9
1078639,Tiphany,1990,F,9
1078640,Tisa,1990,F,9
1078641,Tiya,1990,F,9
1078642,Tiziana,1990,F,9
1078643,Tomesha,1990,F,9
1078644,Toniesha,1990,F,9
1078645,Toniqua,1990,F,9
1078646,Topaz,1990,F,9
1078647,Tranae,1990,F,9
1078648,Travia,1990,F,9
1078649,Travonna,1990,F,9
1078650,Truc,1990,F,9
1078651,Tulsi,1990,F,9
1078652,Tyneka,1990,F,9
1078653,Tynia,1990,F,9
1078654,Tyrah,1990,F,9
1078655,Tyrese,1990,F,9
1078656,Tyrisha,1990,F,9
1078657,Tyshanna,1990,F,9
1078658,Tytiana,1990,F,9
1078659,Umeko,1990,F,9
1078660,Valen,1990,F,9
1078661,Valeska,1990,F,9
1078662,Vaneisha,1990,F,9
1078663,Veena,1990,F,9
1078664,Verena,1990,F,9
1078665,Verenise,1990,F,9
1078666,Vernecia,1990,F,9
1078667,Vianka,1990,F,9
1078668,Vincenza,1990,F,9
1078669,Virgie,1990,F,9
1078670,Vonda,1990,F,9
1078671,Waleska,1990,F,9
1078672,Wanika,1990,F,9
1078673,Wednesday,1990,F,9
1078674,Whittley,1990,F,9
1078675,Willena,1990,F,9
1078676,Wilson,1990,F,9
1078677,Wynne,1990,F,9
1078678,Yancy,1990,F,9
1078679,Yasha,1990,F,9
1078680,Yashika,1990,F,9
1078681,Yenifer,1990,F,9
1078682,Yeraldin,1990,F,9
1078683,Yevette,1990,F,9
1078684,Yohanna,1990,F,9
1078685,Yoshiko,1990,F,9
1078686,Yukari,1990,F,9
1078687,Yvanna,1990,F,9
1078688,Zamantha,1990,F,9
1078689,Zamira,1990,F,9
1078690,Zaynab,1990,F,9
1078691,Zehra,1990,F,9
1078692,Zuly,1990,F,9
1078693,Zury,1990,F,9
1078694,Abelina,1990,F,8
1078695,Abir,1990,F,8
1078696,Abrar,1990,F,8
1078697,Adaeze,1990,F,8
1078698,Adalia,1990,F,8
1078699,Addi,1990,F,8
1078700,Adeana,1990,F,8
1078701,Adelynn,1990,F,8
1078702,Adeola,1990,F,8
1078703,Adiana,1990,F,8
1078704,Adonica,1990,F,8
1078705,Adrionna,1990,F,8
1078706,Adryanna,1990,F,8
1078707,Ahnna,1990,F,8
1078708,Aimy,1990,F,8
1078709,Aiyanna,1990,F,8
1078710,Akiko,1990,F,8
1078711,Alanda,1990,F,8
1078712,Alayne,1990,F,8
1078713,Albert,1990,F,8
1078714,Aleecia,1990,F,8
1078715,Aleksa,1990,F,8
1078716,Alexsandria,1990,F,8
1078717,Aliena,1990,F,8
1078718,Alin,1990,F,8
1078719,Alitza,1990,F,8
1078720,Aliyyah,1990,F,8
1078721,Alle,1990,F,8
1078722,Allyx,1990,F,8
1078723,Alycea,1990,F,8
1078724,Alysen,1990,F,8
1078725,Alyss,1990,F,8
1078726,Amandalynn,1990,F,8
1078727,Amandeep,1990,F,8
1078728,Amando,1990,F,8
1078729,Amarah,1990,F,8
1078730,Ambika,1990,F,8
1078731,Ambreia,1990,F,8
1078732,Ame,1990,F,8
1078733,Amonda,1990,F,8
1078734,Amylynn,1990,F,8
1078735,Anacecilia,1990,F,8
1078736,Anairis,1990,F,8
1078737,Anavel,1990,F,8
1078738,Andreah,1990,F,8
1078739,Angalina,1990,F,8
1078740,Angeliki,1990,F,8
1078741,Angelyn,1990,F,8
1078742,Aniya,1990,F,8
1078743,Anjani,1990,F,8
1078744,Annalese,1990,F,8
1078745,Annelies,1990,F,8
1078746,Annsley,1990,F,8
1078747,Anqunette,1990,F,8
1078748,Antinette,1990,F,8
1078749,Aqsa,1990,F,8
1078750,Aquarius,1990,F,8
1078751,Araina,1990,F,8
1078752,Arcadia,1990,F,8
1078753,Arien,1990,F,8
1078754,Arisa,1990,F,8
1078755,Arisha,1990,F,8
1078756,Arizona,1990,F,8
1078757,Arlee,1990,F,8
1078758,Arlicia,1990,F,8
1078759,Arlisa,1990,F,8
1078760,Arron,1990,F,8
1078761,Artesha,1990,F,8
1078762,Arthur,1990,F,8
1078763,Aryelle,1990,F,8
1078764,Arynn,1990,F,8
1078765,Asami,1990,F,8
1078766,Asher,1990,F,8
1078767,Asmaa,1990,F,8
1078768,Astin,1990,F,8
1078769,Astra,1990,F,8
1078770,Atalia,1990,F,8
1078771,Atara,1990,F,8
1078772,Atoya,1990,F,8
1078773,Audelia,1990,F,8
1078774,Aurea,1990,F,8
1078775,Australia,1990,F,8
1078776,Avia,1990,F,8
1078777,Avian,1990,F,8
1078778,Avigayil,1990,F,8
1078779,Avni,1990,F,8
1078780,Aydee,1990,F,8
1078781,Ayeisha,1990,F,8
1078782,Ayeshia,1990,F,8
1078783,Baneza,1990,F,8
1078784,Bayle,1990,F,8
1078785,Belicia,1990,F,8
1078786,Bennett,1990,F,8
1078787,Berenis,1990,F,8
1078788,Berkeley,1990,F,8
1078789,Betheny,1990,F,8
1078790,Bethlehem,1990,F,8
1078791,Bethsaida,1990,F,8
1078792,Bettye,1990,F,8
1078793,Betzaida,1990,F,8
1078794,Biancha,1990,F,8
1078795,Bianey,1990,F,8
1078796,Bijan,1990,F,8
1078797,Billiejean,1990,F,8
1078798,Bradie,1990,F,8
1078799,Branden,1990,F,8
1078800,Brandey,1990,F,8
1078801,Brandyce,1990,F,8
1078802,Breane,1990,F,8
1078803,Breigh,1990,F,8
1078804,Brelyn,1990,F,8
1078805,Brennen,1990,F,8
1078806,Bretta,1990,F,8
1078807,Brettney,1990,F,8
1078808,Brianah,1990,F,8
1078809,Briceida,1990,F,8
1078810,Briggette,1990,F,8
1078811,Brighton,1990,F,8
1078812,Brijette,1990,F,8
1078813,Brinkley,1990,F,8
1078814,Brinn,1990,F,8
1078815,Brinna,1990,F,8
1078816,Briselda,1990,F,8
1078817,Britnei,1990,F,8
1078818,Britten,1990,F,8
1078819,Bryttney,1990,F,8
1078820,Bryttni,1990,F,8
1078821,Calandria,1990,F,8
1078822,Calen,1990,F,8
1078823,Callee,1990,F,8
1078824,Calvin,1990,F,8
1078825,Calyssa,1990,F,8
1078826,Camela,1990,F,8
1078827,Camella,1990,F,8
1078828,Camil,1990,F,8
1078829,Campbell,1990,F,8
1078830,Camy,1990,F,8
1078831,Caralee,1990,F,8
1078832,Cariann,1990,F,8
1078833,Carita,1990,F,8
1078834,Carmyn,1990,F,8
1078835,Carola,1990,F,8
1078836,Carrina,1990,F,8
1078837,Carsen,1990,F,8
1078838,Casidy,1990,F,8
1078839,Cassandria,1990,F,8
1078840,Cassidee,1990,F,8
1078841,Catheline,1990,F,8
1078842,Cathlene,1990,F,8
1078843,Cathlyn,1990,F,8
1078844,Catia,1990,F,8
1078845,Catriona,1990,F,8
1078846,Cayenne,1990,F,8
1078847,Caylen,1990,F,8
1078848,Ceanna,1990,F,8
1078849,Celenia,1990,F,8
1078850,Celeny,1990,F,8
1078851,Celestial,1990,F,8
1078852,Celinda,1990,F,8
1078853,Centeria,1990,F,8
1078854,Cessily,1990,F,8
1078855,Chaka,1990,F,8
1078856,Chalese,1990,F,8
1078857,Chanika,1990,F,8
1078858,Chanteria,1990,F,8
1078859,Chantil,1990,F,8
1078860,Chantol,1990,F,8
1078861,Chaquana,1990,F,8
1078862,Chareese,1990,F,8
1078863,Charell,1990,F,8
1078864,Charisa,1990,F,8
1078865,Chariti,1990,F,8
1078866,Charle,1990,F,8
1078867,Charlissa,1990,F,8
1078868,Chauntae,1990,F,8
1078869,Chavie,1990,F,8
1078870,Chelbie,1990,F,8
1078871,Chelsay,1990,F,8
1078872,Chenea,1990,F,8
1078873,Cheney,1990,F,8
1078874,Chenique,1990,F,8
1078875,Chessa,1990,F,8
1078876,Cheyna,1990,F,8
1078877,Chianti,1990,F,8
1078878,Chiffon,1990,F,8
1078879,Chrishonda,1990,F,8
1078880,Christinamarie,1990,F,8
1078881,Chrystian,1990,F,8
1078882,Chrystyna,1990,F,8
1078883,Cienna,1990,F,8
1078884,Cindel,1990,F,8
1078885,Clarise,1990,F,8
1078886,Clayton,1990,F,8
1078887,Cleotilde,1990,F,8
1078888,Colene,1990,F,8
1078889,Constantina,1990,F,8
1078890,Coralie,1990,F,8
1078891,Corinthian,1990,F,8
1078892,Corliss,1990,F,8
1078893,Corneshia,1990,F,8
1078894,Cortnei,1990,F,8
1078895,Courtland,1990,F,8
1078896,Cristel,1990,F,8
1078897,Cristela,1990,F,8
1078898,Crystall,1990,F,8
1078899,Curry,1990,F,8
1078900,Curtisha,1990,F,8
1078901,Czarina,1990,F,8
1078902,Dacey,1990,F,8
1078903,Dahiana,1990,F,8
1078904,Dalilah,1990,F,8
1078905,Dalina,1990,F,8
1078906,Dalissa,1990,F,8
1078907,Dallana,1990,F,8
1078908,Damarys,1990,F,8
1078909,Damber,1990,F,8
1078910,Damian,1990,F,8
1078911,Danai,1990,F,8
1078912,Danne,1990,F,8
1078913,Dannette,1990,F,8
1078914,Dannika,1990,F,8
1078915,Danyella,1990,F,8
1078916,Daquana,1990,F,8
1078917,Darbie,1990,F,8
1078918,Darica,1990,F,8
1078919,Darilyn,1990,F,8
1078920,Darin,1990,F,8
1078921,Darlisha,1990,F,8
1078922,Darrica,1990,F,8
1078923,Dashana,1990,F,8
1078924,Davanna,1990,F,8
1078925,Daviana,1990,F,8
1078926,Davielle,1990,F,8
1078927,Dawanda,1990,F,8
1078928,Dawnelle,1990,F,8
1078929,Dayanara,1990,F,8
1078930,Dayanna,1990,F,8
1078931,Deisha,1990,F,8
1078932,Dejane,1990,F,8
1078933,Delane,1990,F,8
1078934,Delanna,1990,F,8
1078935,Demeisha,1990,F,8
1078936,Demika,1990,F,8
1078937,Demitra,1990,F,8
1078938,Denessa,1990,F,8
1078939,Desarai,1990,F,8
1078940,Desirre,1990,F,8
1078941,Destina,1990,F,8
1078942,Deveny,1990,F,8
1078943,Devony,1990,F,8
1078944,Devynn,1990,F,8
1078945,Deyonna,1990,F,8
1078946,Diandre,1990,F,8
1078947,Diantha,1990,F,8
1078948,Diva,1990,F,8
1078949,Donicia,1990,F,8
1078950,Donnica,1990,F,8
1078951,Doria,1990,F,8
1078952,Dorine,1990,F,8
1078953,Dottie,1990,F,8
1078954,Dreanna,1990,F,8
1078955,Drema,1990,F,8
1078956,Drue,1990,F,8
1078957,Dyesha,1990,F,8
1078958,Dyneshia,1990,F,8
1078959,Dyonna,1990,F,8
1078960,Earlisha,1990,F,8
1078961,Ebonnie,1990,F,8
1078962,Ela,1990,F,8
1078963,Elbony,1990,F,8
1078964,Eleanora,1990,F,8
1078965,Elecia,1990,F,8
1078966,Eleisha,1990,F,8
1078967,Eleonor,1990,F,8
1078968,Eli,1990,F,8
1078969,Elidia,1990,F,8
1078970,Elif,1990,F,8
1078971,Elize,1990,F,8
1078972,Elizeth,1990,F,8
1078973,Elliot,1990,F,8
1078974,Ellyce,1990,F,8
1078975,Elmira,1990,F,8
1078976,Elodie,1990,F,8
1078977,Elya,1990,F,8
1078978,Elyana,1990,F,8
1078979,Emanuela,1990,F,8
1078980,Emeli,1990,F,8
1078981,Emmalea,1990,F,8
1078982,Emmanuela,1990,F,8
1078983,Emmanuella,1990,F,8
1078984,Emmanuelle,1990,F,8
1078985,Emy,1990,F,8
1078986,Enriqueta,1990,F,8
1078987,Erendida,1990,F,8
1078988,Erienne,1990,F,8
1078989,Erikah,1990,F,8
1078990,Erinne,1990,F,8
1078991,Errica,1990,F,8
1078992,Erricka,1990,F,8
1078993,Esmeraldo,1990,F,8
1078994,Estephania,1990,F,8
1078995,Ezinne,1990,F,8
1078996,Fabienne,1990,F,8
1078997,Farhana,1990,F,8
1078998,Farran,1990,F,8
1078999,Fawna,1990,F,8
1079000,Felipa,1990,F,8
1079001,Feliz,1990,F,8
1079002,Fiera,1990,F,8
1079003,Fion,1990,F,8
1079004,Fionna,1990,F,8
1079005,Fiorella,1990,F,8
1079006,Fonda,1990,F,8
1079007,Fransisca,1990,F,8
1079008,Franziska,1990,F,8
1079009,Genee,1990,F,8
1079010,Genesha,1990,F,8
1079011,Genevia,1990,F,8
1079012,Glinda,1990,F,8
1079013,Gretel,1990,F,8
1079014,Haifa,1990,F,8
1079015,Halston,1990,F,8
1079016,Han,1990,F,8
1079017,Hanako,1990,F,8
1079018,Hanin,1990,F,8
1079019,Helana,1990,F,8
1079020,Hena,1990,F,8
1079021,Hether,1990,F,8
1079022,Hilaria,1990,F,8
1079023,Hollyanne,1990,F,8
1079024,Ia,1990,F,8
1079025,Iana,1990,F,8
1079026,Iisha,1990,F,8
1079027,Imara,1990,F,8
1079028,Ioanna,1990,F,8
1079029,Iona,1990,F,8
1079030,Irisha,1990,F,8
1079031,Isra,1990,F,8
1079032,Israa,1990,F,8
1079033,Ivett,1990,F,8
1079034,Ivonna,1990,F,8
1079035,Jaala,1990,F,8
1079036,Jaboa,1990,F,8
1079037,Jacarra,1990,F,8
1079038,Jacquelen,1990,F,8
1079039,Jacquelina,1990,F,8
1079040,Jadia,1990,F,8
1079041,Jadine,1990,F,8
1079042,Jahna,1990,F,8
1079043,Jaleh,1990,F,8
1079044,Jalene,1990,F,8
1079045,Jamacia,1990,F,8
1079046,Jamiah,1990,F,8
1079047,Jamice,1990,F,8
1079048,Jamiya,1990,F,8
1079049,Jamy,1990,F,8
1079050,Janei,1990,F,8
1079051,Janiesha,1990,F,8
1079052,Janitza,1990,F,8
1079053,Jannine,1990,F,8
1079054,January,1990,F,8
1079055,Janyce,1990,F,8
1079056,Jaquel,1990,F,8
1079057,Jarika,1990,F,8
1079058,Jasa,1990,F,8
1079059,Jasmain,1990,F,8
1079060,Jasmene,1990,F,8
1079061,Jasmond,1990,F,8
1079062,Jassmin,1990,F,8
1079063,Javana,1990,F,8
1079064,Jayd,1990,F,8
1079065,Jaylee,1990,F,8
1079066,Jazminn,1990,F,8
1079067,Jeanell,1990,F,8
1079068,Jem,1990,F,8
1079069,Jenefer,1990,F,8
1079070,Jenese,1990,F,8
1079071,Jenetta,1990,F,8
1079072,Jenisha,1990,F,8
1079073,Jennay,1990,F,8
1079074,Jeny,1990,F,8
1079075,Jericca,1990,F,8
1079076,Jermisha,1990,F,8
1079077,Jerrah,1990,F,8
1079078,Jesicca,1990,F,8
1079079,Jessenya,1990,F,8
1079080,Jesusa,1990,F,8
1079081,Jherika,1990,F,8
1079082,Jilisa,1990,F,8
1079083,Jilliane,1990,F,8
1079084,Jimeka,1990,F,8
1079085,Jiselle,1990,F,8
1079086,Jissel,1990,F,8
1079087,Johanne,1990,F,8
1079088,Johanny,1990,F,8
1079089,Johnathan,1990,F,8
1079090,Johniqua,1990,F,8
1079091,Joneka,1990,F,8
1079092,Jontel,1990,F,8
1079093,Joua,1990,F,8
1079094,Jourdain,1990,F,8
1079095,Jovon,1990,F,8
1079096,Joycelin,1990,F,8
1079097,Joyelle,1990,F,8
1079098,Joylynn,1990,F,8
1079099,Jude,1990,F,8
1079100,Judie,1990,F,8
1079101,Julio,1990,F,8
1079102,Jury,1990,F,8
1079103,Kaelah,1990,F,8
1079104,Kahlia,1990,F,8
1079105,Kailoni,1990,F,8
1079106,Kaithlyn,1990,F,8
1079107,Kaitlynd,1990,F,8
1079108,Kale,1990,F,8
1079109,Kaleb,1990,F,8
1079110,Kalley,1990,F,8
1079111,Kalya,1990,F,8
1079112,Kameo,1990,F,8
1079113,Kamica,1990,F,8
1079114,Kammy,1990,F,8
1079115,Kamri,1990,F,8
1079116,Kanecia,1990,F,8
1079117,Karime,1990,F,8
1079118,Karinna,1990,F,8
1079119,Karizma,1990,F,8
1079120,Karlena,1990,F,8
1079121,Karma,1990,F,8
1079122,Karman,1990,F,8
1079123,Karmina,1990,F,8
1079124,Karnesha,1990,F,8
1079125,Karrina,1990,F,8
1079126,Kashonna,1990,F,8
1079127,Katerin,1990,F,8
1079128,Katesha,1990,F,8
1079129,Katieann,1990,F,8
1079130,Katora,1990,F,8
1079131,Katura,1990,F,8
1079132,Kawanda,1990,F,8
1079133,Kayly,1990,F,8
1079134,Keauna,1990,F,8
1079135,Kei,1990,F,8
1079136,Keiandra,1990,F,8
1079137,Keishana,1990,F,8
1079138,Keishawna,1990,F,8
1079139,Kelee,1990,F,8
1079140,Kelie,1990,F,8
1079141,Kelleen,1990,F,8
1079142,Keni,1990,F,8
1079143,Kenise,1990,F,8
1079144,Kenita,1990,F,8
1079145,Kenneisha,1990,F,8
1079146,Kensi,1990,F,8
1079147,Kensley,1990,F,8
1079148,Kenyota,1990,F,8
1079149,Kerby,1990,F,8
1079150,Keryn,1990,F,8
1079151,Keshara,1990,F,8
1079152,Keslie,1990,F,8
1079153,Kewana,1990,F,8
1079154,Keyarra,1990,F,8
1079155,Khalida,1990,F,8
1079156,Khia,1990,F,8
1079157,Khrystyna,1990,F,8
1079158,Khyla,1990,F,8
1079159,Kiele,1990,F,8
1079160,Kierstan,1990,F,8
1079161,Kileigh,1990,F,8
1079162,Kimbery,1990,F,8
1079163,Kimmy,1990,F,8
1079164,Kimora,1990,F,8
1079165,Kimyatta,1990,F,8
1079166,Kinley,1990,F,8
1079167,Kirah,1990,F,8
1079168,Kitiara,1990,F,8
1079169,Kitrina,1990,F,8
1079170,Kiyomi,1990,F,8
1079171,Klarisa,1990,F,8
1079172,Kodee,1990,F,8
1079173,Konesha,1990,F,8
1079174,Konstance,1990,F,8
1079175,Korena,1990,F,8
1079176,Kortnei,1990,F,8
1079177,Kourtnei,1990,F,8
1079178,Krisandra,1990,F,8
1079179,Kwame,1990,F,8
1079180,Kylan,1990,F,8
1079181,Kylynn,1990,F,8
1079182,Kymberlie,1990,F,8
1079183,Kyoko,1990,F,8
1079184,Kyri,1990,F,8
1079185,Kyrsti,1990,F,8
1079186,Labree,1990,F,8
1079187,Lacosta,1990,F,8
1079188,Lacoya,1990,F,8
1079189,Ladacia,1990,F,8
1079190,Laikyn,1990,F,8
1079191,Lajoyce,1990,F,8
1079192,Lakeema,1990,F,8
1079193,Lakeva,1990,F,8
1079194,Lanell,1990,F,8
1079195,Lanelle,1990,F,8
1079196,Langley,1990,F,8
1079197,Laquina,1990,F,8
1079198,Laquitia,1990,F,8
1079199,Lareesa,1990,F,8
1079200,Larenda,1990,F,8
1079201,Laressa,1990,F,8
1079202,Larica,1990,F,8
1079203,Lasaundra,1990,F,8
1079204,Lashan,1990,F,8
1079205,Lashanae,1990,F,8
1079206,Lashane,1990,F,8
1079207,Lashawndra,1990,F,8
1079208,Latece,1990,F,8
1079209,Lateia,1990,F,8
1079210,Laterika,1990,F,8
1079211,Latiera,1990,F,8
1079212,Latonja,1990,F,8
1079213,Latrecia,1990,F,8
1079214,Latrelle,1990,F,8
1079215,Latysha,1990,F,8
1079216,Laurabeth,1990,F,8
1079217,Laurena,1990,F,8
1079218,Lauriel,1990,F,8
1079219,Lavelle,1990,F,8
1079220,Lavera,1990,F,8
1079221,Lavisha,1990,F,8
1079222,Lawrencia,1990,F,8
1079223,Leanda,1990,F,8
1079224,Leasha,1990,F,8
1079225,Leasia,1990,F,8
1079226,Lechelle,1990,F,8
1079227,Leianna,1990,F,8
1079228,Leighton,1990,F,8
1079229,Lenzi,1990,F,8
1079230,Lenzy,1990,F,8
1079231,Letoya,1990,F,8
1079232,Leyda,1990,F,8
1079233,Li,1990,F,8
1079234,Llesenia,1990,F,8
1079235,Londa,1990,F,8
1079236,Lorielle,1990,F,8
1079237,Lorilyn,1990,F,8
1079238,Lorine,1990,F,8
1079239,Lorrayne,1990,F,8
1079240,Lorretta,1990,F,8
1079241,Louella,1990,F,8
1079242,Lovette,1990,F,8
1079243,Lusero,1990,F,8
1079244,Luzmaria,1990,F,8
1079245,Lyna,1990,F,8
1079246,Lynee,1990,F,8
1079247,Madilynn,1990,F,8
1079248,Maija,1990,F,8
1079249,Majorie,1990,F,8
1079250,Makensie,1990,F,8
1079251,Malakia,1990,F,8
1079252,Maleeka,1990,F,8
1079253,Mallissa,1990,F,8
1079254,Mandalyn,1990,F,8
1079255,Manika,1990,F,8
1079256,Manouchka,1990,F,8
1079257,Maquita,1990,F,8
1079258,Marcos,1990,F,8
1079259,Mariacristina,1990,F,8
1079260,Mariena,1990,F,8
1079261,Marijke,1990,F,8
1079262,Marijo,1990,F,8
1079263,Marium,1990,F,8
1079264,Marjan,1990,F,8
1079265,Marjani,1990,F,8
1079266,Marka,1990,F,8
1079267,Markee,1990,F,8
1079268,Marlise,1990,F,8
1079269,Marlon,1990,F,8
1079270,Marlyne,1990,F,8
1079271,Marne,1990,F,8
1079272,Marqueisha,1990,F,8
1079273,Marsella,1990,F,8
1079274,Marykathleen,1990,F,8
1079275,Matty,1990,F,8
1079276,Maurisha,1990,F,8
1079277,Maybelline,1990,F,8
1079278,Maytal,1990,F,8
1079279,Mayuri,1990,F,8
1079280,Mckelle,1990,F,8
1079281,Meeghan,1990,F,8
1079282,Meeka,1990,F,8
1079283,Melessa,1990,F,8
1079284,Melida,1990,F,8
1079285,Melinna,1990,F,8
1079286,Meloney,1990,F,8
1079287,Meloni,1990,F,8
1079288,Melvin,1990,F,8
1079289,Meoshia,1990,F,8
1079290,Merced,1990,F,8
1079291,Merica,1990,F,8
1079292,Mersadie,1990,F,8
1079293,Michaele,1990,F,8
1079294,Mikea,1990,F,8
1079295,Mikella,1990,F,8
1079296,Milana,1990,F,8
1079297,Miquela,1990,F,8
1079298,Mishel,1990,F,8
1079299,Molley,1990,F,8
1079300,Moneka,1990,F,8
1079301,Monia,1990,F,8
1079302,Monifa,1990,F,8
1079303,Montrice,1990,F,8
1079304,Morena,1990,F,8
1079305,Muranda,1990,F,8
1079306,Mykal,1990,F,8
1079307,Mykell,1990,F,8
1079308,Myria,1990,F,8
1079309,Myrtle,1990,F,8
1079310,Nafeesa,1990,F,8
1079311,Nahomi,1990,F,8
1079312,Najla,1990,F,8
1079313,Nakea,1990,F,8
1079314,Nakeema,1990,F,8
1079315,Naquasha,1990,F,8
1079316,Nasreen,1990,F,8
1079317,Nasya,1990,F,8
1079318,Natally,1990,F,8
1079319,Nateisha,1990,F,8
1079320,Natlie,1990,F,8
1079321,Natsha,1990,F,8
1079322,Navneet,1990,F,8
1079323,Nazareth,1990,F,8
1079324,Nehemie,1990,F,8
1079325,Nekeshia,1990,F,8
1079326,Nery,1990,F,8
1079327,Netta,1990,F,8
1079328,Neysha,1990,F,8
1079329,Ngan,1990,F,8
1079330,Niah,1990,F,8
1079331,Nickol,1990,F,8
1079332,Nicolena,1990,F,8
1079333,Nieves,1990,F,8
1079334,Nikeshia,1990,F,8
1079335,Nikko,1990,F,8
1079336,Nnenna,1990,F,8
1079337,Noella,1990,F,8
1079338,Nyema,1990,F,8
1079339,Nyia,1990,F,8
1079340,Nyiesha,1990,F,8
1079341,October,1990,F,8
1079342,Odette,1990,F,8
1079343,Ogechi,1990,F,8
1079344,Olinda,1990,F,8
1079345,Oprah,1990,F,8
1079346,Orianna,1990,F,8
1079347,Orquidea,1990,F,8
1079348,Pahola,1990,F,8
1079349,Palmira,1990,F,8
1079350,Paraskevi,1990,F,8
1079351,Pattie,1990,F,8
1079352,Paulisha,1990,F,8
1079353,Pedro,1990,F,8
1079354,Percilla,1990,F,8
1079355,Preeti,1990,F,8
1079356,Preslee,1990,F,8
1079357,Prudence,1990,F,8
1079358,Punam,1990,F,8
1079359,Quana,1990,F,8
1079360,Quaneesha,1990,F,8
1079361,Quanetta,1990,F,8
1079362,Quantavia,1990,F,8
1079363,Quasha,1990,F,8
1079364,Quatisha,1990,F,8
1079365,Quinta,1990,F,8
1079366,Rachana,1990,F,8
1079367,Raechal,1990,F,8
1079368,Raechell,1990,F,8
1079369,Rael,1990,F,8
1079370,Rakel,1990,F,8
1079371,Rakita,1990,F,8
1079372,Randal,1990,F,8
1079373,Ranelle,1990,F,8
1079374,Rashanna,1990,F,8
1079375,Raychell,1990,F,8
1079376,Raymona,1990,F,8
1079377,Raynetta,1990,F,8
1079378,Raysa,1990,F,8
1079379,Rayshonda,1990,F,8
1079380,Reah,1990,F,8
1079381,Reginald,1990,F,8
1079382,Rehana,1990,F,8
1079383,Reyanna,1990,F,8
1079384,Rhandi,1990,F,8
1079385,Rhiannan,1990,F,8
1079386,Rhina,1990,F,8
1079387,Ricca,1990,F,8
1079388,Rickell,1990,F,8
1079389,Rickesha,1990,F,8
1079390,Rivky,1990,F,8
1079391,Rodrica,1990,F,8
1079392,Rolisha,1990,F,8
1079393,Ronelle,1990,F,8
1079394,Rosalin,1990,F,8
1079395,Rosene,1990,F,8
1079396,Rosilyn,1990,F,8
1079397,Roxxanne,1990,F,8
1079398,Royce,1990,F,8
1079399,Ruchama,1990,F,8
1079400,Rufina,1990,F,8
1079401,Rusty,1990,F,8
1079402,Ruvi,1990,F,8
1079403,Saara,1990,F,8
1079404,Sabrine,1990,F,8
1079405,Sadae,1990,F,8
1079406,Safia,1990,F,8
1079407,Saima,1990,F,8
1079408,Sakeenah,1990,F,8
1079409,Sakia,1990,F,8
1079410,Salinda,1990,F,8
1079411,Samanthalee,1990,F,8
1079412,Samanthan,1990,F,8
1079413,Samiah,1990,F,8
1079414,Samiyah,1990,F,8
1079415,Sandrine,1990,F,8
1079416,Sanya,1990,F,8
1079417,Sapphira,1990,F,8
1079418,Saraelizabeth,1990,F,8
1079419,Saralynn,1990,F,8
1079420,Saria,1990,F,8
1079421,Sashay,1990,F,8
1079422,Saxon,1990,F,8
1079423,Sayuri,1990,F,8
1079424,Senora,1990,F,8
1079425,Sentoria,1990,F,8
1079426,Serrena,1990,F,8
1079427,Sesley,1990,F,8
1079428,Seville,1990,F,8
1079429,Shacarra,1990,F,8
1079430,Shaelee,1990,F,8
1079431,Shaka,1990,F,8
1079432,Shakala,1990,F,8
1079433,Shakarra,1990,F,8
1079434,Shakedra,1990,F,8
1079435,Shakeisha,1990,F,8
1079436,Shakeitha,1990,F,8
1079437,Shakemia,1990,F,8
1079438,Shakeva,1990,F,8
1079439,Shakeyla,1990,F,8
1079440,Shaleigh,1990,F,8
1079441,Shaletha,1990,F,8
1079442,Shamaria,1990,F,8
1079443,Shameca,1990,F,8
1079444,Shamiah,1990,F,8
1079445,Shamina,1990,F,8
1079446,Shamya,1990,F,8
1079447,Shaneal,1990,F,8
1079448,Shaneil,1990,F,8
1079449,Shanera,1990,F,8
1079450,Shaniquah,1990,F,8
1079451,Shannyn,1990,F,8
1079452,Shanquia,1990,F,8
1079453,Shanteal,1990,F,8
1079454,Shanterrica,1990,F,8
1079455,Shantez,1990,F,8
1079456,Shantil,1990,F,8
1079457,Shaquasha,1990,F,8
1079458,Shaquel,1990,F,8
1079459,Shaquella,1990,F,8
1079460,Sharan,1990,F,8
1079461,Sharece,1990,F,8
1079462,Shareece,1990,F,8
1079463,Sharis,1990,F,8
1079464,Sharlisa,1990,F,8
1079465,Sharneka,1990,F,8
1079466,Sharnese,1990,F,8
1079467,Sharra,1990,F,8
1079468,Sharri,1990,F,8
1079469,Shatasia,1990,F,8
1079470,Shateka,1990,F,8
1079471,Shatiya,1990,F,8
1079472,Shaton,1990,F,8
1079473,Shatona,1990,F,8
1079474,Shaunita,1990,F,8
1079475,Shaunteria,1990,F,8
1079476,Shavell,1990,F,8
1079477,Shavonia,1990,F,8
1079478,Shawne,1990,F,8
1079479,Shawniqua,1990,F,8
1079480,Shayda,1990,F,8
1079481,Shaylon,1990,F,8
1079482,Shayonna,1990,F,8
1079483,Sheetal,1990,F,8
1079484,Shelah,1990,F,8
1079485,Shelise,1990,F,8
1079486,Shella,1990,F,8
1079487,Shemekia,1990,F,8
1079488,Shemia,1990,F,8
1079489,Shenea,1990,F,8
1079490,Shenel,1990,F,8
1079491,Shenese,1990,F,8
1079492,Shentel,1990,F,8
1079493,Sheray,1990,F,8
1079494,Sherece,1990,F,8
1079495,Shernice,1990,F,8
1079496,Sherre,1990,F,8
1079497,Shevonne,1990,F,8
1079498,Shey,1990,F,8
1079499,Shikara,1990,F,8
1079500,Shikita,1990,F,8
1079501,Shinae,1990,F,8
1079502,Shirlee,1990,F,8
1079503,Shiva,1990,F,8
1079504,Shyenne,1990,F,8
1079505,Shyree,1990,F,8
1079506,Sierrah,1990,F,8
1079507,Sindhu,1990,F,8
1079508,Sirina,1990,F,8
1079509,Solveig,1990,F,8
1079510,Sonita,1990,F,8
1079511,Sparkles,1990,F,8
1079512,Stacyann,1990,F,8
1079513,Stanisha,1990,F,8
1079514,Starkisha,1990,F,8
1079515,Starlene,1990,F,8
1079516,Starlet,1990,F,8
1079517,Starlette,1990,F,8
1079518,Starlyn,1990,F,8
1079519,Staysha,1990,F,8
1079520,Stephanye,1990,F,8
1079521,Steve,1990,F,8
1079522,Storey,1990,F,8
1079523,Suha,1990,F,8
1079524,Suni,1990,F,8
1079525,Sunna,1990,F,8
1079526,Susi,1990,F,8
1079527,Syerra,1990,F,8
1079528,Sylvanna,1990,F,8
1079529,Syndey,1990,F,8
1079530,Syndi,1990,F,8
1079531,Tabbetha,1990,F,8
1079532,Tabithia,1990,F,8
1079533,Tacora,1990,F,8
1079534,Taesha,1990,F,8
1079535,Taheerah,1990,F,8
1079536,Tahisha,1990,F,8
1079537,Taiesha,1990,F,8
1079538,Takema,1990,F,8
1079539,Takera,1990,F,8
1079540,Takeyah,1990,F,8
1079541,Takiera,1990,F,8
1079542,Takila,1990,F,8
1079543,Talana,1990,F,8
1079544,Taleshia,1990,F,8
1079545,Talhia,1990,F,8
1079546,Talishia,1990,F,8
1079547,Tally,1990,F,8
1079548,Talyn,1990,F,8
1079549,Tamala,1990,F,8
1079550,Tanique,1990,F,8
1079551,Tannaz,1990,F,8
1079552,Tannis,1990,F,8
1079553,Tantanea,1990,F,8
1079554,Taryne,1990,F,8
1079555,Tashea,1990,F,8
1079556,Tashonna,1990,F,8
1079557,Tattiana,1990,F,8
1079558,Tawnia,1990,F,8
1079559,Tawsha,1990,F,8
1079560,Tazia,1990,F,8
1079561,Teaire,1990,F,8
1079562,Tehila,1990,F,8
1079563,Teja,1990,F,8
1079564,Teka,1990,F,8
1079565,Tekela,1990,F,8
1079566,Tenesia,1990,F,8
1079567,Tenley,1990,F,8
1079568,Teosha,1990,F,8
1079569,Tereza,1990,F,8
1079570,Terrence,1990,F,8
1079571,Terrion,1990,F,8
1079572,Tiea,1990,F,8
1079573,Tieasha,1990,F,8
1079574,Tiffannie,1990,F,8
1079575,Tiondra,1990,F,8
1079576,Tirza,1990,F,8
1079577,Tishawna,1990,F,8
1079578,Titianna,1990,F,8
1079579,Tiwana,1990,F,8
1079580,Tiye,1990,F,8
1079581,Toccara,1990,F,8
1079582,Tommy,1990,F,8
1079583,Tomoko,1990,F,8
1079584,Tonetta,1990,F,8
1079585,Tonimarie,1990,F,8
1079586,Tonnie,1990,F,8
1079587,Tonyetta,1990,F,8
1079588,Torin,1990,F,8
1079589,Toshiba,1990,F,8
1079590,Toshua,1990,F,8
1079591,Toyia,1990,F,8
1079592,Traneshia,1990,F,8
1079593,Treasa,1990,F,8
1079594,Trudie,1990,F,8
1079595,Tunisha,1990,F,8
1079596,Tychelle,1990,F,8
1079597,Tyishia,1990,F,8
1079598,Tyleshia,1990,F,8
1079599,Tymika,1990,F,8
1079600,Tyona,1990,F,8
1079601,Tyrea,1990,F,8
1079602,Tyshika,1990,F,8
1079603,Tytianna,1990,F,8
1079604,Tywanda,1990,F,8
1079605,Tzirel,1990,F,8
1079606,Uniqua,1990,F,8
1079607,Valecia,1990,F,8
1079608,Valissa,1990,F,8
1079609,Valyncia,1990,F,8
1079610,Vanassa,1990,F,8
1079611,Vanda,1990,F,8
1079612,Vanessia,1990,F,8
1079613,Varonica,1990,F,8
1079614,Venesha,1990,F,8
1079615,Venita,1990,F,8
1079616,Verenis,1990,F,8
1079617,Vesta,1990,F,8
1079618,Vilmarie,1990,F,8
1079619,Virgina,1990,F,8
1079620,Viviane,1990,F,8
1079621,Yaffa,1990,F,8
1079622,Yamili,1990,F,8
1079623,Yanel,1990,F,8
1079624,Yanelis,1990,F,8
1079625,Yarden,1990,F,8
1079626,Yasenia,1990,F,8
1079627,Yennifer,1990,F,8
1079628,Yovana,1990,F,8
1079629,Ysabel,1990,F,8
1079630,Yuli,1990,F,8
1079631,Yumiko,1990,F,8
1079632,Yury,1990,F,8
1079633,Yvett,1990,F,8
1079634,Zaina,1990,F,8
1079635,Zalika,1990,F,8
1079636,Zanita,1990,F,8
1079637,Zayda,1990,F,8
1079638,Zeenat,1990,F,8
1079639,Zenani,1990,F,8
1079640,Zohra,1990,F,8
1079641,Zora,1990,F,8
1079642,Abaigeal,1990,F,7
1079643,Abel,1990,F,7
1079644,Abeni,1990,F,7
1079645,Abi,1990,F,7
1079646,Abigal,1990,F,7
1079647,Abigayl,1990,F,7
1079648,Abree,1990,F,7
1079649,Abrina,1990,F,7
1079650,Adah,1990,F,7
1079651,Adaira,1990,F,7
1079652,Adaline,1990,F,7
1079653,Adana,1990,F,7
1079654,Aden,1990,F,7
1079655,Adenike,1990,F,7
1079656,Adrain,1990,F,7
1079657,Adriona,1990,F,7
1079658,Afshan,1990,F,7
1079659,Aften,1990,F,7
1079660,Ailea,1990,F,7
1079661,Aili,1990,F,7
1079662,Airika,1990,F,7
1079663,Aislyn,1990,F,7
1079664,Ajanae,1990,F,7
1079665,Akeena,1990,F,7
1079666,Akemi,1990,F,7
1079667,Akiya,1990,F,7
1079668,Alaisha,1990,F,7
1079669,Alaynna,1990,F,7
1079670,Alease,1990,F,7
1079671,Aleicia,1990,F,7
1079672,Alexandrya,1990,F,7
1079673,Alexxa,1990,F,7
1079674,Aliceson,1990,F,7
1079675,Aliciamarie,1990,F,7
1079676,Alinda,1990,F,7
1079677,Alisabeth,1990,F,7
1079678,Alisandra,1990,F,7
1079679,Aliscia,1990,F,7
1079680,Allecia,1990,F,7
1079681,Allexis,1990,F,7
1079682,Allina,1990,F,7
1079683,Allura,1990,F,7
1079684,Allyssia,1990,F,7
1079685,Almira,1990,F,7
1079686,Alondria,1990,F,7
1079687,Alpha,1990,F,7
1079688,Alvita,1990,F,7
1079689,Aly,1990,F,7
1079690,Alysson,1990,F,7
1079691,Alyzza,1990,F,7
1079692,Amamda,1990,F,7
1079693,Amana,1990,F,7
1079694,Amandamarie,1990,F,7
1079695,Amarachi,1990,F,7
1079696,Amberlie,1990,F,7
1079697,Amberrose,1990,F,7
1079698,Ambrielle,1990,F,7
1079699,Amerika,1990,F,7
1079700,Amita,1990,F,7
1079701,Amory,1990,F,7
1079702,Anaiz,1990,F,7
1079703,Analie,1990,F,7
1079704,Analis,1990,F,7
1079705,Analiz,1990,F,7
1079706,Analyn,1990,F,7
1079707,Andreal,1990,F,7
1079708,Andrian,1990,F,7
1079709,Ane,1990,F,7
1079710,Anecia,1990,F,7
1079711,Anessia,1990,F,7
1079712,Ange,1990,F,7
1079713,Angelamarie,1990,F,7
1079714,Angeleia,1990,F,7
1079715,Angellina,1990,F,7
1079716,Angila,1990,F,7
1079717,Anhthu,1990,F,7
1079718,Anique,1990,F,7
1079719,Anitha,1990,F,7
1079720,Annakaren,1990,F,7
1079721,Annaly,1990,F,7
1079722,Annalyssa,1990,F,7
1079723,Annelisa,1990,F,7
1079724,Annelle,1990,F,7
1079725,Anniesha,1990,F,7
1079726,Antigone,1990,F,7
1079727,Antoinetta,1990,F,7
1079728,Antonieta,1990,F,7
1079729,Antoninette,1990,F,7
1079730,Antonya,1990,F,7
1079731,Anu,1990,F,7
1079732,Aparna,1990,F,7
1079733,Appolonia,1990,F,7
1079734,Aprill,1990,F,7
1079735,Arah,1990,F,7
1079736,Ardiana,1990,F,7
1079737,Arionne,1990,F,7
1079738,Arista,1990,F,7
1079739,Arlett,1990,F,7
1079740,Arneisha,1990,F,7
1079741,Artina,1990,F,7
1079742,Asena,1990,F,7
1079743,Ashaley,1990,F,7
1079744,Asheli,1990,F,7
1079745,Ashleylynn,1990,F,7
1079746,Ashling,1990,F,7
1079747,Ashlynd,1990,F,7
1079748,Ashtan,1990,F,7
1079749,Ashunti,1990,F,7
1079750,Asti,1990,F,7
1079751,Atarah,1990,F,7
1079752,Atina,1990,F,7
1079753,Atisha,1990,F,7
1079754,Aubrianne,1990,F,7
1079755,Audrieanna,1990,F,7
1079756,Augustine,1990,F,7
1079757,Auri,1990,F,7
1079758,Austi,1990,F,7
1079759,Avion,1990,F,7
1079760,Aylissa,1990,F,7
1079761,Azita,1990,F,7
1079762,Balinda,1990,F,7
1079763,Barrett,1990,F,7
1079764,Beanna,1990,F,7
1079765,Bena,1990,F,7
1079766,Benisha,1990,F,7
1079767,Bereniz,1990,F,7
1079768,Bergen,1990,F,7
1079769,Betania,1990,F,7
1079770,Beyonka,1990,F,7
1079771,Bianco,1990,F,7
1079772,Bita,1990,F,7
1079773,Blakley,1990,F,7
1079774,Bobbiejo,1990,F,7
1079775,Bradleigh,1990,F,7
1079776,Brae,1990,F,7
1079777,Brandace,1990,F,7
1079778,Brandilee,1990,F,7
1079779,Brandye,1990,F,7
1079780,Breeona,1990,F,7
1079781,Breeonna,1990,F,7
1079782,Brendaliz,1990,F,7
1079783,Brenisha,1990,F,7
1079784,Brenn,1990,F,7
1079785,Breshawn,1990,F,7
1079786,Breunna,1990,F,7
1079787,Briani,1990,F,7
1079788,Brianni,1990,F,7
1079789,Briante,1990,F,7
1079790,Briar,1990,F,7
1079791,Brichelle,1990,F,7
1079792,Bridgid,1990,F,7
1079793,Brigetta,1990,F,7
1079794,Brigida,1990,F,7
1079795,Brigitta,1990,F,7
1079796,Britania,1990,F,7
1079797,Britleigh,1990,F,7
1079798,Brittiani,1990,F,7
1079799,Brittinay,1990,F,7
1079800,Brittinee,1990,F,7
1079801,Brittlyn,1990,F,7
1079802,Britttany,1990,F,7
1079803,Briyonna,1990,F,7
1079804,Brooklyne,1990,F,7
1079805,Bryanda,1990,F,7
1079806,Brytanie,1990,F,7
1079807,Brytney,1990,F,7
1079808,Brytni,1990,F,7
1079809,Cabrielle,1990,F,7
1079810,Cailen,1990,F,7
1079811,Cailie,1990,F,7
1079812,Calais,1990,F,7
1079813,Calee,1990,F,7
1079814,Calinda,1990,F,7
1079815,Callye,1990,F,7
1079816,Camee,1990,F,7
1079817,Cameryn,1990,F,7
1079818,Camia,1990,F,7
1079819,Candies,1990,F,7
1079820,Candiss,1990,F,7
1079821,Canishia,1990,F,7
1079822,Carlicia,1990,F,7
1079823,Carlota,1990,F,7
1079824,Carlyle,1990,F,7
1079825,Carneisha,1990,F,7
1079826,Carollynn,1990,F,7
1079827,Carshena,1990,F,7
1079828,Cartney,1990,F,7
1079829,Casy,1990,F,7
1079830,Cathryne,1990,F,7
1079831,Catlynn,1990,F,7
1079832,Cecelie,1990,F,7
1079833,Cecille,1990,F,7
1079834,Cedar,1990,F,7
1079835,Cedricka,1990,F,7
1079836,Celsey,1990,F,7
1079837,Ceria,1990,F,7
1079838,Cerria,1990,F,7
1079839,Cesarina,1990,F,7
1079840,Cesley,1990,F,7
1079841,Chakara,1990,F,7
1079842,Chalea,1990,F,7
1079843,Chaley,1990,F,7
1079844,Chalon,1990,F,7
1079845,Chanea,1990,F,7
1079846,Chaneka,1990,F,7
1079847,Chantella,1990,F,7
1079848,Chantise,1990,F,7
1079849,Charda,1990,F,7
1079850,Charlea,1990,F,7
1079851,Charlean,1990,F,7
1079852,Charlesetta,1990,F,7
1079853,Charlesia,1990,F,7
1079854,Charlita,1990,F,7
1079855,Charlsey,1990,F,7
1079856,Charmagne,1990,F,7
1079857,Charmin,1990,F,7
1079858,Charmine,1990,F,7
1079859,Charnese,1990,F,7
1079860,Charnika,1990,F,7
1079861,Charnita,1990,F,7
1079862,Charonda,1990,F,7
1079863,Charrell,1990,F,7
1079864,Charron,1990,F,7
1079865,Chasta,1990,F,7
1079866,Chaunice,1990,F,7
1079867,Chea,1990,F,7
1079868,Cheisea,1990,F,7
1079869,Chelisa,1990,F,7
1079870,Chenay,1990,F,7
1079871,Chenee,1990,F,7
1079872,Chequita,1990,F,7
1079873,Cheray,1990,F,7
1079874,Cherica,1990,F,7
1079875,Cheyla,1990,F,7
1079876,Cheynne,1990,F,7
1079877,Chidinma,1990,F,7
1079878,Chinelo,1990,F,7
1079879,Chinenye,1990,F,7
1079880,Chloee,1990,F,7
1079881,Chrisanna,1990,F,7
1079882,Chrishelle,1990,F,7
1079883,Chrislyn,1990,F,7
1079884,Christabelle,1990,F,7
1079885,Cielo,1990,F,7
1079886,Cinda,1990,F,7
1079887,Cintya,1990,F,7
1079888,Cipriana,1990,F,7
1079889,Collene,1990,F,7
1079890,Conesha,1990,F,7
1079891,Conisha,1990,F,7
1079892,Connor,1990,F,7
1079893,Constanza,1990,F,7
1079894,Corazon,1990,F,7
1079895,Cordie,1990,F,7
1079896,Corianna,1990,F,7
1079897,Corinda,1990,F,7
1079898,Corrissa,1990,F,7
1079899,Cortlyn,1990,F,7
1079900,Coua,1990,F,7
1079901,Courney,1990,F,7
1079902,Cressida,1990,F,7
1079903,Cristyn,1990,F,7
1079904,Crysten,1990,F,7
1079905,Crystin,1990,F,7
1079906,Cybill,1990,F,7
1079907,Cydne,1990,F,7
1079908,Cynthea,1990,F,7
1079909,Cyrena,1990,F,7
1079910,Cythia,1990,F,7
1079911,Daena,1990,F,7
1079912,Dagmar,1990,F,7
1079913,Daijah,1990,F,7
1079914,Dailyn,1990,F,7
1079915,Dalya,1990,F,7
1079916,Damariz,1990,F,7
1079917,Danecia,1990,F,7
1079918,Danell,1990,F,7
1079919,Danice,1990,F,7
1079920,Danira,1990,F,7
1079921,Danniele,1990,F,7
1079922,Dannyelle,1990,F,7
1079923,Danyal,1990,F,7
1079924,Daquisha,1990,F,7
1079925,Daquita,1990,F,7
1079926,Darcell,1990,F,7
1079927,Darneisha,1990,F,7
1079928,Darren,1990,F,7
1079929,Darshana,1990,F,7
1079930,Darylann,1990,F,7
1079931,Dashanna,1990,F,7
1079932,Dauna,1990,F,7
1079933,Davesha,1990,F,7
1079934,Davinia,1990,F,7
1079935,Davion,1990,F,7
1079936,Davonne,1990,F,7
1079937,Dawnisha,1990,F,7
1079938,Dea,1990,F,7
1079939,Deepti,1990,F,7
1079940,Deicy,1990,F,7
1079941,Dejanay,1990,F,7
1079942,Delainey,1990,F,7
1079943,Deliah,1990,F,7
1079944,Delisia,1990,F,7
1079945,Delorean,1990,F,7
1079946,Demita,1990,F,7
1079947,Denali,1990,F,7
1079948,Denaya,1990,F,7
1079949,Denell,1990,F,7
1079950,Denique,1990,F,7
1079951,Denishea,1990,F,7
1079952,Denys,1990,F,7
1079953,Desera,1990,F,7
1079954,Deshannon,1990,F,7
1079955,Destaney,1990,F,7
1079956,Destry,1990,F,7
1079957,Deundra,1990,F,7
1079958,Devine,1990,F,7
1079959,Devinee,1990,F,7
1079960,Devinn,1990,F,7
1079961,Devra,1990,F,7
1079962,Devri,1990,F,7
1079963,Dezeray,1990,F,7
1079964,Dian,1990,F,7
1079965,Diasy,1990,F,7
1079966,Dinisha,1990,F,7
1079967,Dominiqua,1990,F,7
1079968,Domnique,1990,F,7
1079969,Donae,1990,F,7
1079970,Doniece,1990,F,7
1079971,Donise,1990,F,7
1079972,Donnamarie,1990,F,7
1079973,Donnell,1990,F,7
1079974,Donte,1990,F,7
1079975,Donyell,1990,F,7
1079976,Doretta,1990,F,7
1079977,Dory,1990,F,7
1079978,Dustina,1990,F,7
1079979,Dwayna,1990,F,7
1079980,Dwayne,1990,F,7
1079981,Dyanne,1990,F,7
1079982,Earline,1990,F,7
1079983,Elain,1990,F,7
1079984,Eleen,1990,F,7
1079985,Elektra,1990,F,7
1079986,Elene,1990,F,7
1079987,Elenora,1990,F,7
1079988,Elis,1990,F,7
1079989,Elizibeth,1990,F,7
1079990,Ellee,1990,F,7
1079991,Ellison,1990,F,7
1079992,Elodia,1990,F,7
1079993,Elon,1990,F,7
1079994,Elvina,1990,F,7
1079995,Elyn,1990,F,7
1079996,Elyshia,1990,F,7
1079997,Elyzabeth,1990,F,7
1079998,Erianna,1990,F,7
1079999,Erine,1990,F,7
1080000,Erum,1990,F,7
1080001,Esme,1990,F,7
1080002,Esperansa,1990,F,7
1080003,Esra,1990,F,7
1080004,Estefana,1990,F,7
1080005,Etienne,1990,F,7
1080006,Eudora,1990,F,7
1080007,Eunise,1990,F,7
1080008,Faiga,1990,F,7
1080009,Faline,1990,F,7
1080010,Fanta,1990,F,7
1080011,Farha,1990,F,7
1080012,Farida,1990,F,7
1080013,Faron,1990,F,7
1080014,Fatmata,1990,F,7
1080015,Felesha,1990,F,7
1080016,Felicha,1990,F,7
1080017,Ferrin,1990,F,7
1080018,Filomena,1990,F,7
1080019,Franchelle,1990,F,7
1080020,Freddie,1990,F,7
1080021,Gabbrielle,1990,F,7
1080022,Gaia,1990,F,7
1080023,Garnet,1990,F,7
1080024,Genell,1990,F,7
1080025,Genevive,1990,F,7
1080026,Genisis,1990,F,7
1080027,Georgeanna,1990,F,7
1080028,Gerilyn,1990,F,7
1080029,Gerry,1990,F,7
1080030,Gizel,1990,F,7
1080031,Glennisha,1990,F,7
1080032,Gloriana,1990,F,7
1080033,Gloriann,1990,F,7
1080034,Gracelyn,1990,F,7
1080035,Grayce,1990,F,7
1080036,Grizelda,1990,F,7
1080037,Gurpreet,1990,F,7
1080038,Haja,1990,F,7
1080039,Halina,1990,F,7
1080040,Hally,1990,F,7
1080041,Harmonie,1990,F,7
1080042,Havilah,1990,F,7
1080043,Heavenleigh,1990,F,7
1080044,Hema,1990,F,7
1080045,Hendy,1990,F,7
1080046,Hiliana,1990,F,7
1080047,Hiromi,1990,F,7
1080048,Holliann,1990,F,7
1080049,Hye,1990,F,7
1080050,Iasia,1990,F,7
1080051,Ikeisha,1990,F,7
1080052,Ileah,1990,F,7
1080053,Ilyana,1990,F,7
1080054,Indea,1990,F,7
1080055,Inesha,1990,F,7
1080056,Iqra,1990,F,7
1080057,Islam,1990,F,7
1080058,Ismelda,1990,F,7
1080059,Isolina,1990,F,7
1080060,Italy,1990,F,7
1080061,Itza,1990,F,7
1080062,Itzamar,1990,F,7
1080063,Iwalani,1990,F,7
1080064,Ixchel,1990,F,7
1080065,Izabel,1990,F,7
1080066,Jacara,1990,F,7
1080067,Jackelyne,1990,F,7
1080068,Jackline,1990,F,7
1080069,Jacquelle,1990,F,7
1080070,Jacquelline,1990,F,7
1080071,Jacquia,1990,F,7
1080072,Jaelynn,1990,F,7
1080073,Jahira,1990,F,7
1080074,Jai,1990,F,7
1080075,Jaimy,1990,F,7
1080076,Jaine,1990,F,7
1080077,Jakarra,1990,F,7
1080078,Jakeia,1990,F,7
1080079,Jakeisha,1990,F,7
1080080,Jaklyn,1990,F,7
1080081,Jaleena,1990,F,7
1080082,Jalonda,1990,F,7
1080083,Jamaria,1990,F,7
1080084,Jamarra,1990,F,7
1080085,Jame,1990,F,7
1080086,Jameia,1990,F,7
1080087,Jamera,1990,F,7
1080088,Jamilynn,1990,F,7
1080089,Jamin,1990,F,7
1080090,Jammi,1990,F,7
1080091,Janan,1990,F,7
1080092,Janeese,1990,F,7
1080093,Janiris,1990,F,7
1080094,Japonica,1990,F,7
1080095,Jaquesha,1990,F,7
1080096,Jaselyn,1990,F,7
1080097,Jasha,1990,F,7
1080098,Jasmere,1990,F,7
1080099,Jatanna,1990,F,7
1080100,Javonni,1990,F,7
1080101,Jawanna,1990,F,7
1080102,Jayce,1990,F,7
1080103,Jayden,1990,F,7
1080104,Jaye,1990,F,7
1080105,Jaysha,1990,F,7
1080106,Jazma,1990,F,7
1080107,Jazzie,1990,F,7
1080108,Jazzma,1990,F,7
1080109,Jelecia,1990,F,7
1080110,Jenalyn,1990,F,7
1080111,Jenan,1990,F,7
1080112,Jenilyn,1990,F,7
1080113,Jennalyn,1990,F,7
1080114,Jenney,1990,F,7
1080115,Jennfier,1990,F,7
1080116,Jennice,1990,F,7
1080117,Jennika,1990,F,7
1080118,Jenyfer,1990,F,7
1080119,Jeree,1990,F,7
1080120,Jerikka,1990,F,7
1080121,Jerissa,1990,F,7
1080122,Jerlisha,1990,F,7
1080123,Jerrilynn,1990,F,7
1080124,Jerusalem,1990,F,7
1080125,Jesenya,1990,F,7
1080126,Jesmine,1990,F,7
1080127,Jessic,1990,F,7
1080128,Jesstina,1990,F,7
1080129,Jettie,1990,F,7
1080130,Jevon,1990,F,7
1080131,Jherica,1990,F,7
1080132,Jia,1990,F,7
1080133,Jigna,1990,F,7
1080134,Jimesha,1990,F,7
1080135,Jisel,1990,F,7
1080136,Jlisa,1990,F,7
1080137,Jnae,1990,F,7
1080138,Jocabed,1990,F,7
1080139,Jocilyn,1990,F,7
1080140,Joeann,1990,F,7
1080141,Joellyn,1990,F,7
1080142,Johann,1990,F,7
1080143,Johnica,1990,F,7
1080144,Johniece,1990,F,7
1080145,Johnni,1990,F,7
1080146,Johntae,1990,F,7
1080147,Jonah,1990,F,7
1080148,Jonalyn,1990,F,7
1080149,Jonette,1990,F,7
1080150,Jordi,1990,F,7
1080151,Josalin,1990,F,7
1080152,Joshalyn,1990,F,7
1080153,Josslyn,1990,F,7
1080154,Jourden,1990,F,7
1080155,Jovani,1990,F,7
1080156,Jowanna,1990,F,7
1080157,Joylyn,1990,F,7
1080158,Jozie,1990,F,7
1080159,Jozlyn,1990,F,7
1080160,Juanisha,1990,F,7
1080161,Judyth,1990,F,7
1080162,Julisha,1990,F,7
1080163,Julitza,1990,F,7
1080164,Junell,1990,F,7
1080165,Junko,1990,F,7
1080166,Kade,1990,F,7
1080167,Kahlie,1990,F,7
1080168,Kaiesha,1990,F,7
1080169,Kaitlain,1990,F,7
1080170,Kaiulani,1990,F,7
1080171,Kalae,1990,F,7
1080172,Kalana,1990,F,7
1080173,Kalista,1990,F,7
1080174,Kalita,1990,F,7
1080175,Kameelah,1990,F,7
1080176,Kamiya,1990,F,7
1080177,Kamra,1990,F,7
1080178,Kamrie,1990,F,7
1080179,Kanae,1990,F,7
1080180,Kandee,1990,F,7
1080181,Kanishia,1990,F,7
1080182,Karel,1990,F,7
1080183,Karene,1990,F,7
1080184,Karlin,1990,F,7
1080185,Karlisha,1990,F,7
1080186,Karlynn,1990,F,7
1080187,Karmyn,1990,F,7
1080188,Karren,1990,F,7
1080189,Kashae,1990,F,7
1080190,Kashay,1990,F,7
1080191,Kashena,1990,F,7
1080192,Kasidy,1990,F,7
1080193,Katelind,1990,F,7
1080194,Kathaleen,1990,F,7
1080195,Katianne,1990,F,7
1080196,Katiya,1990,F,7
1080197,Katoria,1990,F,7
1080198,Katrese,1990,F,7
1080199,Katriana,1990,F,7
1080200,Katrinia,1990,F,7
1080201,Kayelee,1990,F,7
1080202,Kayelyn,1990,F,7
1080203,Kaysea,1990,F,7
1080204,Kazia,1990,F,7
1080205,Keah,1990,F,7
1080206,Kealey,1990,F,7
1080207,Kebra,1990,F,7
1080208,Keelan,1990,F,7
1080209,Keelyn,1990,F,7
1080210,Keerstin,1990,F,7
1080211,Keilani,1990,F,7
1080212,Keili,1990,F,7
1080213,Keily,1990,F,7
1080214,Keisa,1990,F,7
1080215,Keitha,1990,F,7
1080216,Kejuana,1990,F,7
1080217,Kelbi,1990,F,7
1080218,Kella,1990,F,7
1080219,Kelsha,1990,F,7
1080220,Kelvina,1990,F,7
1080221,Kelyn,1990,F,7
1080222,Kendle,1990,F,7
1080223,Kendyll,1990,F,7
1080224,Keneesha,1990,F,7
1080225,Kenika,1990,F,7
1080226,Kenneshia,1990,F,7
1080227,Kenny,1990,F,7
1080228,Kennya,1990,F,7
1080229,Kenyatte,1990,F,7
1080230,Kenyette,1990,F,7
1080231,Kenyon,1990,F,7
1080232,Kenyona,1990,F,7
1080233,Kerina,1990,F,7
1080234,Kerrigan,1990,F,7
1080235,Keshanna,1990,F,7
1080236,Keshonda,1990,F,7
1080237,Kewanda,1990,F,7
1080238,Keydra,1990,F,7
1080239,Khadeja,1990,F,7
1080240,Khali,1990,F,7
1080241,Khiry,1990,F,7
1080242,Khrystyn,1990,F,7
1080243,Kieonna,1990,F,7
1080244,Kierah,1990,F,7
1080245,Kierre,1990,F,7
1080246,Kiffany,1990,F,7
1080247,Kileen,1990,F,7
1080248,Kimanh,1990,F,7
1080249,Kimberlyanne,1990,F,7
1080250,Kinzi,1990,F,7
1080251,Kirandeep,1990,F,7
1080252,Kiristen,1990,F,7
1080253,Kirra,1990,F,7
1080254,Kirston,1990,F,7
1080255,Kista,1990,F,7
1080256,Klaudia,1990,F,7
1080257,Konisha,1990,F,7
1080258,Krisanne,1990,F,7
1080259,Krissie,1990,F,7
1080260,Kristien,1990,F,7
1080261,Kryssa,1990,F,7
1080262,Krysteena,1990,F,7
1080263,Krystiana,1990,F,7
1080264,Ky,1990,F,7
1080265,Kylei,1990,F,7
1080266,Kynisha,1990,F,7
1080267,Kysa,1990,F,7
1080268,Labria,1990,F,7
1080269,Lacara,1990,F,7
1080270,Lachae,1990,F,7
1080271,Lacreshia,1990,F,7
1080272,Ladasha,1990,F,7
1080273,Ladaysha,1990,F,7
1080274,Ladeana,1990,F,7
1080275,Lainee,1990,F,7
1080276,Lakara,1990,F,7
1080277,Lakera,1990,F,7
1080278,Lakina,1990,F,7
1080279,Lakishia,1990,F,7
1080280,Lakya,1990,F,7
1080281,Lama,1990,F,7
1080282,Lamonda,1990,F,7
1080283,Laneesha,1990,F,7
1080284,Laneka,1990,F,7
1080285,Laquandria,1990,F,7
1080286,Laquashia,1990,F,7
1080287,Laquaysha,1990,F,7
1080288,Laquia,1990,F,7
1080289,Laquida,1990,F,7
1080290,Laquinda,1990,F,7
1080291,Laquishia,1990,F,7
1080292,Larah,1990,F,7
1080293,Laraya,1990,F,7
1080294,Laresa,1990,F,7
1080295,Lashala,1990,F,7
1080296,Lashaye,1990,F,7
1080297,Lashira,1990,F,7
1080298,Lashonte,1990,F,7
1080299,Latalia,1990,F,7
1080300,Latese,1990,F,7
1080301,Latesia,1990,F,7
1080302,Latessa,1990,F,7
1080303,Latima,1990,F,7
1080304,Lativia,1990,F,7
1080305,Latrell,1990,F,7
1080306,Latriece,1990,F,7
1080307,Latrivia,1990,F,7
1080308,Lauralyn,1990,F,7
1080309,Laurinda,1990,F,7
1080310,Lauron,1990,F,7
1080311,Lavender,1990,F,7
1080312,Lavetta,1990,F,7
1080313,Lavren,1990,F,7
1080314,Laytoya,1990,F,7
1080315,Leane,1990,F,7
1080316,Lecia,1990,F,7
1080317,Ledonna,1990,F,7
1080318,Lenny,1990,F,7
1080319,Leonarda,1990,F,7
1080320,Lerin,1990,F,7
1080321,Leshae,1990,F,7
1080322,Leshelle,1990,F,7
1080323,Lessly,1990,F,7
1080324,Letesha,1990,F,7
1080325,Levi,1990,F,7
1080326,Lexia,1990,F,7
1080327,Licet,1990,F,7
1080328,Liesha,1990,F,7
1080329,Lilith,1990,F,7
1080330,Lilla,1990,F,7
1080331,Lillianna,1990,F,7
1080332,Lindey,1990,F,7
1080333,Linsy,1990,F,7
1080334,Lizmarie,1990,F,7
1080335,Logann,1990,F,7
1080336,Loreli,1990,F,7
1080337,Loriana,1990,F,7
1080338,Loris,1990,F,7
1080339,Lorita,1990,F,7
1080340,Luke,1990,F,7
1080341,Lusia,1990,F,7
1080342,Lyann,1990,F,7
1080343,Lyda,1990,F,7
1080344,Lyndy,1990,F,7
1080345,Lynnelle,1990,F,7
1080346,Lynnlee,1990,F,7
1080347,Lynsee,1990,F,7
1080348,Lyra,1990,F,7
1080349,Maciel,1990,F,7
1080350,Mackenzy,1990,F,7
1080351,Madalena,1990,F,7
1080352,Magalie,1990,F,7
1080353,Maghen,1990,F,7
1080354,Mahsa,1990,F,7
1080355,Maila,1990,F,7
1080356,Malaina,1990,F,7
1080357,Malaya,1990,F,7
1080358,Malayna,1990,F,7
1080359,Mallie,1990,F,7
1080360,Mallika,1990,F,7
1080361,Maloree,1990,F,7
1080362,Manami,1990,F,7
1080363,Mansi,1990,F,7
1080364,Marc,1990,F,7
1080365,Marella,1990,F,7
1080366,Margarete,1990,F,7
1080367,Mariane,1990,F,7
1080368,Marianita,1990,F,7
1080369,Maribell,1990,F,7
1080370,Maridith,1990,F,7
1080371,Mariea,1990,F,7
1080372,Mariessa,1990,F,7
1080373,Marieta,1990,F,7
1080374,Marilena,1990,F,7
1080375,Markea,1990,F,7
1080376,Marlinda,1990,F,7
1080377,Marline,1990,F,7
1080378,Marnesha,1990,F,7
1080379,Marney,1990,F,7
1080380,Marnisha,1990,F,7
1080381,Marqui,1990,F,7
1080382,Marra,1990,F,7
1080383,Marshaye,1990,F,7
1080384,Marshea,1990,F,7
1080385,Martrice,1990,F,7
1080386,Marvin,1990,F,7
1080387,Marvina,1990,F,7
1080388,Marycarmen,1990,F,7
1080389,Maryclaire,1990,F,7
1080390,Maryclare,1990,F,7
1080391,Mashayla,1990,F,7
1080392,Mashell,1990,F,7
1080393,Matasha,1990,F,7
1080394,Matea,1990,F,7
1080395,Mathilde,1990,F,7
1080396,Maury,1990,F,7
1080397,Mavel,1990,F,7
1080398,Maxwell,1990,F,7
1080399,Mayah,1990,F,7
1080400,Mayan,1990,F,7
1080401,Mayia,1990,F,7
1080402,Mayme,1990,F,7
1080403,Measha,1990,F,7
1080404,Mechell,1990,F,7
1080405,Meghana,1990,F,7
1080406,Meliss,1990,F,7
1080407,Mena,1990,F,7
1080408,Menucha,1990,F,7
1080409,Mercedee,1990,F,7
1080410,Mercedies,1990,F,7
1080411,Meredyth,1990,F,7
1080412,Merlyn,1990,F,7
1080413,Merna,1990,F,7
1080414,Merrisa,1990,F,7
1080415,Mersedes,1990,F,7
1080416,Meta,1990,F,7
1080417,Meuy,1990,F,7
1080418,Micaella,1990,F,7
1080419,Micaiah,1990,F,7
1080420,Michale,1990,F,7
1080421,Michalle,1990,F,7
1080422,Michelin,1990,F,7
1080423,Michellee,1990,F,7
1080424,Mickelle,1990,F,7
1080425,Mieka,1990,F,7
1080426,Mikenna,1990,F,7
1080427,Mikeya,1990,F,7
1080428,Mikhaela,1990,F,7
1080429,Mili,1990,F,7
1080430,Milira,1990,F,7
1080431,Milisa,1990,F,7
1080432,Milka,1990,F,7
1080433,Mirel,1990,F,7
1080434,Mistee,1990,F,7
1080435,Monike,1990,F,7
1080436,Monserrath,1990,F,7
1080437,Moraima,1990,F,7
1080438,Moreen,1990,F,7
1080439,Morganna,1990,F,7
1080440,Moria,1990,F,7
1080441,Muriah,1990,F,7
1080442,Myeasha,1990,F,7
1080443,Myrtha,1990,F,7
1080444,Na,1990,F,7
1080445,Nabilah,1990,F,7
1080446,Nahal,1990,F,7
1080447,Najja,1990,F,7
1080448,Nakeia,1990,F,7
1080449,Nandini,1990,F,7
1080450,Naquisha,1990,F,7
1080451,Nara,1990,F,7
1080452,Nashea,1990,F,7
1080453,Nasia,1990,F,7
1080454,Natavia,1990,F,7
1080455,Nattalie,1990,F,7
1080456,Naveen,1990,F,7
1080457,Nayda,1990,F,7
1080458,Nayra,1990,F,7
1080459,Nea,1990,F,7
1080460,Neasha,1990,F,7
1080461,Neeka,1990,F,7
1080462,Nehal,1990,F,7
1080463,Nekesha,1990,F,7
1080464,Nelda,1990,F,7
1080465,Nelissa,1990,F,7
1080466,Nelsy,1990,F,7
1080467,Nguyet,1990,F,7
1080468,Nickita,1990,F,7
1080469,Nieisha,1990,F,7
1080470,Nieka,1990,F,7
1080471,Nikaela,1990,F,7
1080472,Nikelle,1990,F,7
1080473,Nisreen,1990,F,7
1080474,Noami,1990,F,7
1080475,Nocole,1990,F,7
1080476,Noele,1990,F,7
1080477,Noely,1990,F,7
1080478,Nohelia,1990,F,7
1080479,Nohemy,1990,F,7
1080480,Noora,1990,F,7
1080481,Novella,1990,F,7
1080482,Nychelle,1990,F,7
1080483,Nykeisha,1990,F,7
1080484,Nyra,1990,F,7
1080485,Obdulia,1990,F,7
1080486,Octivia,1990,F,7
1080487,Pablo,1990,F,7
1080488,Pagie,1990,F,7
1080489,Pamella,1990,F,7
1080490,Parissa,1990,F,7
1080491,Pascale,1990,F,7
1080492,Patra,1990,F,7
1080493,Patrece,1990,F,7
1080494,Pavielle,1990,F,7
1080495,Paz,1990,F,7
1080496,Perel,1990,F,7
1080497,Perrie,1990,F,7
1080498,Phoenicia,1990,F,7
1080499,Pierre,1990,F,7
1080500,Polette,1990,F,7
1080501,Porchae,1990,F,7
1080502,Preethi,1990,F,7
1080503,Priscillia,1990,F,7
1080504,Priti,1990,F,7
1080505,Quantasia,1990,F,7
1080506,Quantina,1990,F,7
1080507,Quenna,1990,F,7
1080508,Quinita,1990,F,7
1080509,Racquelle,1990,F,7
1080510,Raegen,1990,F,7
1080511,Raelle,1990,F,7
1080512,Ragen,1990,F,7
1080513,Raha,1990,F,7
1080514,Raini,1990,F,7
1080515,Ramanda,1990,F,7
1080516,Ramesha,1990,F,7
1080517,Ramonda,1990,F,7
1080518,Ramonita,1990,F,7
1080519,Rashauna,1990,F,7
1080520,Rashita,1990,F,7
1080521,Rayana,1990,F,7
1080522,Raye,1990,F,7
1080523,Rayelle,1990,F,7
1080524,Rayonna,1990,F,7
1080525,Reghan,1990,F,7
1080526,Rei,1990,F,7
1080527,Rekita,1990,F,7
1080528,Remona,1990,F,7
1080529,Renada,1990,F,7
1080530,Rendi,1990,F,7
1080531,Reneasha,1990,F,7
1080532,Renetta,1990,F,7
1080533,Renise,1990,F,7
1080534,Rhema,1990,F,7
1080535,Rickeshia,1990,F,7
1080536,Rickeya,1990,F,7
1080537,Rihana,1990,F,7
1080538,Riya,1990,F,7
1080539,Riza,1990,F,7
1080540,Roanna,1990,F,7
1080541,Robinette,1990,F,7
1080542,Robyne,1990,F,7
1080543,Rockell,1990,F,7
1080544,Rodney,1990,F,7
1080545,Rodnisha,1990,F,7
1080546,Roger,1990,F,7
1080547,Roman,1990,F,7
1080548,Ronecia,1990,F,7
1080549,Rosaisela,1990,F,7
1080550,Rosaly,1990,F,7
1080551,Roshani,1990,F,7
1080552,Rosi,1990,F,7
1080553,Rosia,1990,F,7
1080554,Rosibel,1990,F,7
1080555,Rupal,1990,F,7
1080556,Ruthanna,1990,F,7
1080557,Sabeen,1990,F,7
1080558,Sabel,1990,F,7
1080559,Sabrinna,1990,F,7
1080560,Sachet,1990,F,7
1080561,Sahra,1990,F,7
1080562,Sakara,1990,F,7
1080563,Sakoya,1990,F,7
1080564,Samaiyah,1990,F,7
1080565,Samarah,1990,F,7
1080566,Samari,1990,F,7
1080567,Samarra,1990,F,7
1080568,Samika,1990,F,7
1080569,Samiyyah,1990,F,7
1080570,Samyra,1990,F,7
1080571,Sanantha,1990,F,7
1080572,Sanisha,1990,F,7
1080573,Saquana,1990,F,7
1080574,Sarahlynn,1990,F,7
1080575,Sarahmarie,1990,F,7
1080576,Sarajane,1990,F,7
1080577,Sarajean,1990,F,7
1080578,Saren,1990,F,7
1080579,Sarie,1990,F,7
1080580,Sarin,1990,F,7
1080581,Saron,1990,F,7
1080582,Saryn,1990,F,7
1080583,Saul,1990,F,7
1080584,Savannha,1990,F,7
1080585,Sayda,1990,F,7
1080586,Sedona,1990,F,7
1080587,Seham,1990,F,7
1080588,Sela,1990,F,7
1080589,Selamawit,1990,F,7
1080590,Selby,1990,F,7
1080591,Selica,1990,F,7
1080592,Selin,1990,F,7
1080593,Selyna,1990,F,7
1080594,Sequita,1990,F,7
1080595,Shaasia,1990,F,7
1080596,Shacola,1990,F,7
1080597,Shadreka,1990,F,7
1080598,Shailee,1990,F,7
1080599,Shakea,1990,F,7
1080600,Shakeeta,1990,F,7
1080601,Shakesha,1990,F,7
1080602,Shakeshia,1990,F,7
1080603,Shalai,1990,F,7
1080604,Shalan,1990,F,7
1080605,Shalika,1990,F,7
1080606,Shallon,1990,F,7
1080607,Shalom,1990,F,7
1080608,Shalondra,1990,F,7
1080609,Shamanda,1990,F,7
1080610,Shamar,1990,F,7
1080611,Shamarah,1990,F,7
1080612,Shamarra,1990,F,7
1080613,Shamiya,1990,F,7
1080614,Shamra,1990,F,7
1080615,Shanade,1990,F,7
1080616,Shandalyn,1990,F,7
1080617,Shandon,1990,F,7
1080618,Shandrell,1990,F,7
1080619,Shaneiqua,1990,F,7
1080620,Shaneisha,1990,F,7
1080621,Shanena,1990,F,7
1080622,Shanikia,1990,F,7
1080623,Shanina,1990,F,7
1080624,Shannay,1990,F,7
1080625,Shannin,1990,F,7
1080626,Shantai,1990,F,7
1080627,Shantall,1990,F,7
1080628,Shanterra,1990,F,7
1080629,Shanya,1990,F,7
1080630,Shaqunna,1990,F,7
1080631,Shaquona,1990,F,7
1080632,Shaquonna,1990,F,7
1080633,Shar,1990,F,7
1080634,Sharain,1990,F,7
1080635,Shardell,1990,F,7
1080636,Sharesse,1990,F,7
1080637,Sharisa,1990,F,7
1080638,Sharlena,1990,F,7
1080639,Sharmeka,1990,F,7
1080640,Sharmel,1990,F,7
1080641,Sharonna,1990,F,7
1080642,Sharrie,1990,F,7
1080643,Sharronda,1990,F,7
1080644,Shataria,1990,F,7
1080645,Shaunya,1990,F,7
1080646,Shavondra,1990,F,7
1080647,Shawnah,1990,F,7
1080648,Shawndreka,1990,F,7
1080649,Shawnell,1990,F,7
1080650,Shawnese,1990,F,7
1080651,Shayle,1990,F,7
1080652,Shaylea,1990,F,7
1080653,Sheala,1990,F,7
1080654,Sheanna,1990,F,7
1080655,Sheilah,1990,F,7
1080656,Shekela,1990,F,7
1080657,Shekeria,1990,F,7
1080658,Sheli,1990,F,7
1080659,Shemeika,1990,F,7
1080660,Shemiah,1990,F,7
1080661,Shenandoah,1990,F,7
1080662,Shene,1990,F,7
1080663,Shenetra,1990,F,7
1080664,Shenicka,1990,F,7
1080665,Sherea,1990,F,7
1080666,Sherlonda,1990,F,7
1080667,Shernell,1990,F,7
1080668,Sherryl,1990,F,7
1080669,Sheryle,1990,F,7
1080670,Sheyna,1990,F,7
1080671,Shinece,1990,F,7
1080672,Shivonne,1990,F,7
1080673,Shonika,1990,F,7
1080674,Shoniqua,1990,F,7
1080675,Shontrell,1990,F,7
1080676,Shulamit,1990,F,7
1080677,Shundrea,1990,F,7
1080678,Shundreka,1990,F,7
1080679,Shuree,1990,F,7
1080680,Shy,1990,F,7
1080681,Shyan,1990,F,7
1080682,Sidnee,1990,F,7
1080683,Sieara,1990,F,7
1080684,Silvina,1990,F,7
1080685,Sinea,1990,F,7
1080686,Siobahn,1990,F,7
1080687,Sirenia,1990,F,7
1080688,Sita,1990,F,7
1080689,Sofie,1990,F,7
1080690,Solina,1990,F,7
1080691,Solita,1990,F,7
1080692,Soni,1990,F,7
1080693,Soyla,1990,F,7
1080694,Starlynn,1990,F,7
1080695,Stefane,1990,F,7
1080696,Stephanny,1990,F,7
1080697,Stewart,1990,F,7
1080698,Stpehanie,1990,F,7
1080699,Sueanne,1990,F,7
1080700,Suraya,1990,F,7
1080701,Sutton,1990,F,7
1080702,Sydny,1990,F,7
1080703,Synetra,1990,F,7
1080704,Tabathia,1990,F,7
1080705,Tabita,1990,F,7
1080706,Tachina,1990,F,7
1080707,Tacoya,1990,F,7
1080708,Tahani,1990,F,7
1080709,Taiwo,1990,F,7
1080710,Takima,1990,F,7
1080711,Taleen,1990,F,7
1080712,Taleena,1990,F,7
1080713,Talesa,1990,F,7
1080714,Taletha,1990,F,7
1080715,Talyia,1990,F,7
1080716,Talysha,1990,F,7
1080717,Tamie,1990,F,7
1080718,Tamikia,1990,F,7
1080719,Tamila,1990,F,7
1080720,Tamrah,1990,F,7
1080721,Tanai,1990,F,7
1080722,Tanda,1990,F,7
1080723,Tandi,1990,F,7
1080724,Tanecia,1990,F,7
1080725,Taneil,1990,F,7
1080726,Taneya,1990,F,7
1080727,Tang,1990,F,7
1080728,Tanica,1990,F,7
1080729,Tanicia,1990,F,7
1080730,Tanieka,1990,F,7
1080731,Tannya,1990,F,7
1080732,Tanysha,1990,F,7
1080733,Taquanda,1990,F,7
1080734,Tarae,1990,F,7
1080735,Tasherra,1990,F,7
1080736,Tasmine,1990,F,7
1080737,Tasnim,1990,F,7
1080738,Tatia,1990,F,7
1080739,Tatiyana,1990,F,7
1080740,Tauna,1990,F,7
1080741,Taylormarie,1990,F,7
1080742,Tejal,1990,F,7
1080743,Tekeya,1990,F,7
1080744,Temekia,1990,F,7
1080745,Temple,1990,F,7
1080746,Tenessa,1990,F,7
1080747,Tenna,1990,F,7
1080748,Tennille,1990,F,7
1080749,Tequita,1990,F,7
1080750,Terriann,1990,F,7
1080751,Terrilynn,1990,F,7
1080752,Teshara,1990,F,7
1080753,Thara,1990,F,7
1080754,Theodosia,1990,F,7
1080755,Thersa,1990,F,7
1080756,Thomisha,1990,F,7
1080757,Tiane,1990,F,7
1080758,Tieisha,1990,F,7
1080759,Tifanie,1990,F,7
1080760,Tiffanyann,1990,F,7
1080761,Tiffine,1990,F,7
1080762,Tiffinee,1990,F,7
1080763,Tiler,1990,F,7
1080764,Timeshia,1990,F,7
1080765,Tinia,1990,F,7
1080766,Tinna,1990,F,7
1080767,Tiquana,1990,F,7
1080768,Tishawn,1990,F,7
1080769,Tisheena,1990,F,7
1080770,Titilayo,1990,F,7
1080771,Tiyanna,1990,F,7
1080772,Tiyonna,1990,F,7
1080773,Todd,1990,F,7
1080774,Tomasita,1990,F,7
1080775,Tomorrow,1990,F,7
1080776,Tone,1990,F,7
1080777,Toneisha,1990,F,7
1080778,Toneshia,1990,F,7
1080779,Tonesia,1990,F,7
1080780,Tonita,1990,F,7
1080781,Topacio,1990,F,7
1080782,Totiana,1990,F,7
1080783,Trachelle,1990,F,7
1080784,Trana,1990,F,7
1080785,Tranice,1990,F,7
1080786,Trashawn,1990,F,7
1080787,Tremeka,1990,F,7
1080788,Trenecia,1990,F,7
1080789,Trevia,1990,F,7
1080790,Trey,1990,F,7
1080791,Trichelle,1990,F,7
1080792,Trinisha,1990,F,7
1080793,Trishana,1990,F,7
1080794,Trudi,1990,F,7
1080795,Trupti,1990,F,7
1080796,Tucker,1990,F,7
1080797,Twanna,1990,F,7
1080798,Tyfani,1990,F,7
1080799,Tyffani,1990,F,7
1080800,Tykeria,1990,F,7
1080801,Tykisha,1990,F,7
1080802,Tylesha,1990,F,7
1080803,Tylynn,1990,F,7
1080804,Tyquana,1990,F,7
1080805,Tyricka,1990,F,7
1080806,Tyrie,1990,F,7
1080807,Tyshea,1990,F,7
1080808,Tysheka,1990,F,7
1080809,Tywana,1990,F,7
1080810,Tywanna,1990,F,7
1080811,Ugochi,1990,F,7
1080812,Urania,1990,F,7
1080813,Valisa,1990,F,7
1080814,Vallery,1990,F,7
1080815,Vanisa,1990,F,7
1080816,Vanny,1990,F,7
1080817,Varsha,1990,F,7
1080818,Vasti,1990,F,7
1080819,Verda,1990,F,7
1080820,Veronnica,1990,F,7
1080821,Vesna,1990,F,7
1080822,Vickey,1990,F,7
1080823,Vicktoria,1990,F,7
1080824,Victorian,1990,F,7
1080825,Victory,1990,F,7
1080826,Vinessa,1990,F,7
1080827,Violette,1990,F,7
1080828,Virgen,1990,F,7
1080829,Vivan,1990,F,7
1080830,Wai,1990,F,7
1080831,Walter,1990,F,7
1080832,Waynesha,1990,F,7
1080833,Willisha,1990,F,7
1080834,Xavia,1990,F,7
1080835,Xuan,1990,F,7
1080836,Yaira,1990,F,7
1080837,Yajayra,1990,F,7
1080838,Yakira,1990,F,7
1080839,Yalanda,1990,F,7
1080840,Yamilett,1990,F,7
1080841,Yamilette,1990,F,7
1080842,Yaminah,1990,F,7
1080843,Yanelly,1990,F,7
1080844,Yanika,1990,F,7
1080845,Yardley,1990,F,7
1080846,Yeny,1990,F,7
1080847,Yoo,1990,F,7
1080848,Yoselyn,1990,F,7
1080849,Yudith,1990,F,7
1080850,Yukiko,1990,F,7
1080851,Yuridiana,1990,F,7
1080852,Zandrea,1990,F,7
1080853,Zane,1990,F,7
1080854,Zanna,1990,F,7
1080855,Aariel,1990,F,6
1080856,Aarion,1990,F,6
1080857,Abagael,1990,F,6
1080858,Abbye,1990,F,6
1080859,Abiola,1990,F,6
1080860,Abreanna,1990,F,6
1080861,Abygail,1990,F,6
1080862,Acadia,1990,F,6
1080863,Adilenne,1990,F,6
1080864,Adriena,1990,F,6
1080865,Adrine,1990,F,6
1080866,Aerica,1990,F,6
1080867,Afifa,1990,F,6
1080868,Afrika,1990,F,6
1080869,Agueda,1990,F,6
1080870,Ahley,1990,F,6
1080871,Ahsaki,1990,F,6
1080872,Aidel,1990,F,6
1080873,Ainslee,1990,F,6
1080874,Airam,1990,F,6
1080875,Airiel,1990,F,6
1080876,Akiah,1990,F,6
1080877,Alahna,1990,F,6
1080878,Alane,1990,F,6
1080879,Alanea,1990,F,6
1080880,Alashia,1990,F,6
1080881,Alasia,1990,F,6
1080882,Aleese,1990,F,6
1080883,Aleeshia,1990,F,6
1080884,Alegria,1990,F,6
1080885,Aleigh,1990,F,6
1080886,Alexsia,1990,F,6
1080887,Alexx,1990,F,6
1080888,Alexxus,1990,F,6
1080889,Alexy,1990,F,6
1080890,Aleyna,1990,F,6
1080891,Aleysha,1990,F,6
1080892,Alicha,1990,F,6
1080893,Alichia,1990,F,6
1080894,Aliesa,1990,F,6
1080895,Alissandra,1990,F,6
1080896,Alixandrea,1990,F,6
1080897,Allessandra,1990,F,6
1080898,Allia,1990,F,6
1080899,Allise,1990,F,6
1080900,Allyshia,1990,F,6
1080901,Almadelia,1990,F,6
1080902,Alsha,1990,F,6
1080903,Altovise,1990,F,6
1080904,Alyana,1990,F,6
1080905,Alynn,1990,F,6
1080906,Alys,1990,F,6
1080907,Alyxis,1990,F,6
1080908,Alyza,1990,F,6
1080909,Amandajean,1990,F,6
1080910,Amanee,1990,F,6
1080911,Amanpreet,1990,F,6
1080912,Amaria,1990,F,6
1080913,Amberli,1990,F,6
1080914,Ambree,1990,F,6
1080915,Ameena,1990,F,6
1080916,Aminta,1990,F,6
1080917,Amiya,1990,F,6
1080918,Amor,1990,F,6
1080919,Amore,1990,F,6
1080920,Anagabriela,1990,F,6
1080921,Anahid,1990,F,6
1080922,Anahis,1990,F,6
1080923,Anaisa,1990,F,6
1080924,Anaka,1990,F,6
1080925,Analia,1990,F,6
1080926,Analleli,1990,F,6
1080927,Analycia,1990,F,6
1080928,Andia,1990,F,6
1080929,Andrielle,1990,F,6
1080930,Andriena,1990,F,6
1080931,Anelia,1990,F,6
1080932,Angeleen,1990,F,6
1080933,Angeleena,1990,F,6
1080934,Angelise,1990,F,6
1080935,Angell,1990,F,6
1080936,Angelyna,1990,F,6
1080937,Anilu,1990,F,6
1080938,Aniqua,1990,F,6
1080939,Anmarie,1990,F,6
1080940,Annabella,1990,F,6
1080941,Annaleigh,1990,F,6
1080942,Annalynn,1990,F,6
1080943,Annay,1990,F,6
1080944,Annelyse,1990,F,6
1080945,Annet,1990,F,6
1080946,Annina,1990,F,6
1080947,Annita,1990,F,6
1080948,Antania,1990,F,6
1080949,Antara,1990,F,6
1080950,Antasia,1990,F,6
1080951,Antavia,1990,F,6
1080952,Anthonia,1990,F,6
1080953,Antwinette,1990,F,6
1080954,Anupama,1990,F,6
1080955,Aprilmarie,1990,F,6
1080956,Aqua,1990,F,6
1080957,Aracelie,1990,F,6
1080958,Aracelly,1990,F,6
1080959,Aranda,1990,F,6
1080960,Areille,1990,F,6
1080961,Arena,1990,F,6
1080962,Arezo,1990,F,6
1080963,Argentina,1990,F,6
1080964,Ariona,1990,F,6
1080965,Arionna,1990,F,6
1080966,Arneshia,1990,F,6
1080967,Arnetta,1990,F,6
1080968,Arnita,1990,F,6
1080969,Arya,1990,F,6
1080970,Ashaunte,1990,F,6
1080971,Ashiley,1990,F,6
1080972,Ashira,1990,F,6
1080973,Ashlay,1990,F,6
1080974,Ashlye,1990,F,6
1080975,Ashlyne,1990,F,6
1080976,Assata,1990,F,6
1080977,Asta,1990,F,6
1080978,Athea,1990,F,6
1080979,Aubria,1990,F,6
1080980,Audrionna,1990,F,6
1080981,Audryana,1990,F,6
1080982,Auna,1990,F,6
1080983,Aungelique,1990,F,6
1080984,Auria,1990,F,6
1080985,Avana,1990,F,6
1080986,Avante,1990,F,6
1080987,Avelina,1990,F,6
1080988,Aven,1990,F,6
1080989,Avilene,1990,F,6
1080990,Ayako,1990,F,6
1080991,Ayano,1990,F,6
1080992,Ayelet,1990,F,6
1080993,Ayerim,1990,F,6
1080994,Ayriel,1990,F,6
1080995,Baleria,1990,F,6
1080996,Baley,1990,F,6
1080997,Bana,1990,F,6
1080998,Baotran,1990,F,6
1080999,Barri,1990,F,6
1081000,Basha,1990,F,6
1081001,Batya,1990,F,6
1081002,Beanca,1990,F,6
1081003,Bekka,1990,F,6
1081004,Benicia,1990,F,6
1081005,Berit,1990,F,6
1081006,Bessy,1990,F,6
1081007,Bethanni,1990,F,6
1081008,Bethzaida,1990,F,6
1081009,Betsaida,1990,F,6
1081010,Bette,1990,F,6
1081011,Beunca,1990,F,6
1081012,Bhavika,1990,F,6
1081013,Biance,1990,F,6
1081014,Biannca,1990,F,6
1081015,Bijal,1990,F,6
1081016,Bina,1990,F,6
1081017,Binta,1990,F,6
1081018,Blandy,1990,F,6
1081019,Blayke,1990,F,6
1081020,Bonni,1990,F,6
1081021,Bopha,1990,F,6
1081022,Bradly,1990,F,6
1081023,Brandyn,1990,F,6
1081024,Brean,1990,F,6
1081025,Breea,1990,F,6
1081026,Breeahna,1990,F,6
1081027,Breeze,1990,F,6
1081028,Brei,1990,F,6
1081029,Breindy,1990,F,6
1081030,Breionna,1990,F,6
1081031,Brenita,1990,F,6
1081032,Breonne,1990,F,6
1081033,Bresha,1990,F,6
1081034,Briea,1990,F,6
1081035,Briena,1990,F,6
1081036,Brier,1990,F,6
1081037,Brietta,1990,F,6
1081038,Briggitte,1990,F,6
1081039,Brihany,1990,F,6
1081040,Brindy,1990,F,6
1081041,Briseyda,1990,F,6
1081042,Brit,1990,F,6
1081043,Briteny,1990,F,6
1081044,Brittana,1990,F,6
1081045,Brittanica,1990,F,6
1081046,Brittay,1990,F,6
1081047,Brittnye,1990,F,6
1081048,Briza,1990,F,6
1081049,Broghan,1990,F,6
1081050,Brooklynne,1990,F,6
1081051,Brooksie,1990,F,6
1081052,Brynda,1990,F,6
1081053,Brytani,1990,F,6
1081054,Brytany,1990,F,6
1081055,Bunny,1990,F,6
1081056,Cache,1990,F,6
1081057,Cadey,1990,F,6
1081058,Caeli,1990,F,6
1081059,Cagney,1990,F,6
1081060,Caili,1990,F,6
1081061,Calena,1990,F,6
1081062,Callandra,1990,F,6
1081063,Callison,1990,F,6
1081064,Callyn,1990,F,6
1081065,Camerin,1990,F,6
1081066,Camerina,1990,F,6
1081067,Camri,1990,F,6
1081068,Cana,1990,F,6
1081069,Caniesha,1990,F,6
1081070,Carinne,1990,F,6
1081071,Caritina,1990,F,6
1081072,Carl,1990,F,6
1081073,Carmelia,1990,F,6
1081074,Carmelle,1990,F,6
1081075,Carollyn,1990,F,6
1081076,Carrera,1990,F,6
1081077,Carressa,1990,F,6
1081078,Carrianne,1990,F,6
1081079,Carrin,1990,F,6
1081080,Cass,1990,F,6
1081081,Cassara,1990,F,6
1081082,Cassee,1990,F,6
1081083,Caytlin,1990,F,6
1081084,Cedrica,1990,F,6
1081085,Cee,1990,F,6
1081086,Ceiara,1990,F,6
1081087,Ceili,1990,F,6
1081088,Celicia,1990,F,6
1081089,Celisse,1990,F,6
1081090,Celita,1990,F,6
1081091,Cerena,1990,F,6
1081092,Chablis,1990,F,6
1081093,Chad,1990,F,6
1081094,Chade,1990,F,6
1081095,Chalei,1990,F,6
1081096,Chalet,1990,F,6
1081097,Chameka,1990,F,6
1081098,Chamia,1990,F,6
1081099,Champaine,1990,F,6
1081100,Champayne,1990,F,6
1081101,Chandell,1990,F,6
1081102,Chandy,1990,F,6
1081103,Chanley,1990,F,6
1081104,Channah,1990,F,6
1081105,Chanteal,1990,F,6
1081106,Chantille,1990,F,6
1081107,Chao,1990,F,6
1081108,Charel,1990,F,6
1081109,Charlet,1990,F,6
1081110,Charlsea,1990,F,6
1081111,Charlyne,1990,F,6
1081112,Charnai,1990,F,6
1081113,Charneice,1990,F,6
1081114,Charnel,1990,F,6
1081115,Charney,1990,F,6
1081116,Charquita,1990,F,6
1081117,Chasey,1990,F,6
1081118,Chasty,1990,F,6
1081119,Chatia,1990,F,6
1081120,Chauna,1990,F,6
1081121,Chauntay,1990,F,6
1081122,Chavela,1990,F,6
1081123,Chavonna,1990,F,6
1081124,Chay,1990,F,6
1081125,Chaylene,1990,F,6
1081126,Chazmin,1990,F,6
1081127,Chealsie,1990,F,6
1081128,Chelcea,1990,F,6
1081129,Chelise,1990,F,6
1081130,Chelseaann,1990,F,6
1081131,Chena,1990,F,6
1081132,Cheng,1990,F,6
1081133,Chereese,1990,F,6
1081134,Cheridan,1990,F,6
1081135,Cheriece,1990,F,6
1081136,Cherilynn,1990,F,6
1081137,Cherissa,1990,F,6
1081138,Cherryl,1990,F,6
1081139,Cheryle,1990,F,6
1081140,Cherylyn,1990,F,6
1081141,Cheslea,1990,F,6
1081142,Chevon,1990,F,6
1081143,Chiaki,1990,F,6
1081144,Chisa,1990,F,6
1081145,Choyce,1990,F,6
1081146,Chrissi,1990,F,6
1081147,Christalyn,1990,F,6
1081148,Christyl,1990,F,6
1081149,Chrystan,1990,F,6
1081150,Chyla,1990,F,6
1081151,Cia,1990,F,6
1081152,Cianna,1990,F,6
1081153,Cindie,1990,F,6
1081154,Ciria,1990,F,6
1081155,Citlali,1990,F,6
1081156,Clarese,1990,F,6
1081157,Clarissia,1990,F,6
1081158,Claryssa,1990,F,6
1081159,Classie,1990,F,6
1081160,Claudina,1990,F,6
1081161,Clerissa,1990,F,6
1081162,Clinique,1990,F,6
1081163,Clio,1990,F,6
1081164,Conner,1990,F,6
1081165,Conny,1990,F,6
1081166,Conswella,1990,F,6
1081167,Coralia,1990,F,6
1081168,Coralynn,1990,F,6
1081169,Corby,1990,F,6
1081170,Corneisha,1990,F,6
1081171,Correna,1990,F,6
1081172,Corrinna,1990,F,6
1081173,Cortne,1990,F,6
1081174,Countney,1990,F,6
1081175,Courteny,1990,F,6
1081176,Crystine,1990,F,6
1081177,Curtina,1990,F,6
1081178,Cynthya,1990,F,6
1081179,Dachelle,1990,F,6
1081180,Dagny,1990,F,6
1081181,Daizy,1990,F,6
1081182,Dalaina,1990,F,6
1081183,Dalena,1990,F,6
1081184,Dalynn,1990,F,6
1081185,Danaca,1990,F,6
1081186,Danasha,1990,F,6
1081187,Dandre,1990,F,6
1081188,Daneka,1990,F,6
1081189,Daniah,1990,F,6
1081190,Dannia,1990,F,6
1081191,Danniel,1990,F,6
1081192,Dany,1990,F,6
1081193,Danyetta,1990,F,6
1081194,Daphine,1990,F,6
1081195,Daphna,1990,F,6
1081196,Darienne,1990,F,6
1081197,Darnetta,1990,F,6
1081198,Darnita,1990,F,6
1081199,Darshanna,1990,F,6
1081200,Dashelle,1990,F,6
1081201,Davonya,1990,F,6
1081202,Dawne,1990,F,6
1081203,Daylin,1990,F,6
1081204,Deairra,1990,F,6
1081205,Deanca,1990,F,6
1081206,Deanza,1990,F,6
1081207,Deaudra,1990,F,6
1081208,Debony,1990,F,6
1081209,Debrina,1990,F,6
1081210,Deeandra,1990,F,6
1081211,Delani,1990,F,6
1081212,Delayne,1990,F,6
1081213,Delesa,1990,F,6
1081214,Delesha,1990,F,6
1081215,Delphine,1990,F,6
1081216,Demetric,1990,F,6
1081217,Demica,1990,F,6
1081218,Denean,1990,F,6
1081219,Denver,1990,F,6
1081220,Denzel,1990,F,6
1081221,Deondrea,1990,F,6
1081222,Deonka,1990,F,6
1081223,Deonsha,1990,F,6
1081224,Desarie,1990,F,6
1081225,Deserai,1990,F,6
1081226,Deshayla,1990,F,6
1081227,Deshonna,1990,F,6
1081228,Desirey,1990,F,6
1081229,Desmond,1990,F,6
1081230,Dessarae,1990,F,6
1081231,Dessirae,1990,F,6
1081232,Destenie,1990,F,6
1081233,Destyne,1990,F,6
1081234,Destyni,1990,F,6
1081235,Devika,1990,F,6
1081236,Devlin,1990,F,6
1081237,Devonie,1990,F,6
1081238,Devonn,1990,F,6
1081239,Deyana,1990,F,6
1081240,Deyci,1990,F,6
1081241,Deyona,1990,F,6
1081242,Dezaree,1990,F,6
1081243,Diego,1990,F,6
1081244,Dijon,1990,F,6
1081245,Dimitria,1990,F,6
1081246,Dimond,1990,F,6
1081247,Dionicia,1990,F,6
1081248,Dionisia,1990,F,6
1081249,Dioselina,1990,F,6
1081250,Disha,1990,F,6
1081251,Djuana,1990,F,6
1081252,Dominisha,1990,F,6
1081253,Donell,1990,F,6
1081254,Donnelle,1990,F,6
1081255,Donovan,1990,F,6
1081256,Dontavia,1990,F,6
1081257,Donyae,1990,F,6
1081258,Dorie,1990,F,6
1081259,Dresden,1990,F,6
1081260,Drisana,1990,F,6
1081261,Duana,1990,F,6
1081262,Dulcie,1990,F,6
1081263,Dutchess,1990,F,6
1081264,Duyen,1990,F,6
1081265,Dyani,1990,F,6
1081266,Dylana,1990,F,6
1081267,Dyna,1990,F,6
1081268,Elainna,1990,F,6
1081269,Elanna,1990,F,6
1081270,Elease,1990,F,6
1081271,Eleena,1990,F,6
1081272,Elesia,1990,F,6
1081273,Elexus,1990,F,6
1081274,Elianne,1990,F,6
1081275,Elice,1990,F,6
1081276,Elita,1990,F,6
1081277,Elliana,1990,F,6
1081278,Elysabeth,1990,F,6
1081279,Elyssia,1990,F,6
1081280,Emelina,1990,F,6
1081281,Emmaleigh,1990,F,6
1081282,Emmaly,1990,F,6
1081283,Emmanuel,1990,F,6
1081284,Emmarie,1990,F,6
1081285,Erial,1990,F,6
1081286,Erianne,1990,F,6
1081287,Etty,1990,F,6
1081288,Eustacia,1990,F,6
1081289,Evalyn,1990,F,6
1081290,Evony,1990,F,6
1081291,Evy,1990,F,6
1081292,Ezra,1990,F,6
1081293,Fabian,1990,F,6
1081294,Faizah,1990,F,6
1081295,Falesha,1990,F,6
1081296,Falynn,1990,F,6
1081297,Farin,1990,F,6
1081298,Farrell,1990,F,6
1081299,Farrin,1990,F,6
1081300,Farris,1990,F,6
1081301,Faydra,1990,F,6
1081302,Faythe,1990,F,6
1081303,Feige,1990,F,6
1081304,Felissa,1990,F,6
1081305,Fierra,1990,F,6
1081306,Florine,1990,F,6
1081307,Fontella,1990,F,6
1081308,France,1990,F,6
1081309,Franchon,1990,F,6
1081310,Francise,1990,F,6
1081311,Frankee,1990,F,6
1081312,Gabby,1990,F,6
1081313,Gaby,1990,F,6
1081314,Gaelyn,1990,F,6
1081315,Gala,1990,F,6
1081316,Galadriel,1990,F,6
1081317,Gavrielle,1990,F,6
1081318,Gaynell,1990,F,6
1081319,Gee,1990,F,6
1081320,Gelisha,1990,F,6
1081321,Gelsey,1990,F,6
1081322,Genay,1990,F,6
1081323,Genesee,1990,F,6
1081324,Genessa,1990,F,6
1081325,Genieva,1990,F,6
1081326,Genita,1990,F,6
1081327,Geniva,1990,F,6
1081328,Genoa,1990,F,6
1081329,Geraldina,1990,F,6
1081330,Gerardo,1990,F,6
1081331,Germany,1990,F,6
1081332,Giang,1990,F,6
1081333,Ginni,1990,F,6
1081334,Ginnie,1990,F,6
1081335,Gissela,1990,F,6
1081336,Giulianna,1990,F,6
1081337,Giuseppina,1990,F,6
1081338,Gracey,1990,F,6
1081339,Graviela,1990,F,6
1081340,Gwendalyn,1990,F,6
1081341,Gwendolen,1990,F,6
1081342,Gwynne,1990,F,6
1081343,Haeley,1990,F,6
1081344,Haeli,1990,F,6
1081345,Halsey,1990,F,6
1081346,Hanaa,1990,F,6
1081347,Hanne,1990,F,6
1081348,Hannelore,1990,F,6
1081349,Hassanah,1990,F,6
1081350,Haylei,1990,F,6
1081351,Heatherann,1990,F,6
1081352,Hebah,1990,F,6
1081353,Heena,1990,F,6
1081354,Heidie,1990,F,6
1081355,Hera,1990,F,6
1081356,Hilaree,1990,F,6
1081357,Hind,1990,F,6
1081358,Hoda,1990,F,6
1081359,Hortensia,1990,F,6
1081360,Hugo,1990,F,6
1081361,Idaly,1990,F,6
1081362,Idella,1990,F,6
1081363,Ilisha,1990,F,6
1081364,Indria,1990,F,6
1081365,Inessa,1990,F,6
1081366,Irie,1990,F,6
1081367,Iriz,1990,F,6
1081368,Isamarie,1990,F,6
1081369,Isavel,1990,F,6
1081370,Iveliz,1990,F,6
1081371,Ivona,1990,F,6
1081372,Iyona,1990,F,6
1081373,Jacalynn,1990,F,6
1081374,Jacklyne,1990,F,6
1081375,Jackson,1990,F,6
1081376,Jacleen,1990,F,6
1081377,Jaclyne,1990,F,6
1081378,Jacqline,1990,F,6
1081379,Jacquiline,1990,F,6
1081380,Jadi,1990,F,6
1081381,Jaela,1990,F,6
1081382,Jaira,1990,F,6
1081383,Jakelin,1990,F,6
1081384,Jakera,1990,F,6
1081385,Jakeria,1990,F,6
1081386,Jakeya,1990,F,6
1081387,Jakira,1990,F,6
1081388,Jakki,1990,F,6
1081389,Jalanda,1990,F,6
1081390,Jaleasa,1990,F,6
1081391,Jaliesa,1990,F,6
1081392,Jamaira,1990,F,6
1081393,Jamelah,1990,F,6
1081394,Jamelle,1990,F,6
1081395,Jamelyn,1990,F,6
1081396,Janasha,1990,F,6
1081397,Jandy,1990,F,6
1081398,Janeesha,1990,F,6
1081399,Janicia,1990,F,6
1081400,Janiel,1990,F,6
1081401,Janil,1990,F,6
1081402,Jannetta,1990,F,6
1081403,Janyll,1990,F,6
1081404,Jaquese,1990,F,6
1081405,Jaquira,1990,F,6
1081406,Jaquise,1990,F,6
1081407,Jaqulyn,1990,F,6
1081408,Jarae,1990,F,6
1081409,Jaree,1990,F,6
1081410,Jarrica,1990,F,6
1081411,Jaryn,1990,F,6
1081412,Jasey,1990,F,6
1081413,Jasline,1990,F,6
1081414,Jatoria,1990,F,6
1081415,Jaunita,1990,F,6
1081416,Javanna,1990,F,6
1081417,Jaynell,1990,F,6
1081418,Jaynelle,1990,F,6
1081419,Jaysa,1990,F,6
1081420,Jazlynn,1990,F,6
1081421,Jazmeen,1990,F,6
1081422,Jazmynne,1990,F,6
1081423,Jazzlin,1990,F,6
1081424,Jeanae,1990,F,6
1081425,Jeania,1990,F,6
1081426,Jeanice,1990,F,6
1081427,Jeannelle,1990,F,6
1081428,Jeany,1990,F,6
1081429,Jehan,1990,F,6
1081430,Jelina,1990,F,6
1081431,Jellisa,1990,F,6
1081432,Jenean,1990,F,6
1081433,Jenece,1990,F,6
1081434,Jenesa,1990,F,6
1081435,Jenevie,1990,F,6
1081436,Jenia,1990,F,6
1081437,Jenicia,1990,F,6
1081438,Jennett,1990,F,6
1081439,Jenniferlynn,1990,F,6
1081440,Jennifermarie,1990,F,6
1081441,Jennise,1990,F,6
1081442,Jer,1990,F,6
1081443,Jerami,1990,F,6
1081444,Jericah,1990,F,6
1081445,Jermika,1990,F,6
1081446,Jerrine,1990,F,6
1081447,Jesa,1990,F,6
1081448,Jesselle,1990,F,6
1081449,Jessicka,1990,F,6
1081450,Jessieca,1990,F,6
1081451,Jessina,1990,F,6
1081452,Jezabel,1990,F,6
1081453,Jezebel,1990,F,6
1081454,Jiana,1990,F,6
1081455,Jianna,1990,F,6
1081456,Jnai,1990,F,6
1081457,Joaquina,1990,F,6
1081458,Joely,1990,F,6
1081459,Jolissa,1990,F,6
1081460,Jonta,1990,F,6
1081461,Jorgina,1990,F,6
1081462,Joselle,1990,F,6
1081463,Jourdin,1990,F,6
1081464,Jovona,1990,F,6
1081465,Jubilee,1990,F,6
1081466,Juleen,1990,F,6
1081467,Juliene,1990,F,6
1081468,Juliza,1990,F,6
1081469,Julyssa,1990,F,6
1081470,Junie,1990,F,6
1081471,Kaari,1990,F,6
1081472,Kachiri,1990,F,6
1081473,Kaddie,1990,F,6
1081474,Kadeisha,1990,F,6
1081475,Kadesha,1990,F,6
1081476,Kadia,1990,F,6
1081477,Kadian,1990,F,6
1081478,Kadija,1990,F,6
1081479,Kaetlin,1990,F,6
1081480,Kaicee,1990,F,6
1081481,Kailei,1990,F,6
1081482,Kairee,1990,F,6
1081483,Kaitlind,1990,F,6
1081484,Kaleesha,1990,F,6
1081485,Kalla,1990,F,6
1081486,Kallista,1990,F,6
1081487,Kambra,1990,F,6
1081488,Kambri,1990,F,6
1081489,Kamelia,1990,F,6
1081490,Kamerin,1990,F,6
1081491,Kamiah,1990,F,6
1081492,Kamira,1990,F,6
1081493,Kamron,1990,F,6
1081494,Kandas,1990,F,6
1081495,Kandiss,1990,F,6
1081496,Kanessha,1990,F,6
1081497,Kania,1990,F,6
1081498,Kanise,1990,F,6
1081499,Kanita,1990,F,6
1081500,Kanosha,1990,F,6
1081501,Karaline,1990,F,6
1081502,Karelyn,1990,F,6
1081503,Karesa,1990,F,6
1081504,Karl,1990,F,6
1081505,Karlea,1990,F,6
1081506,Karlesha,1990,F,6
1081507,Karletta,1990,F,6
1081508,Karmin,1990,F,6
1081509,Karneshia,1990,F,6
1081510,Karnisha,1990,F,6
1081511,Karolann,1990,F,6
1081512,Karole,1990,F,6
1081513,Karolyne,1990,F,6
1081514,Karry,1990,F,6
1081515,Karyl,1990,F,6
1081516,Karysa,1990,F,6
1081517,Katharin,1990,F,6
1081518,Katheleen,1990,F,6
1081519,Katheren,1990,F,6
1081520,Katielyn,1990,F,6
1081521,Katiuska,1990,F,6
1081522,Katurah,1990,F,6
1081523,Katylin,1990,F,6
1081524,Kayal,1990,F,6
1081525,Kayann,1990,F,6
1081526,Kayeloni,1990,F,6
1081527,Kaysey,1990,F,6
1081528,Kayshia,1990,F,6
1081529,Kaytlen,1990,F,6
1081530,Keeana,1990,F,6
1081531,Kehinde,1990,F,6
1081532,Keiaira,1990,F,6
1081533,Keierra,1990,F,6
1081534,Keiondra,1990,F,6
1081535,Kelani,1990,F,6
1081536,Kelechi,1990,F,6
1081537,Keley,1990,F,6
1081538,Keller,1990,F,6
1081539,Kelsei,1990,F,6
1081540,Kelvisha,1990,F,6
1081541,Kendalyn,1990,F,6
1081542,Kendricka,1990,F,6
1081543,Kenitha,1990,F,6
1081544,Kentrell,1990,F,6
1081545,Kentrice,1990,F,6
1081546,Kenyanna,1990,F,6
1081547,Kenyotta,1990,F,6
1081548,Kenysha,1990,F,6
1081549,Keonda,1990,F,6
1081550,Keonta,1990,F,6
1081551,Kerah,1990,F,6
1081552,Kerbi,1990,F,6
1081553,Kerline,1990,F,6
1081554,Kerstine,1990,F,6
1081555,Keshauna,1990,F,6
1081556,Keshona,1990,F,6
1081557,Kevyn,1990,F,6
1081558,Keyairra,1990,F,6
1081559,Keyon,1990,F,6
1081560,Keyonnia,1990,F,6
1081561,Keyonta,1990,F,6
1081562,Khari,1990,F,6
1081563,Khiara,1990,F,6
1081564,Khrystine,1990,F,6
1081565,Khusbu,1990,F,6
1081566,Kianah,1990,F,6
1081567,Kianie,1990,F,6
1081568,Kiasia,1990,F,6
1081569,Kieana,1990,F,6
1081570,Kieria,1990,F,6
1081571,Kierrah,1990,F,6
1081572,Kieshia,1990,F,6
1081573,Kijuana,1990,F,6
1081574,Kimara,1990,F,6
1081575,Kimika,1990,F,6
1081576,Kimiya,1990,F,6
1081577,Kindell,1990,F,6
1081578,Kirstee,1990,F,6
1081579,Kishawna,1990,F,6
1081580,Kishia,1990,F,6
1081581,Kiwana,1990,F,6
1081582,Kiwanna,1990,F,6
1081583,Kiyoko,1990,F,6
1081584,Kiyona,1990,F,6
1081585,Kiyuana,1990,F,6
1081586,Kizzie,1990,F,6
1081587,Kjersti,1990,F,6
1081588,Kjirsten,1990,F,6
1081589,Korah,1990,F,6
1081590,Koreen,1990,F,6
1081591,Koreena,1990,F,6
1081592,Korsica,1990,F,6
1081593,Koty,1990,F,6
1081594,Kree,1990,F,6
1081595,Krina,1990,F,6
1081596,Krisa,1990,F,6
1081597,Krisann,1990,F,6
1081598,Krisina,1990,F,6
1081599,Kristah,1990,F,6
1081600,Kristiane,1990,F,6
1081601,Krystalann,1990,F,6
1081602,Krystalynn,1990,F,6
1081603,Krystelle,1990,F,6
1081604,Krystena,1990,F,6
1081605,Krystl,1990,F,6
1081606,Kurston,1990,F,6
1081607,Kurstyn,1990,F,6
1081608,Kwanesha,1990,F,6
1081609,Kyarra,1990,F,6
1081610,Kylin,1990,F,6
1081611,Kymia,1990,F,6
1081612,Kyonna,1990,F,6
1081613,Kystal,1990,F,6
1081614,Labrina,1990,F,6
1081615,Lachrisha,1990,F,6
1081616,Lacia,1990,F,6
1081617,Lacora,1990,F,6
1081618,Lacreasha,1990,F,6
1081619,Lacreisha,1990,F,6
1081620,Ladan,1990,F,6
1081621,Lafaye,1990,F,6
1081622,Laini,1990,F,6
1081623,Lajasmine,1990,F,6
1081624,Lakaisha,1990,F,6
1081625,Lakan,1990,F,6
1081626,Lakeasha,1990,F,6
1081627,Lakeidra,1990,F,6
1081628,Lakeria,1990,F,6
1081629,Laketria,1990,F,6
1081630,Laketta,1990,F,6
1081631,Lakeyia,1990,F,6
1081632,Lakreisha,1990,F,6
1081633,Lamiya,1990,F,6
1081634,Lannie,1990,F,6
1081635,Laporchia,1990,F,6
1081636,Laporshia,1990,F,6
1081637,Laqueena,1990,F,6
1081638,Laquenta,1990,F,6
1081639,Laquette,1990,F,6
1081640,Laquisa,1990,F,6
1081641,Lareisha,1990,F,6
1081642,Laretta,1990,F,6
1081643,Laria,1990,F,6
1081644,Larry,1990,F,6
1081645,Lasey,1990,F,6
1081646,Lashun,1990,F,6
1081647,Lataija,1990,F,6
1081648,Latandra,1990,F,6
1081649,Lataria,1990,F,6
1081650,Latausha,1990,F,6
1081651,Latay,1990,F,6
1081652,Lataysha,1990,F,6
1081653,Lateafa,1990,F,6
1081654,Latefia,1990,F,6
1081655,Latiya,1990,F,6
1081656,Latona,1990,F,6
1081657,Latonda,1990,F,6
1081658,Latrease,1990,F,6
1081659,Latresa,1990,F,6
1081660,Latrise,1990,F,6
1081661,Laural,1990,F,6
1081662,Laurann,1990,F,6
1081663,Laurenmarie,1990,F,6
1081664,Lauryl,1990,F,6
1081665,Lavada,1990,F,6
1081666,Lavasha,1990,F,6
1081667,Laveda,1990,F,6
1081668,Lavena,1990,F,6
1081669,Lavra,1990,F,6
1081670,Layce,1990,F,6
1081671,Leahanna,1990,F,6
1081672,Leanora,1990,F,6
1081673,Leasa,1990,F,6
1081674,Leiloni,1990,F,6
1081675,Leimomi,1990,F,6
1081676,Lekeya,1990,F,6
1081677,Lenamarie,1990,F,6
1081678,Lene,1990,F,6
1081679,Lenea,1990,F,6
1081680,Leny,1990,F,6
1081681,Leonda,1990,F,6
1081682,Leondria,1990,F,6
1081683,Leonie,1990,F,6
1081684,Lequisha,1990,F,6
1081685,Lera,1990,F,6
1081686,Lesandra,1990,F,6
1081687,Leshea,1990,F,6
1081688,Lesliann,1990,F,6
1081689,Leslieanne,1990,F,6
1081690,Letricia,1990,F,6
1081691,Levina,1990,F,6
1081692,Levita,1990,F,6
1081693,Libbie,1990,F,6
1081694,Lichelle,1990,F,6
1081695,Lidya,1990,F,6
1081696,Liliam,1990,F,6
1081697,Liliane,1990,F,6
1081698,Lillia,1990,F,6
1081699,Lillyan,1990,F,6
1081700,Lilybeth,1990,F,6
1081701,Lin,1990,F,6
1081702,Lindsea,1990,F,6
1081703,Lindzee,1990,F,6
1081704,Lindzi,1990,F,6
1081705,Lindzy,1990,F,6
1081706,Linn,1990,F,6
1081707,Liora,1990,F,6
1081708,Lisaann,1990,F,6
1081709,Lizamarie,1990,F,6
1081710,Lizete,1990,F,6
1081711,Lizzett,1990,F,6
1081712,Lonnisha,1990,F,6
1081713,Lorae,1990,F,6
1081714,Loraina,1990,F,6
1081715,Lorenda,1990,F,6
1081716,Lorianna,1990,F,6
1081717,Lotus,1990,F,6
1081718,Loura,1990,F,6
1081719,Lucienne,1990,F,6
1081720,Lucile,1990,F,6
1081721,Ludivina,1990,F,6
1081722,Luisita,1990,F,6
1081723,Lulu,1990,F,6
1081724,Lundon,1990,F,6
1081725,Luzero,1990,F,6
1081726,Lyana,1990,F,6
1081727,Lynde,1990,F,6
1081728,Lyndzee,1990,F,6
1081729,Lyndzi,1990,F,6
1081730,Lynise,1990,F,6
1081731,Lynze,1990,F,6
1081732,Lytia,1990,F,6
1081733,Lyza,1990,F,6
1081734,Madalyne,1990,F,6
1081735,Madelein,1990,F,6
1081736,Madia,1990,F,6
1081737,Madisson,1990,F,6
1081738,Madysen,1990,F,6
1081739,Maelynn,1990,F,6
1081740,Magdelin,1990,F,6
1081741,Magdeline,1990,F,6
1081742,Maiko,1990,F,6
1081743,Maikou,1990,F,6
1081744,Maizie,1990,F,6
1081745,Makaya,1990,F,6
1081746,Maki,1990,F,6
1081747,Makinzie,1990,F,6
1081748,Makisha,1990,F,6
1081749,Malgorzata,1990,F,6
1081750,Mali,1990,F,6
1081751,Malie,1990,F,6
1081752,Malik,1990,F,6
1081753,Malini,1990,F,6
1081754,Malkie,1990,F,6
1081755,Mallarie,1990,F,6
1081756,Mallorey,1990,F,6
1081757,Manasa,1990,F,6
1081758,Marcedez,1990,F,6
1081759,Marcee,1990,F,6
1081760,Margarett,1990,F,6
1081761,Mariadelaluz,1990,F,6
1081762,Mariafernanda,1990,F,6
1081763,Marialena,1990,F,6
1081764,Marice,1990,F,6
1081765,Marixa,1990,F,6
1081766,Marja,1990,F,6
1081767,Markecia,1990,F,6
1081768,Markeesha,1990,F,6
1081769,Markela,1990,F,6
1081770,Markella,1990,F,6
1081771,Markesa,1990,F,6
1081772,Marqueshia,1990,F,6
1081773,Marquila,1990,F,6
1081774,Marquisa,1990,F,6
1081775,Marshella,1990,F,6
1081776,Martie,1990,F,6
1081777,Marvella,1990,F,6
1081778,Marvette,1990,F,6
1081779,Maryia,1990,F,6
1081780,Marytza,1990,F,6
1081781,Mashonda,1990,F,6
1081782,Maxiel,1990,F,6
1081783,Mayce,1990,F,6
1081784,Maylee,1990,F,6
1081785,Mayling,1990,F,6
1081786,Mckena,1990,F,6
1081787,Meaghann,1990,F,6
1081788,Megahn,1990,F,6
1081789,Meggin,1990,F,6
1081790,Megham,1990,F,6
1081791,Meiko,1990,F,6
1081792,Meilani,1990,F,6
1081793,Meilin,1990,F,6
1081794,Meka,1990,F,6
1081795,Mekala,1990,F,6
1081796,Meleane,1990,F,6
1081797,Melesa,1990,F,6
1081798,Melica,1990,F,6
1081799,Mellyssa,1990,F,6
1081800,Mendi,1990,F,6
1081801,Mercedees,1990,F,6
1081802,Merena,1990,F,6
1081803,Merika,1990,F,6
1081804,Merisha,1990,F,6
1081805,Merlinda,1990,F,6
1081806,Meron,1990,F,6
1081807,Mery,1990,F,6
1081808,Miana,1990,F,6
1081809,Mianna,1990,F,6
1081810,Miasia,1990,F,6
1081811,Mickel,1990,F,6
1081812,Miho,1990,F,6
1081813,Mija,1990,F,6
1081814,Mikael,1990,F,6
1081815,Mikeala,1990,F,6
1081816,Mikeisha,1990,F,6
1081817,Mikenzie,1990,F,6
1081818,Mikeshia,1990,F,6
1081819,Mikkia,1990,F,6
1081820,Milica,1990,F,6
1081821,Miosha,1990,F,6
1081822,Mirah,1990,F,6
1081823,Miri,1990,F,6
1081824,Mirza,1990,F,6
1081825,Mishale,1990,F,6
1081826,Mishea,1990,F,6
1081827,Modesta,1990,F,6
1081828,Mohini,1990,F,6
1081829,Moire,1990,F,6
1081830,Moncerrat,1990,F,6
1081831,Moneke,1990,F,6
1081832,Monik,1990,F,6
1081833,Monisa,1990,F,6
1081834,Monita,1990,F,6
1081835,Monque,1990,F,6
1081836,Montessa,1990,F,6
1081837,Montinique,1990,F,6
1081838,Mora,1990,F,6
1081839,Morgin,1990,F,6
1081840,Moya,1990,F,6
1081841,Myda,1990,F,6
1081842,Myiah,1990,F,6
1081843,Mykaela,1990,F,6
1081844,Mykeisha,1990,F,6
1081845,Mykesha,1990,F,6
1081846,Mylene,1990,F,6
1081847,Mysha,1990,F,6
1081848,Nadina,1990,F,6
1081849,Nadiya,1990,F,6
1081850,Nafisah,1990,F,6
1081851,Nairi,1990,F,6
1081852,Nakeita,1990,F,6
1081853,Nakendra,1990,F,6
1081854,Namrata,1990,F,6
1081855,Nancie,1990,F,6
1081856,Naoko,1990,F,6
1081857,Nardia,1990,F,6
1081858,Nargis,1990,F,6
1081859,Naria,1990,F,6
1081860,Narine,1990,F,6
1081861,Nashae,1990,F,6
1081862,Nastashia,1990,F,6
1081863,Natachia,1990,F,6
1081864,Natausha,1990,F,6
1081865,Natiya,1990,F,6
1081866,Natlaie,1990,F,6
1081867,Nayelly,1990,F,6
1081868,Nayisha,1990,F,6
1081869,Neala,1990,F,6
1081870,Necia,1990,F,6
1081871,Neema,1990,F,6
1081872,Nekita,1990,F,6
1081873,Neta,1990,F,6
1081874,Nhia,1990,F,6
1081875,Niaja,1990,F,6
1081876,Nica,1990,F,6
1081877,Nicolas,1990,F,6
1081878,Nikkea,1990,F,6
1081879,Nikya,1990,F,6
1081880,Nilam,1990,F,6
1081881,Nile,1990,F,6
1081882,Niloofar,1990,F,6
1081883,Nima,1990,F,6
1081884,Ninamarie,1990,F,6
1081885,Ninoshka,1990,F,6
1081886,Nitisha,1990,F,6
1081887,Nitosha,1990,F,6
1081888,Nitzia,1990,F,6
1081889,Niurka,1990,F,6
1081890,Nivia,1990,F,6
1081891,Niyah,1990,F,6
1081892,Njeri,1990,F,6
1081893,Noe,1990,F,6
1081894,Nolan,1990,F,6
1081895,Nolita,1990,F,6
1081896,Nori,1990,F,6
1081897,Noriko,1990,F,6
1081898,Noris,1990,F,6
1081899,Nupur,1990,F,6
1081900,Nytisha,1990,F,6
1081901,Odyssey,1990,F,6
1081902,Omeshia,1990,F,6
1081903,Onisha,1990,F,6
1081904,Oriel,1990,F,6
1081905,Orlandria,1990,F,6
1081906,Ornella,1990,F,6
1081907,Oshea,1990,F,6
1081908,Otisha,1990,F,6
1081909,Pai,1990,F,6
1081910,Pansy,1990,F,6
1081911,Parish,1990,F,6
1081912,Pariss,1990,F,6
1081913,Pashion,1990,F,6
1081914,Patrese,1990,F,6
1081915,Patriciaann,1990,F,6
1081916,Paulena,1990,F,6
1081917,Paulita,1990,F,6
1081918,Peace,1990,F,6
1081919,Pelin,1990,F,6
1081920,Phallon,1990,F,6
1081921,Phi,1990,F,6
1081922,Phylica,1990,F,6
1081923,Pnina,1990,F,6
1081924,Pola,1990,F,6
1081925,Porshae,1990,F,6
1081926,Prachi,1990,F,6
1081927,Praise,1990,F,6
1081928,Preeya,1990,F,6
1081929,Preshus,1990,F,6
1081930,Pricella,1990,F,6
1081931,Priscylla,1990,F,6
1081932,Quadasia,1990,F,6
1081933,Quaneka,1990,F,6
1081934,Quaniece,1990,F,6
1081935,Queenie,1990,F,6
1081936,Quenesha,1990,F,6
1081937,Quinnisha,1990,F,6
1081938,Quintera,1990,F,6
1081939,Quintisha,1990,F,6
1081940,Qunisha,1990,F,6
1081941,Rachelmarie,1990,F,6
1081942,Raeana,1990,F,6
1081943,Raelynne,1990,F,6
1081944,Raenell,1990,F,6
1081945,Rafaella,1990,F,6
1081946,Rafia,1990,F,6
1081947,Raguel,1990,F,6
1081948,Rahma,1990,F,6
1081949,Rainy,1990,F,6
1081950,Rakeshia,1990,F,6
1081951,Rami,1990,F,6
1081952,Raney,1990,F,6
1081953,Raniesha,1990,F,6
1081954,Ranique,1990,F,6
1081955,Rashaundra,1990,F,6
1081956,Rashay,1990,F,6
1081957,Rasheema,1990,F,6
1081958,Rasheka,1990,F,6
1081959,Rashena,1990,F,6
1081960,Rashima,1990,F,6
1081961,Raylyn,1990,F,6
1081962,Rayme,1990,F,6
1081963,Rayvon,1990,F,6
1081964,Rayza,1990,F,6
1081965,Reatta,1990,F,6
1081966,Rebakah,1990,F,6
1081967,Rebba,1990,F,6
1081968,Reeanna,1990,F,6
1081969,Reginia,1990,F,6
1081970,Reisha,1990,F,6
1081971,Rejeana,1990,F,6
1081972,Rekeisha,1990,F,6
1081973,Renessa,1990,F,6
1081974,Renette,1990,F,6
1081975,Reniesha,1990,F,6
1081976,Renna,1990,F,6
1081977,Renne,1990,F,6
1081978,Resa,1990,F,6
1081979,Reshawn,1990,F,6
1081980,Reta,1990,F,6
1081981,Retta,1990,F,6
1081982,Reveca,1990,F,6
1081983,Reyes,1990,F,6
1081984,Riata,1990,F,6
1081985,Ricarda,1990,F,6
1081986,Richel,1990,F,6
1081987,Rickey,1990,F,6
1081988,Robi,1990,F,6
1081989,Rochella,1990,F,6
1081990,Rodnika,1990,F,6
1081991,Rodolfo,1990,F,6
1081992,Rohini,1990,F,6
1081993,Rola,1990,F,6
1081994,Rolonda,1990,F,6
1081995,Romelia,1990,F,6
1081996,Romesha,1990,F,6
1081997,Ronae,1990,F,6
1081998,Roniqua,1990,F,6
1081999,Ronise,1990,F,6
1082000,Ronnae,1990,F,6
1082001,Rosaelia,1990,F,6
1082002,Rosamond,1990,F,6
1082003,Rosann,1990,F,6
1082004,Rosheda,1990,F,6
1082005,Rosland,1990,F,6
1082006,Rossella,1990,F,6
1082007,Roxette,1990,F,6
1082008,Roza,1990,F,6
1082009,Rychelle,1990,F,6
1082010,Rykia,1990,F,6
1082011,Ryley,1990,F,6
1082012,Saber,1990,F,6
1082013,Sabriya,1990,F,6
1082014,Safaa,1990,F,6
1082015,Saher,1990,F,6
1082016,Sahrish,1990,F,6
1082017,Sai,1990,F,6
1082018,Sairah,1990,F,6
1082019,Saja,1990,F,6
1082020,Saleema,1990,F,6
1082021,Salisha,1990,F,6
1082022,Salli,1990,F,6
1082023,Sallyann,1990,F,6
1082024,Saman,1990,F,6
1082025,Sameisha,1990,F,6
1082026,Samisha,1990,F,6
1082027,Samiya,1990,F,6
1082028,Samnatha,1990,F,6
1082029,Samona,1990,F,6
1082030,Sanda,1990,F,6
1082031,Sanoe,1990,F,6
1082032,Santerica,1990,F,6
1082033,Santos,1990,F,6
1082034,Saphire,1990,F,6
1082035,Saquita,1990,F,6
1082036,Saquoia,1990,F,6
1082037,Sarahanne,1990,F,6
1082038,Sarahjean,1990,F,6
1082039,Sarahy,1990,F,6
1082040,Saran,1990,F,6
1082041,Sareen,1990,F,6
1082042,Satia,1990,F,6
1082043,Satoko,1990,F,6
1082044,Savonnah,1990,F,6
1082045,Sayaka,1990,F,6
1082046,Seleena,1990,F,6
1082047,Selia,1990,F,6
1082048,Sephanie,1990,F,6
1082049,Serria,1990,F,6
1082050,Serrina,1990,F,6
1082051,Sesily,1990,F,6
1082052,Shabria,1990,F,6
1082053,Shadaria,1990,F,6
1082054,Shadavia,1990,F,6
1082055,Shadel,1990,F,6
1082056,Shadell,1990,F,6
1082057,Shahida,1990,F,6
1082058,Shahla,1990,F,6
1082059,Shaily,1990,F,6
1082060,Shaketra,1990,F,6
1082061,Shaketta,1990,F,6
1082062,Shakevia,1990,F,6
1082063,Shakilah,1990,F,6
1082064,Shakoya,1990,F,6
1082065,Shalaina,1990,F,6
1082066,Shalandria,1990,F,6
1082067,Shalani,1990,F,6
1082068,Shalayne,1990,F,6
1082069,Shalecia,1990,F,6
1082070,Shalesha,1990,F,6
1082071,Shalethia,1990,F,6
1082072,Shalie,1990,F,6
1082073,Shalona,1990,F,6
1082074,Shalonna,1990,F,6
1082075,Shamaka,1990,F,6
1082076,Shamecka,1990,F,6
1082077,Shameria,1990,F,6
1082078,Shamesha,1990,F,6
1082079,Shametra,1990,F,6
1082080,Shamila,1990,F,6
1082081,Shamilla,1990,F,6
1082082,Shamiqua,1990,F,6
1082083,Shamirra,1990,F,6
1082084,Shamona,1990,F,6
1082085,Shandricka,1990,F,6
1082086,Shaneca,1990,F,6
1082087,Shanecia,1990,F,6
1082088,Shanedra,1990,F,6
1082089,Shanei,1990,F,6
1082090,Shanessa,1990,F,6
1082091,Shanethia,1990,F,6
1082092,Shaneya,1990,F,6
1082093,Shaniah,1990,F,6
1082094,Shaniese,1990,F,6
1082095,Shanikwa,1990,F,6
1082096,Shanin,1990,F,6
1082097,Shanoah,1990,F,6
1082098,Shanora,1990,F,6
1082099,Shanquetta,1990,F,6
1082100,Shanquilla,1990,F,6
1082101,Shantaria,1990,F,6
1082102,Shantaya,1990,F,6
1082103,Shanterica,1990,F,6
1082104,Shantrece,1990,F,6
1082105,Shaquavia,1990,F,6
1082106,Shaquay,1990,F,6
1082107,Shaquera,1990,F,6
1082108,Shaquida,1990,F,6
1082109,Shaqula,1990,F,6
1082110,Sharayne,1990,F,6
1082111,Share,1990,F,6
1082112,Sharel,1990,F,6
1082113,Shariece,1990,F,6
1082114,Sharine,1990,F,6
1082115,Sharitta,1990,F,6
1082116,Sharline,1990,F,6
1082117,Sharlynn,1990,F,6
1082118,Sharnetta,1990,F,6
1082119,Sharnika,1990,F,6
1082120,Shary,1990,F,6
1082121,Shaterika,1990,F,6
1082122,Shatice,1990,F,6
1082123,Shatisha,1990,F,6
1082124,Shaunae,1990,F,6
1082125,Shaundrea,1990,F,6
1082126,Shaune,1990,F,6
1082127,Shaunette,1990,F,6
1082128,Shaunie,1990,F,6
1082129,Shauniece,1990,F,6
1082130,Shauntee,1990,F,6
1082131,Shauntelle,1990,F,6
1082132,Shavawn,1990,F,6
1082133,Shavonta,1990,F,6
1082134,Shavontae,1990,F,6
1082135,Shawnelle,1990,F,6
1082136,Shayanne,1990,F,6
1082137,Shayley,1990,F,6
1082138,Shayli,1990,F,6
1082139,Shaylia,1990,F,6
1082140,Shaylynne,1990,F,6
1082141,Shaynee,1990,F,6
1082142,Shealeen,1990,F,6
1082143,Sheera,1990,F,6
1082144,Sheereen,1990,F,6
1082145,Sheilla,1990,F,6
1082146,Shelbye,1990,F,6
1082147,Shelice,1990,F,6
1082148,Shelisha,1990,F,6
1082149,Shelsey,1990,F,6
1082150,Shenaya,1990,F,6
1082151,Sheneika,1990,F,6
1082152,Sheonta,1990,F,6
1082153,Shermeka,1990,F,6
1082154,Shermika,1990,F,6
1082155,Sheronica,1990,F,6
1082156,Sherree,1990,F,6
1082157,Shevaun,1990,F,6
1082158,Shi,1990,F,6
1082159,Shian,1990,F,6
1082160,Shieka,1990,F,6
1082161,Shimeka,1990,F,6
1082162,Shineka,1990,F,6
1082163,Shinique,1990,F,6
1082164,Shir,1990,F,6
1082165,Shiran,1990,F,6
1082166,Shivon,1990,F,6
1082167,Shondria,1990,F,6
1082168,Shondrika,1990,F,6
1082169,Shontelle,1990,F,6
1082170,Shontoya,1990,F,6
1082171,Shqipe,1990,F,6
1082172,Shulamis,1990,F,6
1082173,Shumeka,1990,F,6
1082174,Shundra,1990,F,6
1082175,Shuntia,1990,F,6
1082176,Shyana,1990,F,6
1082177,Shyasia,1990,F,6
1082178,Shylah,1990,F,6
1082179,Shylia,1990,F,6
1082180,Shyna,1990,F,6
1082181,Shyniece,1990,F,6
1082182,Sinclair,1990,F,6
1082183,Sindia,1990,F,6
1082184,Siobhain,1990,F,6
1082185,Sirah,1990,F,6
1082186,Skila,1990,F,6
1082187,Skyelar,1990,F,6
1082188,Skylier,1990,F,6
1082189,Smanatha,1990,F,6
1082190,Solimar,1990,F,6
1082191,Solmarie,1990,F,6
1082192,Somaya,1990,F,6
1082193,Sophany,1990,F,6
1082194,Sophonie,1990,F,6
1082195,Sorcha,1990,F,6
1082196,Staceyann,1990,F,6
1082197,Stacha,1990,F,6
1082198,Stanley,1990,F,6
1082199,Starkeisha,1990,F,6
1082200,Starkesha,1990,F,6
1082201,Starlett,1990,F,6
1082202,Starnisha,1990,F,6
1082203,Stavroula,1990,F,6
1082204,Steohanie,1990,F,6
1082205,Stepheni,1990,F,6
1082206,Stori,1990,F,6
1082207,Sueann,1990,F,6
1082208,Sumaya,1990,F,6
1082209,Sumayya,1990,F,6
1082210,Suong,1990,F,6
1082211,Supriya,1990,F,6
1082212,Surena,1990,F,6
1082213,Susette,1990,F,6
1082214,Suzzette,1990,F,6
1082215,Synethia,1990,F,6
1082216,Tabria,1990,F,6
1082217,Tabrina,1990,F,6
1082218,Tahra,1990,F,6
1082219,Tajha,1990,F,6
1082220,Taji,1990,F,6
1082221,Tajuanna,1990,F,6
1082222,Takayla,1990,F,6
1082223,Takeena,1990,F,6
1082224,Takelia,1990,F,6
1082225,Takeyla,1990,F,6
1082226,Takyra,1990,F,6
1082227,Talayia,1990,F,6
1082228,Talecia,1990,F,6
1082229,Talene,1990,F,6
1082230,Tamana,1990,F,6
1082231,Tamaya,1990,F,6
1082232,Tameria,1990,F,6
1082233,Tamonica,1990,F,6
1082234,Tanechia,1990,F,6
1082235,Tanga,1990,F,6
1082236,Tangia,1990,F,6
1082237,Tanicka,1990,F,6
1082238,Tanikka,1990,F,6
1082239,Tanira,1990,F,6
1082240,Tannah,1990,F,6
1082241,Taquia,1990,F,6
1082242,Taralee,1990,F,6
1082243,Taraya,1990,F,6
1082244,Taressa,1990,F,6
1082245,Tarna,1990,F,6
1082246,Tashai,1990,F,6
1082247,Tashala,1990,F,6
1082248,Tashaunda,1990,F,6
1082249,Tasheba,1990,F,6
1082250,Tasheika,1990,F,6
1082251,Tashera,1990,F,6
1082252,Tathiana,1990,F,6
1082253,Tavon,1990,F,6
1082254,Tayonna,1990,F,6
1082255,Tayshia,1990,F,6
1082256,Teeya,1990,F,6
1082257,Tehani,1990,F,6
1082258,Teiara,1990,F,6
1082259,Tekera,1990,F,6
1082260,Tekeshia,1990,F,6
1082261,Telesha,1990,F,6
1082262,Teleshia,1990,F,6
1082263,Telma,1990,F,6
1082264,Temisha,1990,F,6
1082265,Tenay,1990,F,6
1082266,Tenee,1990,F,6
1082267,Tenequa,1990,F,6
1082268,Tenicia,1990,F,6
1082269,Teondra,1990,F,6
1082270,Tereka,1990,F,6
1082271,Terena,1990,F,6
1082272,Teresina,1990,F,6
1082273,Terissa,1990,F,6
1082274,Terralyn,1990,F,6
1082275,Terressa,1990,F,6
1082276,Terrisa,1990,F,6
1082277,Teshawn,1990,F,6
1082278,Tessy,1990,F,6
1082279,Teyona,1990,F,6
1082280,Theadora,1990,F,6
1082281,Theda,1990,F,6
1082282,Theresamarie,1990,F,6
1082283,Thia,1990,F,6
1082284,Ti,1990,F,6
1082285,Tiairra,1990,F,6
1082286,Tianca,1990,F,6
1082287,Tiasia,1990,F,6
1082288,Tida,1990,F,6
1082289,Tierany,1990,F,6
1082290,Tiffony,1990,F,6
1082291,Tilisa,1990,F,6
1082292,Tilly,1990,F,6
1082293,Timisha,1990,F,6
1082294,Timmeka,1990,F,6
1082295,Timmeshia,1990,F,6
1082296,Tineka,1990,F,6
1082297,Tineshia,1990,F,6
1082298,Tishina,1990,F,6
1082299,Toiya,1990,F,6
1082300,Tomica,1990,F,6
1082301,Tomie,1990,F,6
1082302,Tona,1990,F,6
1082303,Tondalaya,1990,F,6
1082304,Tonee,1990,F,6
1082305,Toneka,1990,F,6
1082306,Tonirose,1990,F,6
1082307,Tonna,1990,F,6
1082308,Toriana,1990,F,6
1082309,Toriann,1990,F,6
1082310,Torry,1990,F,6
1082311,Toy,1990,F,6
1082312,Tracyann,1990,F,6
1082313,Trameka,1990,F,6
1082314,Tranell,1990,F,6
1082315,Tranese,1990,F,6
1082316,Tranika,1990,F,6
1082317,Tria,1990,F,6
1082318,Trini,1990,F,6
1082319,Triniece,1990,F,6
1082320,Trinita,1990,F,6
1082321,Triona,1990,F,6
1082322,Trisa,1990,F,6
1082323,Trishna,1990,F,6
1082324,Tristine,1990,F,6
1082325,Trystan,1990,F,6
1082326,Twanda,1990,F,6
1082327,Tye,1990,F,6
1082328,Tylea,1990,F,6
1082329,Tylia,1990,F,6
1082330,Tymeka,1990,F,6
1082331,Tymira,1990,F,6
1082332,Tymisha,1990,F,6
1082333,Tyre,1990,F,6
1082334,Tyrhonda,1990,F,6
1082335,Tyrina,1990,F,6
1082336,Tyshauna,1990,F,6
1082337,Uilani,1990,F,6
1082338,Ulyssa,1990,F,6
1082339,Uyen,1990,F,6
1082340,Valincia,1990,F,6
1082341,Vaneshia,1990,F,6
1082342,Vanesse,1990,F,6
1082343,Vang,1990,F,6
1082344,Vanice,1990,F,6
1082345,Vanika,1990,F,6
1082346,Vashonda,1990,F,6
1082347,Vaughn,1990,F,6
1082348,Velencia,1990,F,6
1082349,Venezia,1990,F,6
1082350,Vernetta,1990,F,6
1082351,Vernisha,1990,F,6
1082352,Vernonica,1990,F,6
1082353,Veroncia,1990,F,6
1082354,Vesenia,1990,F,6
1082355,Victoriana,1990,F,6
1082356,Vidya,1990,F,6
1082357,Vinesha,1990,F,6
1082358,Wala,1990,F,6
1082359,Walisha,1990,F,6
1082360,Warren,1990,F,6
1082361,Waverly,1990,F,6
1082362,Waynisha,1990,F,6
1082363,Wilmarie,1990,F,6
1082364,Winny,1990,F,6
1082365,Winta,1990,F,6
1082366,Xandra,1990,F,6
1082367,Xochilth,1990,F,6
1082368,Yachet,1990,F,6
1082369,Yakia,1990,F,6
1082370,Yamaris,1990,F,6
1082371,Yamira,1990,F,6
1082372,Yanci,1990,F,6
1082373,Yanil,1990,F,6
1082374,Yaniris,1990,F,6
1082375,Yaqueline,1990,F,6
1082376,Yazmeen,1990,F,6
1082377,Yesania,1990,F,6
1082378,Yesenio,1990,F,6
1082379,Yesmeen,1990,F,6
1082380,Yesnia,1990,F,6
1082381,Yetta,1990,F,6
1082382,Yina,1990,F,6
1082383,Yitta,1990,F,6
1082384,Ymani,1990,F,6
1082385,Yolando,1990,F,6
1082386,Yomayra,1990,F,6
1082387,Ysatis,1990,F,6
1082388,Yulia,1990,F,6
1082389,Yunuen,1990,F,6
1082390,Yuritzy,1990,F,6
1082391,Yvone,1990,F,6
1082392,Yzamar,1990,F,6
1082393,Zain,1990,F,6
1082394,Zakiah,1990,F,6
1082395,Zareen,1990,F,6
1082396,Zasha,1990,F,6
1082397,Zayna,1990,F,6
1082398,Zenna,1990,F,6
1082399,Zera,1990,F,6
1082400,Ziomara,1990,F,6
1082401,Zoi,1990,F,6
1082402,Zsazsa,1990,F,6
1082403,Zurisadai,1990,F,6
1082404,Zyanya,1990,F,6
1082405,Aarica,1990,F,5
1082406,Aasha,1990,F,5
1082407,Abagale,1990,F,5
1082408,Abbygail,1990,F,5
1082409,Abcde,1990,F,5
1082410,Abilgail,1990,F,5
1082411,Abony,1990,F,5
1082412,Abraham,1990,F,5
1082413,Abrey,1990,F,5
1082414,Achaia,1990,F,5
1082415,Adaisha,1990,F,5
1082416,Adali,1990,F,5
1082417,Adalie,1990,F,5
1082418,Adalinda,1990,F,5
1082419,Adalis,1990,F,5
1082420,Adama,1990,F,5
1082421,Adanna,1990,F,5
1082422,Addyson,1990,F,5
1082423,Aderonke,1990,F,5
1082424,Adessa,1990,F,5
1082425,Adonna,1990,F,5
1082426,Adra,1990,F,5
1082427,Adreanne,1990,F,5
1082428,Adreena,1990,F,5
1082429,Aeron,1990,F,5
1082430,Afaf,1990,F,5
1082431,Ah,1990,F,5
1082432,Aija,1990,F,5
1082433,Aika,1990,F,5
1082434,Ailen,1990,F,5
1082435,Ailin,1990,F,5
1082436,Ailis,1990,F,5
1082437,Aira,1990,F,5
1082438,Airica,1990,F,5
1082439,Airielle,1990,F,5
1082440,Aishling,1990,F,5
1082441,Aixa,1990,F,5
1082442,Akari,1990,F,5
1082443,Akaysha,1990,F,5
1082444,Akeela,1990,F,5
1082445,Akeya,1990,F,5
1082446,Aki,1990,F,5
1082447,Akita,1990,F,5
1082448,Akosua,1990,F,5
1082449,Alaisa,1990,F,5
1082450,Alarie,1990,F,5
1082451,Alaska,1990,F,5
1082452,Aleda,1990,F,5
1082453,Aleea,1990,F,5
1082454,Aleeya,1990,F,5
1082455,Aleisa,1990,F,5
1082456,Alejandria,1990,F,5
1082457,Aleka,1990,F,5
1082458,Alely,1990,F,5
1082459,Alexandrina,1990,F,5
1082460,Alexaundra,1990,F,5
1082461,Alexea,1990,F,5
1082462,Alexeus,1990,F,5
1082463,Alexine,1990,F,5
1082464,Alexyss,1990,F,5
1082465,Alianna,1990,F,5
1082466,Aliea,1990,F,5
1082467,Alieshia,1990,F,5
1082468,Alika,1990,F,5
1082469,Alisen,1990,F,5
1082470,Alizah,1990,F,5
1082471,Allayna,1990,F,5
1082472,Alleson,1990,F,5
1082473,Allex,1990,F,5
1082474,Allishia,1990,F,5
1082475,Almanda,1990,F,5
1082476,Almeda,1990,F,5
1082477,Alnisa,1990,F,5
1082478,Alonia,1990,F,5
1082479,Aloria,1990,F,5
1082480,Aloura,1990,F,5
1082481,Alyia,1990,F,5
1082482,Alynna,1990,F,5
1082483,Alyssaann,1990,F,5
1082484,Amabel,1990,F,5
1082485,Amaka,1990,F,5
1082486,Amandalyn,1990,F,5
1082487,Amandia,1990,F,5
1082488,Amantha,1990,F,5
1082489,Amariah,1990,F,5
1082490,Ambera,1990,F,5
1082491,Amberlin,1990,F,5
1082492,Ambermarie,1990,F,5
1082493,Ambry,1990,F,5
1082494,Ameila,1990,F,5
1082495,Amel,1990,F,5
1082496,Amilee,1990,F,5
1082497,Amilyn,1990,F,5
1082498,Amoreena,1990,F,5
1082499,Amorita,1990,F,5
1082500,Amra,1990,F,5
1082501,Amri,1990,F,5
1082502,Anabelen,1990,F,5
1082503,Anachristina,1990,F,5
1082504,Anaise,1990,F,5
1082505,Analecia,1990,F,5
1082506,Analiza,1990,F,5
1082507,Analucia,1990,F,5
1082508,Analynn,1990,F,5
1082509,Analyse,1990,F,5
1082510,Anastaisa,1990,F,5
1082511,Anat,1990,F,5
1082512,Anatasia,1990,F,5
1082513,Anavictoria,1990,F,5
1082514,Anaya,1990,F,5
1082515,Anber,1990,F,5
1082516,Anbria,1990,F,5
1082517,Andelyn,1990,F,5
1082518,Andretta,1990,F,5
1082519,Andricka,1990,F,5
1082520,Aneesha,1990,F,5
1082521,Aneida,1990,F,5
1082522,Anella,1990,F,5
1082523,Anetra,1990,F,5
1082524,Anetta,1990,F,5
1082525,Angelice,1990,F,5
1082526,Angelmarie,1990,F,5
1082527,Angelynn,1990,F,5
1082528,Angenette,1990,F,5
1082529,Angla,1990,F,5
1082530,Angleica,1990,F,5
1082531,Anida,1990,F,5
1082532,Aniela,1990,F,5
1082533,Aniesha,1990,F,5
1082534,Anikka,1990,F,5
1082535,Anina,1990,F,5
1082536,Anishia,1990,F,5
1082537,Aniysa,1990,F,5
1082538,Anjalee,1990,F,5
1082539,Anjana,1990,F,5
1082540,Anjelique,1990,F,5
1082541,Anju,1990,F,5
1082542,Annaalicia,1990,F,5
1082543,Annaka,1990,F,5
1082544,Annakay,1990,F,5
1082545,Annalea,1990,F,5
1082546,Annali,1990,F,5
1082547,Annaliesa,1990,F,5
1082548,Annalysa,1990,F,5
1082549,Annarose,1990,F,5
1082550,Anndee,1990,F,5
1082551,Anneli,1990,F,5
1082552,Annelizabeth,1990,F,5
1082553,Anneth,1990,F,5
1082554,Annise,1990,F,5
1082555,Anntonette,1990,F,5
1082556,Anquenette,1990,F,5
1082557,Anquinetta,1990,F,5
1082558,Anthonette,1990,F,5
1082559,Antoine,1990,F,5
1082560,Antranette,1990,F,5
1082561,Antwanett,1990,F,5
1082562,Anuradha,1990,F,5
1082563,Anyea,1990,F,5
1082564,Aphton,1990,F,5
1082565,Apryll,1990,F,5
1082566,Aquanetta,1990,F,5
1082567,Aracelli,1990,F,5
1082568,Arathi,1990,F,5
1082569,Areal,1990,F,5
1082570,Areanna,1990,F,5
1082571,Areej,1990,F,5
1082572,Areial,1990,F,5
1082573,Arella,1990,F,5
1082574,Aresha,1990,F,5
1082575,Arialle,1990,F,5
1082576,Arias,1990,F,5
1082577,Arieanna,1990,F,5
1082578,Arit,1990,F,5
1082579,Arius,1990,F,5
1082580,Arkeisha,1990,F,5
1082581,Arlecia,1990,F,5
1082582,Arlesha,1990,F,5
1082583,Arletha,1990,F,5
1082584,Arlissa,1990,F,5
1082585,Armandina,1990,F,5
1082586,Armine,1990,F,5
1082587,Arnecia,1990,F,5
1082588,Arnesia,1990,F,5
1082589,Arnette,1990,F,5
1082590,Arniesha,1990,F,5
1082591,Arra,1990,F,5
1082592,Arren,1990,F,5
1082593,Arrie,1990,F,5
1082594,Arrika,1990,F,5
1082595,Arsenia,1990,F,5
1082596,Artemis,1990,F,5
1082597,Artice,1990,F,5
1082598,Arzella,1990,F,5
1082599,Aschley,1990,F,5
1082600,Asenath,1990,F,5
1082601,Ash,1990,F,5
1082602,Ashayla,1990,F,5
1082603,Ashla,1990,F,5
1082604,Ashleh,1990,F,5
1082605,Ashlley,1990,F,5
1082606,Ashonte,1990,F,5
1082607,Aslyn,1990,F,5
1082608,Asra,1990,F,5
1082609,Asuka,1990,F,5
1082610,Asuncion,1990,F,5
1082611,Atheena,1990,F,5
1082612,Atika,1990,F,5
1082613,Atosha,1990,F,5
1082614,Aubrea,1990,F,5
1082615,Audreyonna,1990,F,5
1082616,Audris,1990,F,5
1082617,Aundra,1990,F,5
1082618,Aurelie,1990,F,5
1082619,Austina,1990,F,5
1082620,Austine,1990,F,5
1082621,Autumm,1990,F,5
1082622,Avantika,1990,F,5
1082623,Avary,1990,F,5
1082624,Ave,1990,F,5
1082625,Ayala,1990,F,5
1082626,Ayan,1990,F,5
1082627,Ayda,1990,F,5
1082628,Ayeesha,1990,F,5
1082629,Aylah,1990,F,5
1082630,Azalee,1990,F,5
1082631,Azania,1990,F,5
1082632,Azhar,1990,F,5
1082633,Azra,1990,F,5
1082634,Azriel,1990,F,5
1082635,Babette,1990,F,5
1082636,Bahar,1990,F,5
1082637,Bahareh,1990,F,5
1082638,Bahja,1990,F,5
1082639,Bai,1990,F,5
1082640,Barbaraann,1990,F,5
1082641,Barisha,1990,F,5
1082642,Barry,1990,F,5
1082643,Beaonca,1990,F,5
1082644,Beatrix,1990,F,5
1082645,Beau,1990,F,5
1082646,Beckie,1990,F,5
1082647,Beena,1990,F,5
1082648,Beeta,1990,F,5
1082649,Bernardina,1990,F,5
1082650,Bertina,1990,F,5
1082651,Besma,1990,F,5
1082652,Bethanee,1990,F,5
1082653,Bethanny,1990,F,5
1082654,Betsie,1990,F,5
1082655,Betzy,1990,F,5
1082656,Beyunka,1990,F,5
1082657,Bhakti,1990,F,5
1082658,Bianna,1990,F,5
1082659,Biatris,1990,F,5
1082660,Bich,1990,F,5
1082661,Binaca,1990,F,5
1082662,Bittany,1990,F,5
1082663,Blimie,1990,F,5
1082664,Blimy,1990,F,5
1082665,Bobbiejean,1990,F,5
1082666,Bobbyjo,1990,F,5
1082667,Bobi,1990,F,5
1082668,Bolivia,1990,F,5
1082669,Brandea,1990,F,5
1082670,Brandii,1990,F,5
1082671,Brandolyn,1990,F,5
1082672,Branna,1990,F,5
1082673,Breawna,1990,F,5
1082674,Breelyn,1990,F,5
1082675,Brelynn,1990,F,5
1082676,Brenetta,1990,F,5
1082677,Brennah,1990,F,5
1082678,Brentley,1990,F,5
1082679,Breonca,1990,F,5
1082680,Breonda,1990,F,5
1082681,Bret,1990,F,5
1082682,Brettnie,1990,F,5
1082683,Briannia,1990,F,5
1082684,Bricola,1990,F,5
1082685,Brieon,1990,F,5
1082686,Brieonna,1990,F,5
1082687,Briget,1990,F,5
1082688,Briggett,1990,F,5
1082689,Brigitt,1990,F,5
1082690,Brihanna,1990,F,5
1082691,Britlee,1990,F,5
1082692,Briton,1990,F,5
1082693,Britteni,1990,F,5
1082694,Brittna,1990,F,5
1082695,Brittnany,1990,F,5
1082696,Brock,1990,F,5
1082697,Brttany,1990,F,5
1082698,Bruna,1990,F,5
1082699,Bryant,1990,F,5
1082700,Brystal,1990,F,5
1082701,Brytne,1990,F,5
1082702,Brytnee,1990,F,5
1082703,Bryttnee,1990,F,5
1082704,Burgundy,1990,F,5
1082705,Byron,1990,F,5
1082706,Cacie,1990,F,5
1082707,Cadee,1990,F,5
1082708,Caelan,1990,F,5
1082709,Cahterine,1990,F,5
1082710,Caileen,1990,F,5
1082711,Cailynn,1990,F,5
1082712,Caitilin,1990,F,5
1082713,Caitin,1990,F,5
1082714,Caitlinn,1990,F,5
1082715,Caitlynd,1990,F,5
1082716,Caitria,1990,F,5
1082717,Calisa,1990,F,5
1082718,Camarie,1990,F,5
1082719,Cambra,1990,F,5
1082720,Cambrea,1990,F,5
1082721,Cameshia,1990,F,5
1082722,Camilya,1990,F,5
1082723,Candyse,1990,F,5
1082724,Cantrice,1990,F,5
1082725,Capria,1990,F,5
1082726,Caralynn,1990,F,5
1082727,Caresa,1990,F,5
1082728,Caria,1990,F,5
1082729,Carilyn,1990,F,5
1082730,Carisse,1990,F,5
1082731,Carleena,1990,F,5
1082732,Carleisha,1990,F,5
1082733,Carlesha,1990,F,5
1082734,Carmellia,1990,F,5
1082735,Carmilla,1990,F,5
1082736,Carneshia,1990,F,5
1082737,Carolena,1990,F,5
1082738,Caroll,1990,F,5
1082739,Carrine,1990,F,5
1082740,Carron,1990,F,5
1082741,Carynn,1990,F,5
1082742,Cathi,1990,F,5
1082743,Cati,1990,F,5
1082744,Catrin,1990,F,5
1082745,Cayci,1990,F,5
1082746,Caycie,1990,F,5
1082747,Caylan,1990,F,5
1082748,Caysie,1990,F,5
1082749,Cazandra,1990,F,5
1082750,Ceann,1990,F,5
1082751,Cecil,1990,F,5
1082752,Cedrina,1990,F,5
1082753,Celenne,1990,F,5
1082754,Celida,1990,F,5
1082755,Celie,1990,F,5
1082756,Celisa,1990,F,5
1082757,Cerita,1990,F,5
1082758,Cesiley,1990,F,5
1082759,Cha,1990,F,5
1082760,Chaisty,1990,F,5
1082761,Chakita,1990,F,5
1082762,Chalandra,1990,F,5
1082763,Chalie,1990,F,5
1082764,Chalis,1990,F,5
1082765,Chamaine,1990,F,5
1082766,Chamara,1990,F,5
1082767,Champaign,1990,F,5
1082768,Chanai,1990,F,5
1082769,Chanci,1990,F,5
1082770,Chandal,1990,F,5
1082771,Chandrell,1990,F,5
1082772,Chaneice,1990,F,5
1082773,Chanequa,1990,F,5
1082774,Chanielle,1990,F,5
1082775,Chanti,1990,F,5
1082776,Chantrelle,1990,F,5
1082777,Chaquetta,1990,F,5
1082778,Chardai,1990,F,5
1082779,Charessa,1990,F,5
1082780,Charesse,1990,F,5
1082781,Charina,1990,F,5
1082782,Charitie,1990,F,5
1082783,Charlesha,1990,F,5
1082784,Charlisha,1990,F,5
1082785,Charlotta,1990,F,5
1082786,Charmaigne,1990,F,5
1082787,Charmeka,1990,F,5
1082788,Charmel,1990,F,5
1082789,Charneshia,1990,F,5
1082790,Charnessa,1990,F,5
1082791,Charniqua,1990,F,5
1082792,Charrise,1990,F,5
1082793,Charvey,1990,F,5
1082794,Chas,1990,F,5
1082795,Chasady,1990,F,5
1082796,Chasie,1990,F,5
1082797,Chasmine,1990,F,5
1082798,Chastin,1990,F,5
1082799,Chatal,1990,F,5
1082800,Chauntia,1990,F,5
1082801,Chayanne,1990,F,5
1082802,Chaye,1990,F,5
1082803,Chelbe,1990,F,5
1082804,Chelese,1990,F,5
1082805,Chella,1990,F,5
1082806,Chelsealynn,1990,F,5
1082807,Chelseamarie,1990,F,5
1082808,Chemise,1990,F,5
1082809,Chenel,1990,F,5
1082810,Chenequa,1990,F,5
1082811,Chenese,1990,F,5
1082812,Chenika,1990,F,5
1082813,Chenille,1990,F,5
1082814,Chentel,1990,F,5
1082815,Cheralyn,1990,F,5
1082816,Cherena,1990,F,5
1082817,Cheresa,1990,F,5
1082818,Cherida,1990,F,5
1082819,Cherine,1990,F,5
1082820,Cheron,1990,F,5
1082821,Cheronda,1990,F,5
1082822,Cherrita,1990,F,5
1082823,Cherron,1990,F,5
1082824,Chery,1990,F,5
1082825,Cheryce,1990,F,5
1082826,Cheslie,1990,F,5
1082827,Chetara,1990,F,5
1082828,Cheyney,1990,F,5
1082829,Chiana,1990,F,5
1082830,Chianne,1990,F,5
1082831,Chie,1990,F,5
1082832,Chinelle,1990,F,5
1082833,Chiquitta,1990,F,5
1082834,Chirsty,1990,F,5
1082835,Chisom,1990,F,5
1082836,Chivon,1990,F,5
1082837,Chontae,1990,F,5
1082838,Chrisanne,1990,F,5
1082839,Chriselda,1990,F,5
1082840,Chrishana,1990,F,5
1082841,Chrishauna,1990,F,5
1082842,Chrishawna,1990,F,5
1082843,Christien,1990,F,5
1082844,Christle,1990,F,5
1082845,Christyann,1990,F,5
1082846,Chrisy,1990,F,5
1082847,Chrysa,1990,F,5
1082848,Chrysten,1990,F,5
1082849,Ciaira,1990,F,5
1082850,Cierre,1990,F,5
1082851,Cinderella,1990,F,5
1082852,Citlaly,1990,F,5
1082853,Clairessa,1990,F,5
1082854,Claren,1990,F,5
1082855,Clarence,1990,F,5
1082856,Clarisha,1990,F,5
1082857,Clarita,1990,F,5
1082858,Clelia,1990,F,5
1082859,Cloey,1990,F,5
1082860,Clotilde,1990,F,5
1082861,Coda,1990,F,5
1082862,Colisha,1990,F,5
1082863,Collyn,1990,F,5
1082864,Conception,1990,F,5
1082865,Conchetta,1990,F,5
1082866,Consepcion,1990,F,5
1082867,Corita,1990,F,5
1082868,Cornelius,1990,F,5
1082869,Cornesia,1990,F,5
1082870,Corren,1990,F,5
1082871,Corsha,1990,F,5
1082872,Cortez,1990,F,5
1082873,Cortina,1990,F,5
1082874,Cozetta,1990,F,5
1082875,Crisanta,1990,F,5
1082876,Crisol,1990,F,5
1082877,Cristan,1990,F,5
1082878,Curissa,1990,F,5
1082879,Curtia,1990,F,5
1082880,Cydnei,1990,F,5
1082881,Cylie,1990,F,5
1082882,Cyndle,1990,F,5
1082883,Cynithia,1990,F,5
1082884,Dacota,1990,F,5
1082885,Daffany,1990,F,5
1082886,Daine,1990,F,5
1082887,Daisi,1990,F,5
1082888,Daisie,1990,F,5
1082889,Dajavette,1990,F,5
1082890,Dajon,1990,F,5
1082891,Dakia,1990,F,5
1082892,Dala,1990,F,5
1082893,Daleisha,1990,F,5
1082894,Dalin,1990,F,5
1082895,Dalton,1990,F,5
1082896,Daly,1990,F,5
1082897,Damari,1990,F,5
1082898,Damaria,1990,F,5
1082899,Dameisha,1990,F,5
1082900,Dameshia,1990,F,5
1082901,Damina,1990,F,5
1082902,Danaka,1990,F,5
1082903,Danaya,1990,F,5
1082904,Dancia,1990,F,5
1082905,Dane,1990,F,5
1082906,Daneca,1990,F,5
1082907,Daneika,1990,F,5
1082908,Danial,1990,F,5
1082909,Daniale,1990,F,5
1082910,Danicka,1990,F,5
1082911,Danikka,1990,F,5
1082912,Danise,1990,F,5
1082913,Danishia,1990,F,5
1082914,Danissa,1990,F,5
1082915,Dannell,1990,F,5
1082916,Danyalle,1990,F,5
1082917,Danylle,1990,F,5
1082918,Daquesha,1990,F,5
1082919,Darika,1990,F,5
1082920,Daris,1990,F,5
1082921,Darlina,1990,F,5
1082922,Darnecia,1990,F,5
1082923,Darnika,1990,F,5
1082924,Darriell,1990,F,5
1082925,Darsha,1990,F,5
1082926,Dashira,1990,F,5
1082927,Datrice,1990,F,5
1082928,Davana,1990,F,5
1082929,Davilyn,1990,F,5
1082930,Davonda,1990,F,5
1082931,Dawnette,1990,F,5
1082932,Dawnielle,1990,F,5
1082933,Dawnna,1990,F,5
1082934,Dayami,1990,F,5
1082935,Deaisha,1990,F,5
1082936,Deaja,1990,F,5
1082937,Dean,1990,F,5
1082938,Deashley,1990,F,5
1082939,Deaundrea,1990,F,5
1082940,Deaunna,1990,F,5
1082941,Deavon,1990,F,5
1082942,Debi,1990,F,5
1082943,Debroah,1990,F,5
1082944,Dede,1990,F,5
1082945,Deeba,1990,F,5
1082946,Deema,1990,F,5
1082947,Deetta,1990,F,5
1082948,Deida,1990,F,5
1082949,Deija,1990,F,5
1082950,Deisree,1990,F,5
1082951,Dejanaye,1990,F,5
1082952,Dejanique,1990,F,5
1082953,Dekara,1990,F,5
1082954,Dekeisha,1990,F,5
1082955,Delacy,1990,F,5
1082956,Delauren,1990,F,5
1082957,Deleah,1990,F,5
1082958,Delinda,1990,F,5
1082959,Delise,1990,F,5
1082960,Delissia,1990,F,5
1082961,Delonda,1990,F,5
1082962,Delorian,1990,F,5
1082963,Delphina,1990,F,5
1082964,Demara,1990,F,5
1082965,Denai,1990,F,5
1082966,Denaye,1990,F,5
1082967,Denekia,1990,F,5
1082968,Denequa,1990,F,5
1082969,Denette,1990,F,5
1082970,Denica,1990,F,5
1082971,Denine,1990,F,5
1082972,Deniss,1990,F,5
1082973,Denissa,1990,F,5
1082974,Denni,1990,F,5
1082975,Denny,1990,F,5
1082976,Deonica,1990,F,5
1082977,Deonte,1990,F,5
1082978,Deosha,1990,F,5
1082979,Deresha,1990,F,5
1082980,Derian,1990,F,5
1082981,Deshana,1990,F,5
1082982,Deshanae,1990,F,5
1082983,Deshanda,1990,F,5
1082984,Deshanta,1990,F,5
1082985,Deshara,1990,F,5
1082986,Deshaun,1990,F,5
1082987,Desirai,1990,F,5
1082988,Desirree,1990,F,5
1082989,Desrae,1990,F,5
1082990,Destri,1990,F,5
1082991,Destynie,1990,F,5
1082992,Detria,1990,F,5
1082993,Devanee,1990,F,5
1082994,Devanna,1990,F,5
1082995,Devery,1990,F,5
1082996,Devondra,1990,F,5
1082997,Devynne,1990,F,5
1082998,Dewana,1990,F,5
1082999,Dezare,1990,F,5
1083000,Dezrae,1990,F,5
1083001,Diamonds,1990,F,5
1083002,Dianah,1990,F,5
1083003,Dianira,1990,F,5
1083004,Dichelle,1990,F,5
1083005,Diera,1990,F,5
1083006,Dietra,1990,F,5
1083007,Dilara,1990,F,5
1083008,Dilia,1990,F,5
1083009,Dimonique,1990,F,5
1083010,Dinae,1990,F,5
1083011,Dnae,1990,F,5
1083012,Dominga,1990,F,5
1083013,Dominicka,1990,F,5
1083014,Dominik,1990,F,5
1083015,Domonic,1990,F,5
1083016,Donata,1990,F,5
1083017,Donneisha,1990,F,5
1083018,Donsha,1990,F,5
1083019,Donshay,1990,F,5
1083020,Dontia,1990,F,5
1083021,Dorean,1990,F,5
1083022,Doresha,1990,F,5
1083023,Doriann,1990,F,5
1083024,Dorris,1990,F,5
1083025,Drenda,1990,F,5
1083026,Drianna,1990,F,5
1083027,Duaa,1990,F,5
1083028,Dyasia,1990,F,5
1083029,Dyisha,1990,F,5
1083030,Dystany,1990,F,5
1083031,Earlena,1990,F,5
1083032,Earlesha,1990,F,5
1083033,Ebany,1990,F,5
1083034,Eddy,1990,F,5
1083035,Edelyn,1990,F,5
1083036,Edyth,1990,F,5
1083037,Efrat,1990,F,5
1083038,Eilene,1990,F,5
1083039,Eilis,1990,F,5
1083040,Eilzabeth,1990,F,5
1083041,Eimly,1990,F,5
1083042,Eisha,1990,F,5
1083043,Ekaterina,1990,F,5
1083044,Ekta,1990,F,5
1083045,Eladia,1990,F,5
1083046,Elane,1990,F,5
1083047,Elani,1990,F,5
1083048,Elaysha,1990,F,5
1083049,Eleftheria,1990,F,5
1083050,Eleonore,1990,F,5
1083051,Elese,1990,F,5
1083052,Elexia,1990,F,5
1083053,Eliazbeth,1990,F,5
1083054,Eliot,1990,F,5
1083055,Elisabel,1990,F,5
1083056,Elizandra,1990,F,5
1083057,Elizette,1990,F,5
1083058,Elke,1990,F,5
1083059,Ellana,1990,F,5
1083060,Ellesse,1990,F,5
1083061,Ellice,1990,F,5
1083062,Ellyssa,1990,F,5
1083063,Elpidia,1990,F,5
1083064,Elsha,1990,F,5
1083065,Elyza,1990,F,5
1083066,Elza,1990,F,5
1083067,Emaly,1990,F,5
1083068,Emanuel,1990,F,5
1083069,Emanuella,1990,F,5
1083070,Emari,1990,F,5
1083071,Emelda,1990,F,5
1083072,Emiliana,1990,F,5
1083073,Emilianne,1990,F,5
1083074,Emilio,1990,F,5
1083075,Emine,1990,F,5
1083076,Emmali,1990,F,5
1083077,Emme,1990,F,5
1083078,Emmilee,1990,F,5
1083079,Emmylou,1990,F,5
1083080,Emon,1990,F,5
1083081,Enas,1990,F,5
1083082,Endya,1990,F,5
1083083,Enisha,1990,F,5
1083084,Enna,1990,F,5
1083085,Enrique,1990,F,5
1083086,Era,1990,F,5
1083087,Eran,1990,F,5
1083088,Erandi,1990,F,5
1083089,Eriana,1990,F,5
1083090,Ericanicole,1990,F,5
1083091,Erielle,1990,F,5
1083092,Ernisha,1990,F,5
1083093,Ervin,1990,F,5
1083094,Eryca,1990,F,5
1083095,Erynne,1990,F,5
1083096,Estefanny,1990,F,5
1083097,Esteffany,1990,F,5
1083098,Esthefany,1990,F,5
1083099,Eternity,1990,F,5
1083100,Eugene,1990,F,5
1083101,Evalynn,1990,F,5
1083102,Evamaria,1990,F,5
1083103,Everlyn,1990,F,5
1083104,Evian,1990,F,5
1083105,Evonda,1990,F,5
1083106,Evyn,1990,F,5
1083107,Falan,1990,F,5
1083108,Falecia,1990,F,5
1083109,Falen,1990,F,5
1083110,Fanchon,1990,F,5
1083111,Fancy,1990,F,5
1083112,Faneisha,1990,F,5
1083113,Fani,1990,F,5
1083114,Fantasha,1990,F,5
1083115,Farnaz,1990,F,5
1083116,Farra,1990,F,5
1083117,Farzana,1990,F,5
1083118,Fatemeh,1990,F,5
1083119,Fatime,1990,F,5
1083120,Fatisha,1990,F,5
1083121,Fauna,1990,F,5
1083122,Feliciana,1990,F,5
1083123,Felisia,1990,F,5
1083124,Felita,1990,F,5
1083125,Fendi,1990,F,5
1083126,Forrest,1990,F,5
1083127,Fotini,1990,F,5
1083128,Frady,1990,F,5
1083129,Fraida,1990,F,5
1083130,Franca,1990,F,5
1083131,Francoise,1990,F,5
1083132,Frannie,1990,F,5
1083133,Freddy,1990,F,5
1083134,Frederick,1990,F,5
1083135,Fredia,1990,F,5
1083136,Fredrika,1990,F,5
1083137,Freedom,1990,F,5
1083138,Gaitlin,1990,F,5
1083139,Gaylene,1990,F,5
1083140,Geana,1990,F,5
1083141,Geanie,1990,F,5
1083142,Geanine,1990,F,5
1083143,Geisha,1990,F,5
1083144,Geneen,1990,F,5
1083145,Genele,1990,F,5
1083146,Generra,1990,F,5
1083147,Genese,1990,F,5
1083148,Geni,1990,F,5
1083149,Genia,1990,F,5
1083150,Genifer,1990,F,5
1083151,Geordan,1990,F,5
1083152,Georganna,1990,F,5
1083153,Geovana,1990,F,5
1083154,Gerrika,1990,F,5
1083155,Ghada,1990,F,5
1083156,Ghislaine,1990,F,5
1083157,Giani,1990,F,5
1083158,Gianinna,1990,F,5
1083159,Gianne,1990,F,5
1083160,Gicela,1990,F,5
1083161,Gidget,1990,F,5
1083162,Gila,1990,F,5
1083163,Gilbert,1990,F,5
1083164,Gioconda,1990,F,5
1083165,Gipsy,1990,F,5
1083166,Girl,1990,F,5
1083167,Gita,1990,F,5
1083168,Gitel,1990,F,5
1083169,Giustina,1990,F,5
1083170,Gizzel,1990,F,5
1083171,Gladiz,1990,F,5
1083172,Glenne,1990,F,5
1083173,Glori,1990,F,5
1083174,Gloribel,1990,F,5
1083175,Gopi,1990,F,5
1083176,Graci,1990,F,5
1083177,Graciella,1990,F,5
1083178,Graham,1990,F,5
1083179,Grant,1990,F,5
1083180,Gregoria,1990,F,5
1083181,Grey,1990,F,5
1083182,Greyson,1990,F,5
1083183,Grisela,1990,F,5
1083184,Grisell,1990,F,5
1083185,Guerline,1990,F,5
1083186,Gustavo,1990,F,5
1083187,Gwyn,1990,F,5
1083188,Hadar,1990,F,5
1083189,Hadeel,1990,F,5
1083190,Hadia,1990,F,5
1083191,Hagar,1990,F,5
1083192,Hagen,1990,F,5
1083193,Haide,1990,F,5
1083194,Haillie,1990,F,5
1083195,Hajra,1990,F,5
1083196,Halea,1990,F,5
1083197,Haliegh,1990,F,5
1083198,Halla,1990,F,5
1083199,Hanifa,1990,F,5
1083200,Hannahmarie,1990,F,5
1083201,Hardeep,1990,F,5
1083202,Harini,1990,F,5
1083203,Harjot,1990,F,5
1083204,Hava,1990,F,5
1083205,Havana,1990,F,5
1083206,Hayde,1990,F,5
1083207,Heath,1990,F,5
1083208,Heathyr,1990,F,5
1083209,Hedieh,1990,F,5
1083210,Heidiann,1990,F,5
1083211,Hela,1990,F,5
1083212,Helga,1990,F,5
1083213,Helia,1990,F,5
1083214,Hemali,1990,F,5
1083215,Henchy,1990,F,5
1083216,Henya,1990,F,5
1083217,Hermila,1990,F,5
1083218,Heydi,1990,F,5
1083219,Hibah,1990,F,5
1083220,Hila,1990,F,5
1083221,Hli,1990,F,5
1083222,Holleigh,1990,F,5
1083223,Hollister,1990,F,5
1083224,Honesty,1990,F,5
1083225,Ibet,1990,F,5
1083226,Ibon,1990,F,5
1083227,Icee,1990,F,5
1083228,Icela,1990,F,5
1083229,Ife,1990,F,5
1083230,Ikeshia,1990,F,5
1083231,Ikia,1990,F,5
1083232,Ilaisaane,1990,F,5
1083233,Ilena,1990,F,5
1083234,Ilicia,1990,F,5
1083235,Ilise,1990,F,5
1083236,Imogene,1990,F,5
1083237,Imunique,1990,F,5
1083238,Ingris,1990,F,5
1083239,Iram,1990,F,5
1083240,Iresha,1990,F,5
1083241,Iriana,1990,F,5
1083242,Isai,1990,F,5
1083243,Isamari,1990,F,5
1083244,Ishia,1990,F,5
1083245,Isidra,1990,F,5
1083246,Isley,1990,F,5
1083247,Issa,1990,F,5
1083248,Ivelis,1990,F,5
1083249,Ivori,1990,F,5
1083250,Iza,1990,F,5
1083251,Jabora,1990,F,5
1083252,Jabria,1990,F,5
1083253,Jace,1990,F,5
1083254,Jaceline,1990,F,5
1083255,Jackalynn,1990,F,5
1083256,Jackelynn,1990,F,5
1083257,Jackolyn,1990,F,5
1083258,Jacoby,1990,F,5
1083259,Jacole,1990,F,5
1083260,Jacolyn,1990,F,5
1083261,Jacora,1990,F,5
1083262,Jacoya,1990,F,5
1083263,Jacqlynn,1990,F,5
1083264,Jacquisha,1990,F,5
1083265,Jacqulene,1990,F,5
1083266,Jadah,1990,F,5
1083267,Jahayra,1990,F,5
1083268,Jahzeel,1990,F,5
1083269,Jaicee,1990,F,5
1083270,Jaimey,1990,F,5
1083271,Jaina,1990,F,5
1083272,Jaisha,1990,F,5
1083273,Jakyra,1990,F,5
1083274,Jalea,1990,F,5
1083275,Jaleisha,1990,F,5
1083276,Jalencia,1990,F,5
1083277,Jalexis,1990,F,5
1083278,Jalie,1990,F,5
1083279,Jalishia,1990,F,5
1083280,Jalita,1990,F,5
1083281,Jalyssia,1990,F,5
1083282,Jamaal,1990,F,5
1083283,Jamae,1990,F,5
1083284,Jamarah,1990,F,5
1083285,Jamaya,1990,F,5
1083286,Jameca,1990,F,5
1083287,Jameila,1990,F,5
1083288,Jamequa,1990,F,5
1083289,Jametrice,1990,F,5
1083290,Jametta,1990,F,5
1083291,Jamiela,1990,F,5
1083292,Jamile,1990,F,5
1083293,Jamisa,1990,F,5
1083294,Jamita,1990,F,5
1083295,Jancy,1990,F,5
1083296,Janeal,1990,F,5
1083297,Janeeka,1990,F,5
1083298,Janeesa,1990,F,5
1083299,Janeia,1990,F,5
1083300,Janeli,1990,F,5
1083301,Janelis,1990,F,5
1083302,Janelli,1990,F,5
1083303,Janill,1990,F,5
1083304,Janisse,1990,F,5
1083305,Janiya,1990,F,5
1083306,Jann,1990,F,5
1083307,Jannelly,1990,F,5
1083308,Jannely,1990,F,5
1083309,Jannessa,1990,F,5
1083310,Janvier,1990,F,5
1083311,Jaque,1990,F,5
1083312,Jaqueta,1990,F,5
1083313,Jaquinta,1990,F,5
1083314,Jaquis,1990,F,5
1083315,Jasdeep,1990,F,5
1083316,Jasenia,1990,F,5
1083317,Jasie,1990,F,5
1083318,Jasmynn,1990,F,5
1083319,Jatoya,1990,F,5
1083320,Jaynice,1990,F,5
1083321,Jaz,1990,F,5
1083322,Jazamine,1990,F,5
1083323,Jazline,1990,F,5
1083324,Jazmina,1990,F,5
1083325,Jazsmine,1990,F,5
1083326,Jazzmene,1990,F,5
1083327,Jeanete,1990,F,5
1083328,Jeanina,1990,F,5
1083329,Jeanise,1990,F,5
1083330,Jelani,1990,F,5
1083331,Jelesia,1990,F,5
1083332,Jelisia,1990,F,5
1083333,Jemimah,1990,F,5
1083334,Jenipher,1990,F,5
1083335,Jenisse,1990,F,5
1083336,Jenita,1990,F,5
1083337,Jennee,1990,F,5
1083338,Jenya,1990,F,5
1083339,Jequetta,1990,F,5
1083340,Jerah,1990,F,5
1083341,Jeraldine,1990,F,5
1083342,Jeremiah,1990,F,5
1083343,Jerin,1990,F,5
1083344,Jeronda,1990,F,5
1083345,Jeronica,1990,F,5
1083346,Jesalyn,1990,F,5
1083347,Jesie,1990,F,5
1083348,Jessaca,1990,F,5
1083349,Jessca,1990,F,5
1083350,Jessicaanne,1990,F,5
1083351,Jessical,1990,F,5
1083352,Jessicalee,1990,F,5
1083353,Jessican,1990,F,5
1083354,Jessice,1990,F,5
1083355,Jetaime,1990,F,5
1083356,Jetaun,1990,F,5
1083357,Jhasmine,1990,F,5
1083358,Jherrica,1990,F,5
1083359,Jhordan,1990,F,5
1083360,Jilliam,1990,F,5
1083361,Jilliann,1990,F,5
1083362,Jillien,1990,F,5
1083363,Jimmi,1990,F,5
1083364,Jinan,1990,F,5
1083365,Jinnifer,1990,F,5
1083366,Jiovana,1990,F,5
1083367,Jiovanna,1990,F,5
1083368,Jisela,1990,F,5
1083369,Joahnna,1990,F,5
1083370,Joani,1990,F,5
1083371,Joeleen,1990,F,5
1083372,Joelyn,1990,F,5
1083373,Joelynn,1990,F,5
1083374,Johneka,1990,F,5
1083375,Johneshia,1990,F,5
1083376,Johni,1990,F,5
1083377,Johnnita,1990,F,5
1083378,Jolean,1990,F,5
1083379,Jolecia,1990,F,5
1083380,Joleesa,1990,F,5
1083381,Jonda,1990,F,5
1083382,Jonea,1990,F,5
1083383,Jonessa,1990,F,5
1083384,Joniqua,1990,F,5
1083385,Jonise,1990,F,5
1083386,Jory,1990,F,5
1083387,Josee,1990,F,5
1083388,Joselyne,1990,F,5
1083389,Josetta,1990,F,5
1083390,Joshlin,1990,F,5
1083391,Jossette,1990,F,5
1083392,Jovannie,1990,F,5
1083393,Jovi,1990,F,5
1083394,Jovonne,1990,F,5
1083395,Joyclyn,1990,F,5
1083396,Joyia,1990,F,5
1083397,Joyous,1990,F,5
1083398,Jozlynn,1990,F,5
1083399,Juanna,1990,F,5
1083400,Judah,1990,F,5
1083401,Judea,1990,F,5
1083402,Juhee,1990,F,5
1083403,Jule,1990,F,5
1083404,Julica,1990,F,5
1083405,Julita,1990,F,5
1083406,Julius,1990,F,5
1083407,Junia,1990,F,5
1083408,Justy,1990,F,5
1083409,Jyllian,1990,F,5
1083410,Kabao,1990,F,5
1083411,Kabrina,1990,F,5
1083412,Kadedra,1990,F,5
1083413,Kadeja,1990,F,5
1083414,Kadey,1990,F,5
1083415,Kahley,1990,F,5
1083416,Kahyla,1990,F,5
1083417,Kailan,1990,F,5
1083418,Kainoa,1990,F,5
1083419,Kaite,1990,F,5
1083420,Kaiti,1990,F,5
1083421,Kaitlee,1990,F,5
1083422,Kaitlinn,1990,F,5
1083423,Kaityln,1990,F,5
1083424,Kaiyla,1990,F,5
1083425,Kajuana,1990,F,5
1083426,Kalaya,1990,F,5
1083427,Kalenna,1990,F,5
1083428,Kaleshia,1990,F,5
1083429,Kalima,1990,F,5
1083430,Kalimah,1990,F,5
1083431,Kalisa,1990,F,5
1083432,Kalise,1990,F,5
1083433,Kalishia,1990,F,5
1083434,Kalle,1990,F,5
1083435,Kalleigh,1990,F,5
1083436,Kamarie,1990,F,5
1083437,Kamee,1990,F,5
1083438,Kameka,1990,F,5
1083439,Kamilia,1990,F,5
1083440,Kamillia,1990,F,5
1083441,Kamla,1990,F,5
1083442,Kandyse,1990,F,5
1083443,Kane,1990,F,5
1083444,Kanesia,1990,F,5
1083445,Kaniya,1990,F,5
1083446,Kantrice,1990,F,5
1083447,Kanya,1990,F,5
1083448,Karanda,1990,F,5
1083449,Kareem,1990,F,5
1083450,Karitza,1990,F,5
1083451,Karlita,1990,F,5
1083452,Karnecia,1990,F,5
1083453,Karneisha,1990,F,5
1083454,Karsyn,1990,F,5
1083455,Karynn,1990,F,5
1083456,Kashema,1990,F,5
1083457,Kashika,1990,F,5
1083458,Kashima,1990,F,5
1083459,Kashira,1990,F,5
1083460,Kassara,1990,F,5
1083461,Kassee,1990,F,5
1083462,Kassidee,1990,F,5
1083463,Kasye,1990,F,5
1083464,Kata,1990,F,5
1083465,Kataya,1990,F,5
1083466,Kateline,1990,F,5
1083467,Katerra,1990,F,5
1083468,Kateryn,1990,F,5
1083469,Katessa,1990,F,5
1083470,Kathe,1990,F,5
1083471,Kathleenann,1990,F,5
1083472,Kathline,1990,F,5
1083473,Kathreen,1990,F,5
1083474,Katieanne,1990,F,5
1083475,Katrece,1990,F,5
1083476,Katria,1990,F,5
1083477,Katriece,1990,F,5
1083478,Katrinka,1990,F,5
1083479,Katylyn,1990,F,5
1083480,Kaui,1990,F,5
1083481,Kaydie,1990,F,5
1083482,Kayelynn,1990,F,5
1083483,Kaylaa,1990,F,5
1083484,Kayland,1990,F,5
1083485,Kayona,1990,F,5
1083486,Kaytlan,1990,F,5
1083487,Kazandra,1990,F,5
1083488,Keaire,1990,F,5
1083489,Kealoha,1990,F,5
1083490,Keandria,1990,F,5
1083491,Keani,1990,F,5
1083492,Keayra,1990,F,5
1083493,Kee,1990,F,5
1083494,Keeanna,1990,F,5
1083495,Keedra,1990,F,5
1083496,Keeona,1990,F,5
1083497,Keeshia,1990,F,5
1083498,Keeva,1990,F,5
1083499,Keina,1990,F,5
1083500,Keirstyn,1990,F,5
1083501,Keisey,1990,F,5
1083502,Kelah,1990,F,5
1083503,Kelda,1990,F,5
1083504,Kelina,1990,F,5
1083505,Kelisa,1990,F,5
1083506,Kellea,1990,F,5
1083507,Kelsa,1990,F,5
1083508,Kelvin,1990,F,5
1083509,Kelynn,1990,F,5
1083510,Ken,1990,F,5
1083511,Kendl,1990,F,5
1083512,Kendre,1990,F,5
1083513,Kendrya,1990,F,5
1083514,Kenetta,1990,F,5
1083515,Kennette,1990,F,5
1083516,Kenra,1990,F,5
1083517,Kentara,1990,F,5
1083518,Kenza,1990,F,5
1083519,Keontae,1990,F,5
1083520,Keora,1990,F,5
1083521,Kerilynn,1990,F,5
1083522,Kerryann,1990,F,5
1083523,Keshanda,1990,F,5
1083524,Kessa,1990,F,5
1083525,Ketisha,1990,F,5
1083526,Ketra,1990,F,5
1083527,Ketty,1990,F,5
1083528,Keuna,1990,F,5
1083529,Kevisha,1990,F,5
1083530,Keyandrea,1990,F,5
1083531,Keyasha,1990,F,5
1083532,Keyatta,1990,F,5
1083533,Keyauna,1990,F,5
1083534,Keyiana,1990,F,5
1083535,Keyunna,1990,F,5
1083536,Khalidah,1990,F,5
1083537,Khalila,1990,F,5
1083538,Khira,1990,F,5
1083539,Khrysta,1990,F,5
1083540,Kiala,1990,F,5
1083541,Kiamesha,1990,F,5
1083542,Kiandria,1990,F,5
1083543,Kiane,1990,F,5
1083544,Kiari,1990,F,5
1083545,Kiawna,1990,F,5
1083546,Kieley,1990,F,5
1083547,Kieren,1990,F,5
1083548,Kili,1990,F,5
1083549,Kimbely,1990,F,5
1083550,Kimchi,1990,F,5
1083551,Kimeka,1990,F,5
1083552,Kimie,1990,F,5
1083553,Kimmi,1990,F,5
1083554,Kimra,1990,F,5
1083555,Kimyata,1990,F,5
1083556,Kinberly,1990,F,5
1083557,Kineshia,1990,F,5
1083558,Kinya,1990,F,5
1083559,Kinyada,1990,F,5
1083560,Kinza,1990,F,5
1083561,Kinzy,1990,F,5
1083562,Kiora,1990,F,5
1083563,Kirstian,1990,F,5
1083564,Kirstien,1990,F,5
1083565,Kiswanna,1990,F,5
1083566,Kit,1990,F,5
1083567,Kitara,1990,F,5
1083568,Kitra,1990,F,5
1083569,Kiyoshi,1990,F,5
1083570,Klaryssa,1990,F,5
1083571,Kleigh,1990,F,5
1083572,Korea,1990,F,5
1083573,Korinn,1990,F,5
1083574,Kou,1990,F,5
1083575,Kourtny,1990,F,5
1083576,Koy,1990,F,5
1083577,Kriselda,1990,F,5
1083578,Krishanna,1990,F,5
1083579,Krisia,1990,F,5
1083580,Krissandra,1990,F,5
1083581,Krissi,1990,F,5
1083582,Krisstina,1990,F,5
1083583,Kristara,1990,F,5
1083584,Kristell,1990,F,5
1083585,Krystah,1990,F,5
1083586,Krystalin,1990,F,5
1083587,Krystalle,1990,F,5
1083588,Krystalynne,1990,F,5
1083589,Krystol,1990,F,5
1083590,Kt,1990,F,5
1083591,Kursty,1990,F,5
1083592,Kwana,1990,F,5
1083593,Kwanisha,1990,F,5
1083594,Kwanzaa,1990,F,5
1083595,Kyiana,1990,F,5
1083596,Kylena,1990,F,5
1083597,Kylesha,1990,F,5
1083598,Kyllie,1990,F,5
1083599,Kyly,1990,F,5
1083600,Kymberle,1990,F,5
1083601,Kymberley,1990,F,5
1083602,Kymesha,1990,F,5
1083603,Kyndell,1990,F,5
1083604,Kyree,1990,F,5
1083605,Labrisha,1990,F,5
1083606,Lacci,1990,F,5
1083607,Lachell,1990,F,5
1083608,Lacynda,1990,F,5
1083609,Ladana,1990,F,5
1083610,Ladara,1990,F,5
1083611,Ladena,1990,F,5
1083612,Ladetra,1990,F,5
1083613,Ladia,1990,F,5
1083614,Ladonya,1990,F,5
1083615,Ladreama,1990,F,5
1083616,Laela,1990,F,5
1083617,Laetitia,1990,F,5
1083618,Lagenia,1990,F,5
1083619,Lahna,1990,F,5
1083620,Lailah,1990,F,5
1083621,Laira,1990,F,5
1083622,Lajean,1990,F,5
1083623,Lakaysha,1990,F,5
1083624,Lakethia,1990,F,5
1083625,Lakiah,1990,F,5
1083626,Lakietha,1990,F,5
1083627,Lakrystal,1990,F,5
1083628,Lakshmi,1990,F,5
1083629,Lakyndra,1990,F,5
1083630,Lakysha,1990,F,5
1083631,Lamaya,1990,F,5
1083632,Lamekia,1990,F,5
1083633,Lamica,1990,F,5
1083634,Lananh,1990,F,5
1083635,Lance,1990,F,5
1083636,Landa,1990,F,5
1083637,Landis,1990,F,5
1083638,Landon,1990,F,5
1083639,Landy,1990,F,5
1083640,Laneice,1990,F,5
1083641,Lanese,1990,F,5
1083642,Laporchea,1990,F,5
1083643,Laporshe,1990,F,5
1083644,Laprincess,1990,F,5
1083645,Laquaisha,1990,F,5
1083646,Laquaya,1990,F,5
1083647,Laqueda,1990,F,5
1083648,Larelle,1990,F,5
1083649,Lari,1990,F,5
1083650,Larie,1990,F,5
1083651,Larinda,1990,F,5
1083652,Laroya,1990,F,5
1083653,Larrie,1990,F,5
1083654,Laryn,1990,F,5
1083655,Lashanette,1990,F,5
1083656,Lashari,1990,F,5
1083657,Lasharra,1990,F,5
1083658,Lashayna,1990,F,5
1083659,Latana,1990,F,5
1083660,Latarra,1990,F,5
1083661,Lateefa,1990,F,5
1083662,Latefa,1990,F,5
1083663,Latieka,1990,F,5
1083664,Latierra,1990,F,5
1083665,Latigra,1990,F,5
1083666,Latijera,1990,F,5
1083667,Latondra,1990,F,5
1083668,Latrea,1990,F,5
1083669,Latreece,1990,F,5
1083670,Latrena,1990,F,5
1083671,Lauramarie,1990,F,5
1083672,Laurelyn,1990,F,5
1083673,Laurencia,1990,F,5
1083674,Lauria,1990,F,5
1083675,Laurine,1990,F,5
1083676,Lavasia,1990,F,5
1083677,Lavia,1990,F,5
1083678,Laya,1990,F,5
1083679,Laycie,1990,F,5
1083680,Laynie,1990,F,5
1083681,Laysa,1990,F,5
1083682,Laysha,1990,F,5
1083683,Leagh,1990,F,5
1083684,Leanette,1990,F,5
1083685,Leidi,1990,F,5
1083686,Leilanie,1990,F,5
1083687,Leinani,1990,F,5
1083688,Leland,1990,F,5
1083689,Lendsey,1990,F,5
1083690,Lendy,1990,F,5
1083691,Leonardo,1990,F,5
1083692,Leota,1990,F,5
1083693,Lequitta,1990,F,5
1083694,Leshawn,1990,F,5
1083695,Lesleyann,1990,F,5
1083696,Letica,1990,F,5
1083697,Lexine,1990,F,5
1083698,Leydi,1990,F,5
1083699,Lezlee,1990,F,5
1083700,Liliann,1990,F,5
1083701,Lillianne,1990,F,5
1083702,Lilyan,1990,F,5
1083703,Lilyanna,1990,F,5
1083704,Lincoln,1990,F,5
1083705,Lindia,1990,F,5
1083706,Lindly,1990,F,5
1083707,Linze,1990,F,5
1083708,Lior,1990,F,5
1083709,Lira,1990,F,5
1083710,Lisbett,1990,F,5
1083711,Lisl,1990,F,5
1083712,Little,1990,F,5
1083713,Liv,1990,F,5
1083714,Lizzete,1990,F,5
1083715,Lonnesha,1990,F,5
1083716,Lonni,1990,F,5
1083717,Lorah,1990,F,5
1083718,Loralei,1990,F,5
1083719,Loranda,1990,F,5
1083720,Lorayne,1990,F,5
1083721,Lorean,1990,F,5
1083722,Lorenia,1990,F,5
1083723,Lorenzo,1990,F,5
1083724,Lorrain,1990,F,5
1083725,Lorriane,1990,F,5
1083726,Lorry,1990,F,5
1083727,Lorryn,1990,F,5
1083728,Lucianne,1990,F,5
1083729,Lucita,1990,F,5
1083730,Luckie,1990,F,5
1083731,Luserito,1990,F,5
1083732,Lutisha,1990,F,5
1083733,Lydian,1990,F,5
1083734,Lydiann,1990,F,5
1083735,Lyly,1990,F,5
1083736,Lylybell,1990,F,5
1083737,Lyndia,1990,F,5
1083738,Lyndze,1990,F,5
1083739,Lyndzie,1990,F,5
1083740,Lynesha,1990,F,5
1083741,Lyneshia,1990,F,5
1083742,Lynisha,1990,F,5
1083743,Lynnann,1990,F,5
1083744,Lynnell,1990,F,5
1083745,Lynnmarie,1990,F,5
1083746,Lynnsie,1990,F,5
1083747,Lytina,1990,F,5
1083748,Macala,1990,F,5
1083749,Madalaine,1990,F,5
1083750,Maddy,1990,F,5
1083751,Madelina,1990,F,5
1083752,Madelon,1990,F,5
1083753,Madelynne,1990,F,5
1083754,Madiha,1990,F,5
1083755,Madinah,1990,F,5
1083756,Maelyn,1990,F,5
1083757,Magally,1990,F,5
1083758,Magdelena,1990,F,5
1083759,Magenta,1990,F,5
1083760,Magin,1990,F,5
1083761,Maguadalupe,1990,F,5
1083762,Maham,1990,F,5
1083763,Maheen,1990,F,5
1083764,Mahogani,1990,F,5
1083765,Mahogony,1990,F,5
1083766,Maide,1990,F,5
1083767,Maika,1990,F,5
1083768,Maikia,1990,F,5
1083769,Maisa,1990,F,5
1083770,Majd,1990,F,5
1083771,Makeia,1990,F,5
1083772,Makeisha,1990,F,5
1083773,Makela,1990,F,5
1083774,Makella,1990,F,5
1083775,Makeya,1990,F,5
1083776,Makyla,1990,F,5
1083777,Malcolm,1990,F,5
1083778,Maleika,1990,F,5
1083779,Malekia,1990,F,5
1083780,Malesha,1990,F,5
1083781,Malicka,1990,F,5
1083782,Malieka,1990,F,5
1083783,Maliha,1990,F,5
1083784,Malloree,1990,F,5
1083785,Mandana,1990,F,5
1083786,Mandeep,1990,F,5
1083787,Manique,1990,F,5
1083788,Maple,1990,F,5
1083789,Marbel,1990,F,5
1083790,Marbeya,1990,F,5
1083791,Marchell,1990,F,5
1083792,Mareah,1990,F,5
1083793,Maressia,1990,F,5
1083794,Margareth,1990,F,5
1083795,Margarida,1990,F,5
1083796,Margherita,1990,F,5
1083797,Margrett,1990,F,5
1083798,Marguerita,1990,F,5
1083799,Mariadel,1990,F,5
1083800,Mariaelizabeth,1990,F,5
1083801,Mariaha,1990,F,5
1083802,Mariangela,1990,F,5
1083803,Maribella,1990,F,5
1083804,Marieka,1990,F,5
1083805,Marielis,1990,F,5
1083806,Marilla,1990,F,5
1083807,Marisel,1990,F,5
1083808,Mariska,1990,F,5
1083809,Mariyam,1990,F,5
1083810,Marizza,1990,F,5
1083811,Marjory,1990,F,5
1083812,Markelle,1990,F,5
1083813,Markki,1990,F,5
1083814,Marlea,1990,F,5
1083815,Marlette,1990,F,5
1083816,Marlys,1990,F,5
1083817,Marlyse,1990,F,5
1083818,Marnae,1990,F,5
1083819,Marquasha,1990,F,5
1083820,Marquea,1990,F,5
1083821,Marquella,1990,F,5
1083822,Marquerite,1990,F,5
1083823,Marquez,1990,F,5
1083824,Marrianne,1990,F,5
1083825,Marrisha,1990,F,5
1083826,Marshe,1990,F,5
1083827,Marshon,1990,F,5
1083828,Martavia,1990,F,5
1083829,Marteeka,1990,F,5
1083830,Marvel,1990,F,5
1083831,Marybell,1990,F,5
1083832,Marykathryn,1990,F,5
1083833,Maryna,1990,F,5
1083834,Maryse,1990,F,5
1083835,Maryuri,1990,F,5
1083836,Masey,1990,F,5
1083837,Mashal,1990,F,5
1083838,Matisha,1990,F,5
1083839,Mauria,1990,F,5
1083840,Mayeli,1990,F,5
1083841,Maysa,1990,F,5
1083842,Mayu,1990,F,5
1083843,Mckenzy,1990,F,5
1083844,Mckinsie,1990,F,5
1083845,Meadow,1990,F,5
1083846,Meah,1990,F,5
1083847,Meahgan,1990,F,5
1083848,Mechella,1990,F,5
1083849,Mecia,1990,F,5
1083850,Mega,1990,F,5
1083851,Meganmarie,1990,F,5
1083852,Meggen,1990,F,5
1083853,Meghanne,1990,F,5
1083854,Meghna,1990,F,5
1083855,Megyn,1990,F,5
1083856,Meha,1990,F,5
1083857,Mehreen,1990,F,5
1083858,Meike,1990,F,5
1083859,Mekel,1990,F,5
1083860,Melenaite,1990,F,5
1083861,Melisssa,1990,F,5
1083862,Melizza,1990,F,5
1083863,Melyna,1990,F,5
1083864,Mercadez,1990,F,5
1083865,Meredeth,1990,F,5
1083866,Merida,1990,F,5
1083867,Merriah,1990,F,5
1083868,Mesa,1990,F,5
1083869,Mette,1990,F,5
1083870,Mey,1990,F,5
1083871,Miatta,1990,F,5
1083872,Michaelina,1990,F,5
1083873,Michalla,1990,F,5
1083874,Miche,1990,F,5
1083875,Michelene,1990,F,5
1083876,Michellle,1990,F,5
1083877,Mickenzie,1990,F,5
1083878,Mieisha,1990,F,5
1083879,Mikaella,1990,F,5
1083880,Mikaya,1990,F,5
1083881,Mikecia,1990,F,5
1083882,Miketa,1990,F,5
1083883,Mikhail,1990,F,5
1083884,Mikila,1990,F,5
1083885,Mikisha,1990,F,5
1083886,Milca,1990,F,5
1083887,Miller,1990,F,5
1083888,Mily,1990,F,5
1083889,Minal,1990,F,5
1083890,Minami,1990,F,5
1083891,Mindel,1990,F,5
1083892,Minesha,1990,F,5
1083893,Ming,1990,F,5
1083894,Minique,1990,F,5
1083895,Mio,1990,F,5
1083896,Miosoti,1990,F,5
1083897,Mirelle,1990,F,5
1083898,Miria,1990,F,5
1083899,Misato,1990,F,5
1083900,Mischelle,1990,F,5
1083901,Mishalay,1990,F,5
1083902,Mishayla,1990,F,5
1083903,Miyesha,1990,F,5
1083904,Miyoshi,1990,F,5
1083905,Mizuki,1990,F,5
1083906,Mlynn,1990,F,5
1083907,Moana,1990,F,5
1083908,Mohogany,1990,F,5
1083909,Molina,1990,F,5
1083910,Monai,1990,F,5
1083911,Moniquea,1990,F,5
1083912,Montisha,1990,F,5
1083913,Montrell,1990,F,5
1083914,Morayma,1990,F,5
1083915,Morgon,1990,F,5
1083916,Morissa,1990,F,5
1083917,Munirah,1990,F,5
1083918,Murray,1990,F,5
1083919,Mykael,1990,F,5
1083920,Mykeia,1990,F,5
1083921,Mykisha,1990,F,5
1083922,Mylin,1990,F,5
1083923,Mylisha,1990,F,5
1083924,Mynesha,1990,F,5
1083925,Myrian,1990,F,5
1083926,Mystie,1990,F,5
1083927,Nacona,1990,F,5
1083928,Nadea,1990,F,5
1083929,Naeema,1990,F,5
1083930,Naika,1990,F,5
1083931,Naiomi,1990,F,5
1083932,Najirah,1990,F,5
1083933,Nakeesha,1990,F,5
1083934,Nakeeta,1990,F,5
1083935,Naketa,1990,F,5
1083936,Nakeyia,1990,F,5
1083937,Nakeysha,1990,F,5
1083938,Nakiah,1990,F,5
1083939,Nakima,1990,F,5
1083940,Nakisa,1990,F,5
1083941,Nakitta,1990,F,5
1083942,Nakkia,1990,F,5
1083943,Nalisa,1990,F,5
1083944,Nalley,1990,F,5
1083945,Nami,1990,F,5
1083946,Nandita,1990,F,5
1083947,Narges,1990,F,5
1083948,Narmeen,1990,F,5
1083949,Nataley,1990,F,5
1083950,Natalyn,1990,F,5
1083951,Natania,1990,F,5
1083952,Natara,1990,F,5
1083953,Natasja,1990,F,5
1083954,Nateesha,1990,F,5
1083955,Nathania,1990,F,5
1083956,Naticia,1990,F,5
1083957,Natilee,1990,F,5
1083958,Natilie,1990,F,5
1083959,Natrice,1990,F,5
1083960,Ndia,1990,F,5
1083961,Neela,1990,F,5
1083962,Negeen,1990,F,5
1083963,Negin,1990,F,5
1083964,Neidy,1990,F,5
1083965,Neil,1990,F,5
1083966,Neira,1990,F,5
1083967,Neli,1990,F,5
1083968,Nelson,1990,F,5
1083969,Nerrissa,1990,F,5
1083970,Netanya,1990,F,5
1083971,Neveen,1990,F,5
1083972,Nevin,1990,F,5
1083973,Nguyen,1990,F,5
1083974,Nicci,1990,F,5
1083975,Nickesha,1990,F,5
1083976,Nicle,1990,F,5
1083977,Nicloe,1990,F,5
1083978,Nijia,1990,F,5
1083979,Nikaya,1990,F,5
1083980,Nikcole,1990,F,5
1083981,Nikea,1990,F,5
1083982,Nikie,1990,F,5
1083983,Nikola,1990,F,5
1083984,Nikolle,1990,F,5
1083985,Nili,1990,F,5
1083986,Niquita,1990,F,5
1083987,Nira,1990,F,5
1083988,Nishika,1990,F,5
1083989,Nitya,1990,F,5
1083990,Niva,1990,F,5
1083991,Nkiru,1990,F,5
1083992,Nohealani,1990,F,5
1083993,Nohelani,1990,F,5
1083994,November,1990,F,5
1083995,Nurah,1990,F,5
1083996,Nuri,1990,F,5
1083997,Nyja,1990,F,5
1083998,Nykeemah,1990,F,5
1083999,Nzinga,1990,F,5
1084000,Oceania,1990,F,5
1084001,Octavius,1990,F,5
1084002,Odilia,1990,F,5
1084003,Olethea,1990,F,5
1084004,Olisha,1990,F,5
1084005,Olivea,1990,F,5
1084006,Olutoyin,1990,F,5
1084007,Oluwakemi,1990,F,5
1084008,Olvia,1990,F,5
1084009,Oma,1990,F,5
1084010,Omolara,1990,F,5
1084011,Onesha,1990,F,5
1084012,Oneyda,1990,F,5
1084013,Ong,1990,F,5
1084014,Oona,1990,F,5
1084015,Orlando,1990,F,5
1084016,Orli,1990,F,5
1084017,Osheanna,1990,F,5
1084018,Oyuki,1990,F,5
1084019,Oyuky,1990,F,5
1084020,Paig,1990,F,5
1084021,Paislee,1990,F,5
1084022,Palak,1990,F,5
1084023,Panyia,1990,F,5
1084024,Pardis,1990,F,5
1084025,Pari,1990,F,5
1084026,Pashia,1990,F,5
1084027,Patreece,1990,F,5
1084028,Paulene,1990,F,5
1084029,Paulett,1990,F,5
1084030,Paullina,1990,F,5
1084031,Pearla,1990,F,5
1084032,Penni,1990,F,5
1084033,Pepper,1990,F,5
1084034,Perrin,1990,F,5
1084035,Perris,1990,F,5
1084036,Persia,1990,F,5
1084037,Petrona,1990,F,5
1084038,Phadra,1990,F,5
1084039,Phalicia,1990,F,5
1084040,Pheobe,1990,F,5
1084041,Philecia,1990,F,5
1084042,Phillipa,1990,F,5
1084043,Philomena,1990,F,5
1084044,Phuonganh,1990,F,5
1084045,Phylisia,1990,F,5
1084046,Pomaikai,1990,F,5
1084047,Preana,1990,F,5
1084048,Preciosa,1990,F,5
1084049,Precyous,1990,F,5
1084050,Prescious,1990,F,5
1084051,Preya,1990,F,5
1084052,Prianna,1990,F,5
1084053,Princella,1990,F,5
1084054,Princes,1990,F,5
1084055,Princetta,1990,F,5
1084056,Quanetra,1990,F,5
1084057,Quaniesha,1990,F,5
1084058,Quanta,1990,F,5
1084059,Quatia,1990,F,5
1084060,Quenetta,1990,F,5
1084061,Quesha,1990,F,5
1084062,Quina,1990,F,5
1084063,Quincie,1990,F,5
1084064,Quineshia,1990,F,5
1084065,Quinshay,1990,F,5
1084066,Quintavia,1990,F,5
1084067,Quinteria,1990,F,5
1084068,Quintesha,1990,F,5
1084069,Quintia,1990,F,5
1084070,Quintonia,1990,F,5
1084071,Quiona,1990,F,5
1084072,Quiyana,1990,F,5
1084073,Quortney,1990,F,5
1084074,Quynhnhu,1990,F,5
1084075,Rabeka,1990,F,5
1084076,Rabekah,1990,F,5
1084077,Rachyl,1990,F,5
1084078,Raenesha,1990,F,5
1084079,Raeshelle,1990,F,5
1084080,Raevin,1990,F,5
1084081,Raiana,1990,F,5
1084082,Raigan,1990,F,5
1084083,Raima,1990,F,5
1084084,Rainbow,1990,F,5
1084085,Rajni,1990,F,5
1084086,Rakisha,1990,F,5
1084087,Ralanda,1990,F,5
1084088,Ralisha,1990,F,5
1084089,Ralph,1990,F,5
1084090,Ramandeep,1990,F,5
1084091,Ramika,1990,F,5
1084092,Ramina,1990,F,5
1084093,Ranada,1990,F,5
1084094,Randell,1990,F,5
1084095,Ranell,1990,F,5
1084096,Ranie,1990,F,5
1084097,Raniyah,1990,F,5
1084098,Ranna,1990,F,5
1084099,Raphaela,1990,F,5
1084100,Raqueal,1990,F,5
1084101,Raquita,1990,F,5
1084102,Rashad,1990,F,5
1084103,Rashan,1990,F,5
1084104,Rashia,1990,F,5
1084105,Rashieka,1990,F,5
1084106,Rashun,1990,F,5
1084107,Ravine,1990,F,5
1084108,Rayan,1990,F,5
1084109,Raylena,1990,F,5
1084110,Rayona,1990,F,5
1084111,Rayshawna,1990,F,5
1084112,Rayshell,1990,F,5
1084113,Razan,1990,F,5
1084114,Reegan,1990,F,5
1084115,Regis,1990,F,5
1084116,Reisa,1990,F,5
1084117,Reka,1990,F,5
1084118,Remington,1990,F,5
1084119,Renarda,1990,F,5
1084120,Renatta,1990,F,5
1084121,Renda,1990,F,5
1084122,Renecia,1990,F,5
1084123,Reneta,1990,F,5
1084124,Renia,1990,F,5
1084125,Rennie,1990,F,5
1084126,Renu,1990,F,5
1084127,Resham,1990,F,5
1084128,Reshunda,1990,F,5
1084129,Reynalda,1990,F,5
1084130,Rhena,1990,F,5
1084131,Rhetta,1990,F,5
1084132,Riah,1990,F,5
1084133,Riannon,1990,F,5
1084134,Rickeisha,1990,F,5
1084135,Ricquel,1990,F,5
1084136,Rida,1990,F,5
1084137,Riketa,1990,F,5
1084138,Rikkia,1990,F,5
1084139,Ritu,1990,F,5
1084140,Rivers,1990,F,5
1084141,Roanne,1990,F,5
1084142,Rodneshia,1990,F,5
1084143,Rogelio,1990,F,5
1084144,Roiza,1990,F,5
1084145,Rolando,1990,F,5
1084146,Romeka,1990,F,5
1084147,Romika,1990,F,5
1084148,Rondalyn,1990,F,5
1084149,Ronea,1990,F,5
1084150,Roneesha,1990,F,5
1084151,Ronicia,1990,F,5
1084152,Ronishia,1990,F,5
1084153,Ronnee,1990,F,5
1084154,Ronneka,1990,F,5
1084155,Ronnita,1990,F,5
1084156,Rontavia,1990,F,5
1084157,Rori,1990,F,5
1084158,Rorie,1990,F,5
1084159,Rosandra,1990,F,5
1084160,Roselin,1990,F,5
1084161,Roshan,1990,F,5
1084162,Roshana,1990,F,5
1084163,Roshini,1990,F,5
1084164,Rosmery,1990,F,5
1084165,Rotem,1990,F,5
1084166,Rowan,1990,F,5
1084167,Roxan,1990,F,5
1084168,Roxi,1990,F,5
1084169,Roxsana,1990,F,5
1084170,Royale,1990,F,5
1084171,Rozlynn,1990,F,5
1084172,Rubisela,1990,F,5
1084173,Rudie,1990,F,5
1084174,Russia,1990,F,5
1084175,Ruthy,1990,F,5
1084176,Ryana,1990,F,5
1084177,Ryeisha,1990,F,5
1084178,Ryna,1990,F,5
1084179,Rynn,1990,F,5
1084180,Sabena,1990,F,5
1084181,Sabriyah,1990,F,5
1084182,Sachiko,1990,F,5
1084183,Saddie,1990,F,5
1084184,Saeeda,1990,F,5
1084185,Sakena,1990,F,5
1084186,Sala,1990,F,5
1084187,Salimah,1990,F,5
1084188,Salisa,1990,F,5
1084189,Salita,1990,F,5
1084190,Saloni,1990,F,5
1084191,Salyna,1990,F,5
1084192,Sam,1990,F,5
1084193,Samanda,1990,F,5
1084194,Samanthe,1990,F,5
1084195,Sameen,1990,F,5
1084196,Sameka,1990,F,5
1084197,Samentha,1990,F,5
1084198,Sametra,1990,F,5
1084199,Sametria,1990,F,5
1084200,Samie,1990,F,5
1084201,Sammy,1990,F,5
1084202,Sammyjo,1990,F,5
1084203,Sanaz,1990,F,5
1084204,Sandee,1990,F,5
1084205,Saniya,1990,F,5
1084206,Sanjana,1990,F,5
1084207,Santeria,1990,F,5
1084208,Santoya,1990,F,5
1084209,Santrell,1990,F,5
1084210,Santrice,1990,F,5
1084211,Saprina,1990,F,5
1084212,Saquoya,1990,F,5
1084213,Sarae,1990,F,5
1084214,Sarahlyn,1990,F,5
1084215,Saramarie,1990,F,5
1084216,Sashae,1990,F,5
1084217,Satira,1990,F,5
1084218,Satomi,1990,F,5
1084219,Satori,1990,F,5
1084220,Savannaha,1990,F,5
1084221,Savita,1990,F,5
1084222,Sayla,1990,F,5
1084223,Scottia,1990,F,5
1084224,Seanne,1990,F,5
1084225,Seda,1990,F,5
1084226,Sefora,1990,F,5
1084227,Selam,1990,F,5
1084228,Selenne,1990,F,5
1084229,Seleta,1990,F,5
1084230,Selisa,1990,F,5
1084231,Sendi,1990,F,5
1084232,Senita,1990,F,5
1084233,Senteria,1990,F,5
1084234,Seqouia,1990,F,5
1084235,Sequena,1990,F,5
1084236,Serah,1990,F,5
1084237,Seraphina,1990,F,5
1084238,Seri,1990,F,5
1084239,Seslie,1990,F,5
1084240,Sevasti,1990,F,5
1084241,Shabana,1990,F,5
1084242,Shabina,1990,F,5
1084243,Shacole,1990,F,5
1084244,Shacoria,1990,F,5
1084245,Shacourtney,1990,F,5
1084246,Shadee,1990,F,5
1084247,Shadi,1990,F,5
1084248,Shadiyah,1990,F,5
1084249,Shadrika,1990,F,5
1084250,Shady,1990,F,5
1084251,Shaheeda,1990,F,5
1084252,Shahira,1990,F,5
1084253,Shailey,1990,F,5
1084254,Shaine,1990,F,5
1084255,Shajuan,1990,F,5
1084256,Shakeerah,1990,F,5
1084257,Shakenya,1990,F,5
1084258,Shaketha,1990,F,5
1084259,Shakethia,1990,F,5
1084260,Shalaunda,1990,F,5
1084261,Shalece,1990,F,5
1084262,Shaleigha,1990,F,5
1084263,Shalen,1990,F,5
1084264,Shaleshia,1990,F,5
1084265,Shalice,1990,F,5
1084266,Shalynne,1990,F,5
1084267,Shalyssa,1990,F,5
1084268,Shamanique,1990,F,5
1084269,Shameia,1990,F,5
1084270,Shamel,1990,F,5
1084271,Shamella,1990,F,5
1084272,Shamere,1990,F,5
1084273,Shamese,1990,F,5
1084274,Shamise,1990,F,5
1084275,Shamora,1990,F,5
1084276,Shan,1990,F,5
1084277,Shanasha,1990,F,5
1084278,Shandale,1990,F,5
1084279,Shandee,1990,F,5
1084280,Shaneqwa,1990,F,5
1084281,Shaneta,1990,F,5
1084282,Shanetria,1990,F,5
1084283,Shaniel,1990,F,5
1084284,Shanitta,1990,F,5
1084285,Shanne,1990,F,5
1084286,Shanque,1990,F,5
1084287,Shanquel,1990,F,5
1084288,Shanquil,1990,F,5
1084289,Shantalle,1990,F,5
1084290,Shantania,1990,F,5
1084291,Shantanique,1990,F,5
1084292,Shantasha,1990,F,5
1084293,Shantavious,1990,F,5
1084294,Shantella,1990,F,5
1084295,Shanthi,1990,F,5
1084296,Shantiqua,1990,F,5
1084297,Shantrelle,1990,F,5
1084298,Shantrese,1990,F,5
1084299,Shanygne,1990,F,5
1084300,Shanyn,1990,F,5
1084301,Shaqua,1990,F,5
1084302,Shaquale,1990,F,5
1084303,Shaquania,1990,F,5
1084304,Shaque,1990,F,5
1084305,Shaquesha,1990,F,5
1084306,Shaquette,1990,F,5
1084307,Shaquin,1990,F,5
1084308,Shaquina,1990,F,5
1084309,Shaqwana,1990,F,5
1084310,Sharalyn,1990,F,5
1084311,Shardea,1990,F,5
1084312,Shardee,1990,F,5
1084313,Shareeka,1990,F,5
1084314,Shareema,1990,F,5
1084315,Shareeta,1990,F,5
1084316,Sharesa,1990,F,5
1084317,Sharey,1990,F,5
1084318,Sharida,1990,F,5
1084319,Sharlette,1990,F,5
1084320,Sharley,1990,F,5
1084321,Sharlotte,1990,F,5
1084322,Sharnece,1990,F,5
1084323,Sharnisha,1990,F,5
1084324,Sharrah,1990,F,5
1084325,Shatell,1990,F,5
1084326,Shaterria,1990,F,5
1084327,Shatila,1990,F,5
1084328,Shatiqua,1990,F,5
1084329,Shaunti,1990,F,5
1084330,Shaurice,1990,F,5
1084331,Shavae,1990,F,5
1084332,Shavonn,1990,F,5
1084333,Shawday,1990,F,5
1084334,Shawnay,1990,F,5
1084335,Shawnea,1990,F,5
1084336,Shawneequa,1990,F,5
1084337,Shawntal,1990,F,5
1084338,Shawntaya,1990,F,5
1084339,Shawntea,1990,F,5
1084340,Shawntee,1990,F,5
1084341,Shawntelle,1990,F,5
1084342,Shawntika,1990,F,5
1084343,Shawntrell,1990,F,5
1084344,Shayana,1990,F,5
1084345,Shayanna,1990,F,5
1084346,Shaylan,1990,F,5
1084347,Shaylen,1990,F,5
1084348,Shaynah,1990,F,5
1084349,Shayvonne,1990,F,5
1084350,Sheindy,1990,F,5
1084351,Sheliah,1990,F,5
1084352,Sheliza,1990,F,5
1084353,Shellyann,1990,F,5
1084354,Shemaiah,1990,F,5
1084355,Shemera,1990,F,5
1084356,Shenai,1990,F,5
1084357,Shenaye,1990,F,5
1084358,Shenia,1990,F,5
1084359,Shenitra,1990,F,5
1084360,Shephanie,1990,F,5
1084361,Shequilla,1990,F,5
1084362,Sheraya,1990,F,5
1084363,Sheretta,1990,F,5
1084364,Sheriah,1990,F,5
1084365,Sherisa,1990,F,5
1084366,Sherisse,1990,F,5
1084367,Sherray,1990,F,5
1084368,Sherwanda,1990,F,5
1084369,Shery,1990,F,5
1084370,Shevi,1990,F,5
1084371,Shiane,1990,F,5
1084372,Shiena,1990,F,5
1084373,Shikera,1990,F,5
1084374,Shikha,1990,F,5
1084375,Shikia,1990,F,5
1084376,Shilla,1990,F,5
1084377,Shinika,1990,F,5
1084378,Shinita,1990,F,5
1084379,Shirae,1990,F,5
1084380,Shirika,1990,F,5
1084381,Shirleen,1990,F,5
1084382,Shirlene,1990,F,5
1084383,Shley,1990,F,5
1084384,Shoko,1990,F,5
1084385,Shonae,1990,F,5
1084386,Shondreka,1990,F,5
1084387,Shontal,1990,F,5
1084388,Shontrice,1990,F,5
1084389,Shoshanah,1990,F,5
1084390,Shoshannah,1990,F,5
1084391,Shoshone,1990,F,5
1084392,Shreen,1990,F,5
1084393,Shuntavia,1990,F,5
1084394,Shweta,1990,F,5
1084395,Shykia,1990,F,5
1084396,Shylee,1990,F,5
1084397,Shyma,1990,F,5
1084398,Shyneka,1990,F,5
1084399,Shynese,1990,F,5
1084400,Sicily,1990,F,5
1084401,Silena,1990,F,5
1084402,Sisilia,1990,F,5
1084403,Ski,1990,F,5
1084404,Skilar,1990,F,5
1084405,Skylor,1990,F,5
1084406,So,1990,F,5
1084407,Sobia,1990,F,5
1084408,Soha,1990,F,5
1084409,Sojourner,1990,F,5
1084410,Somaly,1990,F,5
1084411,Sonora,1990,F,5
1084412,Sonum,1990,F,5
1084413,Sopheap,1990,F,5
1084414,Soroya,1990,F,5
1084415,Stachia,1990,F,5
1084416,Stacye,1990,F,5
1084417,Stamatia,1990,F,5
1084418,Starleen,1990,F,5
1084419,Starletta,1990,F,5
1084420,Stefannie,1990,F,5
1084421,Stephan,1990,F,5
1084422,Stephanic,1990,F,5
1084423,Stephie,1990,F,5
1084424,Stevanie,1990,F,5
1084425,Stevette,1990,F,5
1084426,Sthephanie,1990,F,5
1084427,Stormee,1990,F,5
1084428,Sugar,1990,F,5
1084429,Sugeily,1990,F,5
1084430,Suhey,1990,F,5
1084431,Sujin,1990,F,5
1084432,Suleika,1990,F,5
1084433,Sultana,1990,F,5
1084434,Surya,1990,F,5
1084435,Suzane,1990,F,5
1084436,Swetha,1990,F,5
1084437,Sybrina,1990,F,5
1084438,Sydnye,1990,F,5
1084439,Syeeda,1990,F,5
1084440,Sylwia,1990,F,5
1084441,Synovia,1990,F,5
1084442,Syntia,1990,F,5
1084443,Tabrea,1990,F,5
1084444,Tacia,1990,F,5
1084445,Tahina,1990,F,5
1084446,Taijah,1990,F,5
1084447,Taj,1990,F,5
1084448,Tajanae,1990,F,5
1084449,Takedra,1990,F,5
1084450,Takeela,1990,F,5
1084451,Takemia,1990,F,5
1084452,Takendra,1990,F,5
1084453,Takirah,1990,F,5
1084454,Taleesha,1990,F,5
1084455,Taler,1990,F,5
1084456,Talika,1990,F,5
1084457,Taline,1990,F,5
1084458,Talyah,1990,F,5
1084459,Tamarae,1990,F,5
1084460,Tamaris,1990,F,5
1084461,Tambria,1990,F,5
1084462,Tameca,1990,F,5
1084463,Tamerra,1990,F,5
1084464,Tamicia,1990,F,5
1084465,Tamikah,1990,F,5
1084466,Taminka,1990,F,5
1084467,Tamirra,1990,F,5
1084468,Tamlyn,1990,F,5
1084469,Tammra,1990,F,5
1084470,Tamora,1990,F,5
1084471,Tamyia,1990,F,5
1084472,Tanairi,1990,F,5
1084473,Tanara,1990,F,5
1084474,Tanashia,1990,F,5
1084475,Tanavia,1990,F,5
1084476,Taneal,1990,F,5
1084477,Tanedra,1990,F,5
1084478,Tanee,1990,F,5
1084479,Tanera,1990,F,5
1084480,Tanesa,1990,F,5
1084481,Tanganika,1990,F,5
1084482,Tanina,1990,F,5
1084483,Tanisa,1990,F,5
1084484,Tanise,1990,F,5
1084485,Taquisa,1990,F,5
1084486,Taquoia,1990,F,5
1084487,Taronda,1990,F,5
1084488,Tarron,1990,F,5
1084489,Tashan,1990,F,5
1084490,Tashanique,1990,F,5
1084491,Tasharra,1990,F,5
1084492,Tashawn,1990,F,5
1084493,Tasheeka,1990,F,5
1084494,Tasmin,1990,F,5
1084495,Tava,1990,F,5
1084496,Tavanna,1990,F,5
1084497,Tavona,1990,F,5
1084498,Tavonna,1990,F,5
1084499,Tawnni,1990,F,5
1084500,Tay,1990,F,5
1084501,Tayana,1990,F,5
1084502,Taylin,1990,F,5
1084503,Taylre,1990,F,5
1084504,Teandrea,1990,F,5
1084505,Tearsa,1990,F,5
1084506,Teasa,1990,F,5
1084507,Teaya,1990,F,5
1084508,Tecola,1990,F,5
1084509,Tehya,1990,F,5
1084510,Teighlor,1990,F,5
1084511,Tekesha,1990,F,5
1084512,Tekira,1990,F,5
1084513,Telina,1990,F,5
1084514,Tempess,1990,F,5
1084515,Tempsett,1990,F,5
1084516,Tendria,1990,F,5
1084517,Tene,1990,F,5
1084518,Teneya,1990,F,5
1084519,Teodora,1990,F,5
1084520,Teoshia,1990,F,5
1084521,Tequia,1990,F,5
1084522,Teralyn,1990,F,5
1084523,Tere,1990,F,5
1084524,Teriann,1990,F,5
1084525,Terilyn,1990,F,5
1084526,Teronica,1990,F,5
1084527,Terrencia,1990,F,5
1084528,Terresha,1990,F,5
1084529,Terriana,1990,F,5
1084530,Terrice,1990,F,5
1084531,Terris,1990,F,5
1084532,Terron,1990,F,5
1084533,Tesheena,1990,F,5
1084534,Teysha,1990,F,5
1084535,Thalya,1990,F,5
1084536,Thandiwe,1990,F,5
1084537,Thavy,1990,F,5
1084538,Thema,1990,F,5
1084539,Theora,1990,F,5
1084540,Thomasine,1990,F,5
1084541,Thuyvi,1990,F,5
1084542,Tiania,1990,F,5
1084543,Tiarre,1990,F,5
1084544,Tiawana,1990,F,5
1084545,Tierrah,1990,F,5
1084546,Tierria,1990,F,5
1084547,Tiersa,1990,F,5
1084548,Tiffanni,1990,F,5
1084549,Tiffinie,1990,F,5
1084550,Tihara,1990,F,5
1084551,Tiki,1990,F,5
1084552,Tikisha,1990,F,5
1084553,Tilisha,1990,F,5
1084554,Timberlee,1990,F,5
1084555,Timira,1990,F,5
1084556,Tinea,1990,F,5
1084557,Ting,1990,F,5
1084558,Tionne,1990,F,5
1084559,Tkeya,1990,F,5
1084560,Tobey,1990,F,5
1084561,Tocara,1990,F,5
1084562,Tolulope,1990,F,5
1084563,Tonae,1990,F,5
1084564,Tondra,1990,F,5
1084565,Tonea,1990,F,5
1084566,Tonilynn,1990,F,5
1084567,Tonishia,1990,F,5
1084568,Tonye,1990,F,5
1084569,Toree,1990,F,5
1084570,Torianna,1990,F,5
1084571,Torria,1990,F,5
1084572,Toshima,1990,F,5
1084573,Totianna,1990,F,5
1084574,Tranecia,1990,F,5
1084575,Traneisha,1990,F,5
1084576,Traniece,1990,F,5
1084577,Travina,1990,F,5
1084578,Travon,1990,F,5
1084579,Trechelle,1990,F,5
1084580,Trenace,1990,F,5
1084581,Trenika,1990,F,5
1084582,Trenna,1990,F,5
1084583,Trinae,1990,F,5
1084584,Trinere,1990,F,5
1084585,Trinette,1990,F,5
1084586,Trischa,1990,F,5
1084587,Tristany,1990,F,5
1084588,Triston,1990,F,5
1084589,Trivia,1990,F,5
1084590,Trixie,1990,F,5
1084591,Troya,1990,F,5
1084592,TRUE,1990,F,5
1084593,Tuesdai,1990,F,5
1084594,Tulsa,1990,F,5
1084595,Tyaira,1990,F,5
1084596,Tyasha,1990,F,5
1084597,Tyera,1990,F,5
1084598,Tyka,1990,F,5
1084599,Tylecia,1990,F,5
1084600,Tyleisha,1990,F,5
1084601,Tyna,1990,F,5
1084602,Tynieka,1990,F,5
1084603,Tyquesha,1990,F,5
1084604,Tyreesha,1990,F,5
1084605,Tyrice,1990,F,5
1084606,Tysa,1990,F,5
1084607,Tysheema,1990,F,5
1084608,Tysheena,1990,F,5
1084609,Tzipporah,1990,F,5
1084610,Ulises,1990,F,5
1084611,Uma,1990,F,5
1084612,Uriel,1990,F,5
1084613,Ursela,1990,F,5
1084614,Uzma,1990,F,5
1084615,Valeen,1990,F,5
1084616,Vallie,1990,F,5
1084617,Valory,1990,F,5
1084618,Vana,1990,F,5
1084619,Vanessamarie,1990,F,5
1084620,Vanette,1990,F,5
1084621,Vannary,1990,F,5
1084622,Vannia,1990,F,5
1084623,Vantasia,1990,F,5
1084624,Vantrice,1990,F,5
1084625,Vasilia,1990,F,5
1084626,Velinda,1990,F,5
1084627,Vena,1990,F,5
1084628,Venetia,1990,F,5
1084629,Ventura,1990,F,5
1084630,Verinica,1990,F,5
1084631,Vernae,1990,F,5
1084632,Vernesha,1990,F,5
1084633,Vernessa,1990,F,5
1084634,Veta,1990,F,5
1084635,Victoriaann,1990,F,5
1084636,Victorianna,1990,F,5
1084637,Viki,1990,F,5
1084638,Vinisha,1990,F,5
1084639,Vlora,1990,F,5
1084640,Vonshae,1990,F,5
1084641,Wandy,1990,F,5
1084642,Waneta,1990,F,5
1084643,Wende,1990,F,5
1084644,Wenonah,1990,F,5
1084645,Wesleigh,1990,F,5
1084646,Whitli,1990,F,5
1084647,Winnifred,1990,F,5
1084648,Wittney,1990,F,5
1084649,Wynn,1990,F,5
1084650,Xianna,1990,F,5
1084651,Xiara,1990,F,5
1084652,Xylina,1990,F,5
1084653,Yalda,1990,F,5
1084654,Yamaira,1990,F,5
1084655,Yamel,1990,F,5
1084656,Yaned,1990,F,5
1084657,Yanelli,1990,F,5
1084658,Yeimi,1990,F,5
1084659,Yejide,1990,F,5
1084660,Yenis,1990,F,5
1084661,Yenty,1990,F,5
1084662,Yesena,1990,F,5
1084663,Yisel,1990,F,5
1084664,Yisell,1990,F,5
1084665,Yissel,1990,F,5
1084666,Yleana,1990,F,5
1084667,Yolimar,1990,F,5
1084668,Yulisa,1990,F,5
1084669,Yuna,1990,F,5
1084670,Yvana,1990,F,5
1084671,Yvon,1990,F,5
1084672,Zamara,1990,F,5
1084673,Zanquisha,1990,F,5
1084674,Zaria,1990,F,5
1084675,Zavia,1990,F,5
1084676,Zaynah,1990,F,5
1084677,Zer,1990,F,5
1084678,Zeynep,1990,F,5
1084679,Ziena,1990,F,5
1084680,Zisel,1990,F,5
1084681,Zissel,1990,F,5
1084682,Zissy,1990,F,5
1084683,Zlata,1990,F,5
1084684,Michael,1990,M,65274
1084685,Christopher,1990,M,52323
1084686,Matthew,1990,M,44794
1084687,Joshua,1990,M,43214
1084688,Daniel,1990,M,33809
1084689,David,1990,M,33741
1084690,Andrew,1990,M,33653
1084691,James,1990,M,32344
1084692,Justin,1990,M,30637
1084693,Joseph,1990,M,30122
1084694,Ryan,1990,M,29239
1084695,John,1990,M,29067
1084696,Robert,1990,M,28864
1084697,Nicholas,1990,M,27900
1084698,Anthony,1990,M,25073
1084699,William,1990,M,24884
1084700,Jonathan,1990,M,24064
1084701,Kyle,1990,M,22697
1084702,Brandon,1990,M,22153
1084703,Jacob,1990,M,22005
1084704,Tyler,1990,M,20629
1084705,Zachary,1990,M,20424
1084706,Kevin,1990,M,20401
1084707,Eric,1990,M,19411
1084708,Steven,1990,M,18749
1084709,Thomas,1990,M,18214
1084710,Brian,1990,M,16918
1084711,Alexander,1990,M,16181
1084712,Jordan,1990,M,16128
1084713,Timothy,1990,M,15685
1084714,Cody,1990,M,15392
1084715,Adam,1990,M,14708
1084716,Benjamin,1990,M,14619
1084717,Aaron,1990,M,14549
1084718,Richard,1990,M,13575
1084719,Patrick,1990,M,12372
1084720,Sean,1990,M,12014
1084721,Charles,1990,M,11990
1084722,Stephen,1990,M,11939
1084723,Jeremy,1990,M,11685
1084724,Jose,1990,M,11508
1084725,Travis,1990,M,11453
1084726,Jeffrey,1990,M,10979
1084727,Nathan,1990,M,10934
1084728,Samuel,1990,M,10882
1084729,Mark,1990,M,10681
1084730,Jason,1990,M,10676
1084731,Jesse,1990,M,8980
1084732,Paul,1990,M,8578
1084733,Dustin,1990,M,8453
1084734,Gregory,1990,M,8377
1084735,Kenneth,1990,M,8259
1084736,Scott,1990,M,8082
1084737,Derek,1990,M,8074
1084738,Austin,1990,M,7909
1084739,Corey,1990,M,7690
1084740,Bryan,1990,M,7435
1084741,Ethan,1990,M,6987
1084742,Alex,1990,M,6941
1084743,Christian,1990,M,6775
1084744,Juan,1990,M,6735
1084745,Cameron,1990,M,6663
1084746,Jared,1990,M,6639
1084747,Taylor,1990,M,6574
1084748,Bradley,1990,M,6430
1084749,Luis,1990,M,5788
1084750,Cory,1990,M,5763
1084751,Edward,1990,M,5741
1084752,Shawn,1990,M,5719
1084753,Ian,1990,M,5460
1084754,Evan,1990,M,5307
1084755,Marcus,1990,M,5297
1084756,Shane,1990,M,5271
1084757,Peter,1990,M,5215
1084758,Carlos,1990,M,5207
1084759,Trevor,1990,M,5140
1084760,Antonio,1990,M,4864
1084761,Vincent,1990,M,4798
1084762,George,1990,M,4564
1084763,Keith,1990,M,4481
1084764,Phillip,1990,M,4453
1084765,Victor,1990,M,4440
1084766,Dylan,1990,M,4412
1084767,Brett,1990,M,4392
1084768,Chad,1990,M,4349
1084769,Nathaniel,1990,M,4341
1084770,Donald,1990,M,4177
1084771,Caleb,1990,M,4153
1084772,Casey,1990,M,4130
1084773,Jesus,1990,M,4127
1084774,Blake,1990,M,4101
1084775,Raymond,1990,M,4061
1084776,Mitchell,1990,M,4019
1084777,Adrian,1990,M,3999
1084778,Joel,1990,M,3998
1084779,Erik,1990,M,3950
1084780,Ronald,1990,M,3900
1084781,Devin,1990,M,3862
1084782,Garrett,1990,M,3755
1084783,Gabriel,1990,M,3694
1084784,Miguel,1990,M,3693
1084785,Seth,1990,M,3560
1084786,Douglas,1990,M,3544
1084787,Logan,1990,M,3431
1084788,Spencer,1990,M,3418
1084789,Derrick,1990,M,3363
1084790,Wesley,1990,M,3314
1084791,Johnathan,1990,M,3246
1084792,Frank,1990,M,3186
1084793,Chase,1990,M,3158
1084794,Philip,1990,M,3140
1084795,Lucas,1990,M,3084
1084796,Martin,1990,M,3080
1084797,Gary,1990,M,3069
1084798,Francisco,1990,M,2929
1084799,Jorge,1990,M,2912
1084800,Craig,1990,M,2905
1084801,Luke,1990,M,2878
1084802,Mario,1990,M,2821
1084803,Ricardo,1990,M,2800
1084804,Curtis,1990,M,2798
1084805,Colin,1990,M,2781
1084806,Julian,1990,M,2697
1084807,Jonathon,1990,M,2667
1084808,Alan,1990,M,2639
1084809,Alejandro,1990,M,2636
1084810,Brent,1990,M,2608
1084811,Troy,1990,M,2503
1084812,Dennis,1990,M,2491
1084813,Johnny,1990,M,2480
1084814,Randy,1990,M,2473
1084815,Isaac,1990,M,2427
1084816,Angel,1990,M,2404
1084817,Manuel,1990,M,2391
1084818,Oscar,1990,M,2326
1084819,Jeffery,1990,M,2320
1084820,Andre,1990,M,2296
1084821,Henry,1990,M,2253
1084822,Colton,1990,M,2232
1084823,Jake,1990,M,2221
1084824,Allen,1990,M,2218
1084825,Russell,1990,M,2213
1084826,Edgar,1990,M,2203
1084827,Larry,1990,M,2193
1084828,Carl,1990,M,2189
1084829,Jerry,1990,M,2183
1084830,Tony,1990,M,2181
1084831,Mathew,1990,M,2175
1084832,Eduardo,1990,M,2159
1084833,Roberto,1990,M,2093
1084834,Devon,1990,M,2057
1084835,Darius,1990,M,2032
1084836,Clayton,1990,M,2029
1084837,Jeremiah,1990,M,2006
1084838,Brendan,1990,M,1997
1084839,Hector,1990,M,1986
1084840,Javier,1990,M,1977
1084841,Todd,1990,M,1975
1084842,Omar,1990,M,1972
1084843,Drew,1990,M,1953
1084844,Sergio,1990,M,1934
1084845,Danny,1990,M,1916
1084846,Marc,1990,M,1900
1084847,Terry,1990,M,1891
1084848,Kristopher,1990,M,1858
1084849,Jack,1990,M,1831
1084850,Albert,1990,M,1826
1084851,Louis,1990,M,1818
1084852,Bryce,1990,M,1816
1084853,Edwin,1990,M,1814
1084854,Max,1990,M,1791
1084855,Jimmy,1990,M,1786
1084856,Calvin,1990,M,1782
1084857,Lawrence,1990,M,1779
1084858,Micheal,1990,M,1771
1084859,Ricky,1990,M,1759
1084860,Ivan,1990,M,1748
1084861,Ruben,1990,M,1743
1084862,Fernando,1990,M,1729
1084863,Levi,1990,M,1716
1084864,Rodney,1990,M,1710
1084865,Lance,1990,M,1696
1084866,Grant,1990,M,1691
1084867,Dillon,1990,M,1682
1084868,Bobby,1990,M,1678
1084869,Xavier,1990,M,1647
1084870,Nicolas,1990,M,1640
1084871,Maxwell,1990,M,1626
1084872,Dominic,1990,M,1624
1084873,Ross,1990,M,1618
1084874,Walter,1990,M,1613
1084875,Randall,1990,M,1602
1084876,Dalton,1990,M,1572
1084877,Julio,1990,M,1553
1084878,Dakota,1990,M,1549
1084879,Pedro,1990,M,1541
1084880,Arthur,1990,M,1540
1084881,Preston,1990,M,1528
1084882,Cesar,1990,M,1505
1084883,Darren,1990,M,1505
1084884,Rafael,1990,M,1502
1084885,Clinton,1990,M,1499
1084886,Andres,1990,M,1497
1084887,Bryant,1990,M,1492
1084888,Maurice,1990,M,1489
1084889,Isaiah,1990,M,1487
1084890,Dominique,1990,M,1485
1084891,Mason,1990,M,1476
1084892,Joe,1990,M,1459
1084893,Raul,1990,M,1459
1084894,Roger,1990,M,1456
1084895,Gerald,1990,M,1451
1084896,Lee,1990,M,1448
1084897,Billy,1990,M,1438
1084898,Jaime,1990,M,1436
1084899,Jon,1990,M,1422
1084900,Jay,1990,M,1397
1084901,Emmanuel,1990,M,1396
1084902,Hunter,1990,M,1388
1084903,Tanner,1990,M,1387
1084904,Willie,1990,M,1377
1084905,Connor,1990,M,1376
1084906,Erick,1990,M,1368
1084907,Alberto,1990,M,1353
1084908,Shaun,1990,M,1353
1084909,Marco,1990,M,1338
1084910,Jamie,1990,M,1318
1084911,Noah,1990,M,1305
1084912,Armando,1990,M,1288
1084913,Reginald,1990,M,1282
1084914,Jessie,1990,M,1255
1084915,Eddie,1990,M,1248
1084916,Theodore,1990,M,1231
1084917,Zachery,1990,M,1228
1084918,Terrance,1990,M,1225
1084919,Roy,1990,M,1223
1084920,Marvin,1990,M,1216
1084921,Micah,1990,M,1177
1084922,Collin,1990,M,1169
1084923,Bruce,1990,M,1168
1084924,Malcolm,1990,M,1158
1084925,Wayne,1990,M,1149
1084926,Elijah,1990,M,1136
1084927,Abraham,1990,M,1131
1084928,Darrell,1990,M,1129
1084929,Colby,1990,M,1128
1084930,Jamal,1990,M,1111
1084931,Geoffrey,1990,M,1097
1084932,Cole,1990,M,1096
1084933,Johnathon,1990,M,1089
1084934,Ramon,1990,M,1089
1084935,Frederick,1990,M,1077
1084936,Trent,1990,M,1072
1084937,Gerardo,1990,M,1063
1084938,Terrence,1990,M,1055
1084939,Darryl,1990,M,1054
1084940,Brock,1990,M,1040
1084941,Marquis,1990,M,1037
1084942,Arturo,1990,M,1036
1084943,Tyrone,1990,M,1029
1084944,Neil,1990,M,1028
1084945,Ronnie,1990,M,1023
1084946,Enrique,1990,M,1021
1084947,Jerome,1990,M,1018
1084948,Byron,1990,M,1014
1084949,Trenton,1990,M,1010
1084950,Steve,1990,M,1004
1084951,Nickolas,1990,M,998
1084952,Miles,1990,M,992
1084953,Tommy,1990,M,981
1084954,Alec,1990,M,978
1084955,Alfredo,1990,M,971
1084956,Marcos,1990,M,961
1084957,Kurt,1990,M,957
1084958,Andy,1990,M,956
1084959,Deandre,1990,M,944
1084960,Melvin,1990,M,939
1084961,Morgan,1990,M,936
1084962,Nelson,1990,M,931
1084963,Harrison,1990,M,928
1084964,Marshall,1990,M,927
1084965,Terrell,1990,M,924
1084966,Ernest,1990,M,920
1084967,Francis,1990,M,916
1084968,Dale,1990,M,907
1084969,Dean,1990,M,893
1084970,Desmond,1990,M,870
1084971,Kelvin,1990,M,868
1084972,Demetrius,1990,M,867
1084973,Salvador,1990,M,867
1084974,Kendall,1990,M,866
1084975,Josue,1990,M,863
1084976,Leonard,1990,M,863
1084977,Gavin,1990,M,860
1084978,Karl,1990,M,856
1084979,Glenn,1990,M,853
1084980,Quinton,1990,M,852
1084981,Donovan,1990,M,850
1084982,Franklin,1990,M,850
1084983,Branden,1990,M,849
1084984,Skyler,1990,M,847
1084985,Nolan,1990,M,845
1084986,Rene,1990,M,838
1084987,Kaleb,1990,M,835
1084988,Kody,1990,M,833
1084989,Jermaine,1990,M,829
1084990,Dwayne,1990,M,827
1084991,Diego,1990,M,826
1084992,Lorenzo,1990,M,826
1084993,Ernesto,1990,M,821
1084994,Riley,1990,M,812
1084995,Eugene,1990,M,810
1084996,Stanley,1990,M,808
1084997,Orlando,1990,M,801
1084998,Brady,1990,M,797
1084999,Chance,1990,M,794
1085000,Israel,1990,M,792
1085001,Jarrod,1990,M,792
1085002,Sebastian,1990,M,792
1085003,Jackson,1990,M,791
1085004,Damon,1990,M,787
1085005,Damian,1990,M,781
1085006,Wade,1990,M,778
1085007,Harold,1990,M,771
1085008,Fabian,1990,M,766
1085009,Landon,1990,M,760
1085010,Zachariah,1990,M,757
1085011,Giovanni,1990,M,755
1085012,Ray,1990,M,755
1085013,Tristan,1990,M,751
1085014,Alvin,1990,M,749
1085015,Damien,1990,M,746
1085016,Zackary,1990,M,743
1085017,Dane,1990,M,739
1085018,Angelo,1990,M,738
1085019,Alexis,1990,M,736
1085020,Beau,1990,M,731
1085021,Quentin,1990,M,729
1085022,Kendrick,1990,M,728
1085023,Warren,1990,M,728
1085024,Gilbert,1990,M,725
1085025,Parker,1990,M,723
1085026,Gustavo,1990,M,722
1085027,Stuart,1990,M,706
1085028,Trey,1990,M,704
1085029,Clifford,1990,M,699
1085030,Kirk,1990,M,697
1085031,Barry,1990,M,694
1085032,Jordon,1990,M,693
1085033,Lamar,1990,M,689
1085034,Kelly,1990,M,686
1085035,Joey,1990,M,684
1085036,Darnell,1990,M,678
1085037,Pablo,1990,M,678
1085038,Josiah,1990,M,677
1085039,Rashad,1990,M,676
1085040,Courtney,1990,M,675
1085041,Elliott,1990,M,672
1085042,Eli,1990,M,667
1085043,Gage,1990,M,666
1085044,Elias,1990,M,665
1085045,Antoine,1990,M,651
1085046,Brad,1990,M,649
1085047,Alfred,1990,M,642
1085048,Dante,1990,M,639
1085049,Stefan,1990,M,638
1085050,Ashton,1990,M,637
1085051,Felix,1990,M,635
1085052,Elliot,1990,M,631
1085053,Emanuel,1990,M,628
1085054,Harry,1990,M,626
1085055,Oliver,1990,M,625
1085056,Roman,1990,M,623
1085057,Simon,1990,M,620
1085058,Clarence,1990,M,618
1085059,Clint,1990,M,617
1085060,Dexter,1990,M,612
1085061,Cedric,1990,M,611
1085062,Hayden,1990,M,610
1085063,Jarrett,1990,M,609
1085064,Tevin,1990,M,607
1085065,Brennan,1990,M,606
1085066,Allan,1990,M,605
1085067,Abel,1990,M,603
1085068,Ralph,1990,M,602
1085069,Rudy,1990,M,602
1085070,Kory,1990,M,598
1085071,Roderick,1990,M,598
1085072,Infant,1990,M,596
1085073,Leon,1990,M,594
1085074,Keenan,1990,M,592
1085075,Dallas,1990,M,591
1085076,Dominick,1990,M,588
1085077,Noel,1990,M,588
1085078,Guillermo,1990,M,586
1085079,Sam,1990,M,584
1085080,Graham,1990,M,582
1085081,Lewis,1990,M,579
1085082,Weston,1990,M,578
1085083,Blaine,1990,M,577
1085084,Rodolfo,1990,M,575
1085085,Julius,1990,M,574
1085086,Howard,1990,M,573
1085087,Akeem,1990,M,570
1085088,Earl,1990,M,570
1085089,Tyson,1990,M,570
1085090,Wyatt,1990,M,570
1085091,Stephan,1990,M,569
1085092,Saul,1990,M,567
1085093,Kurtis,1990,M,566
1085094,Jarred,1990,M,564
1085095,Derick,1990,M,561
1085096,Ismael,1990,M,557
1085097,Esteban,1990,M,556
1085098,Leonardo,1990,M,555
1085099,Hugo,1990,M,551
1085100,Cristian,1990,M,550
1085101,Bret,1990,M,546
1085102,Jamar,1990,M,543
1085103,Zackery,1990,M,543
1085104,Forrest,1990,M,542
1085105,Alfonso,1990,M,537
1085106,Charlie,1990,M,537
1085107,Donte,1990,M,536
1085108,Carlton,1990,M,529
1085109,Corbin,1990,M,528
1085110,Felipe,1990,M,523
1085111,Myles,1990,M,521
1085112,Shannon,1990,M,520
1085113,Bernard,1990,M,516
1085114,Gilberto,1990,M,515
1085115,Kenny,1990,M,514
1085116,Isiah,1990,M,510
1085117,Zane,1990,M,510
1085118,Jarvis,1990,M,509
1085119,Ty,1990,M,508
1085120,Emilio,1990,M,507
1085121,Korey,1990,M,507
1085122,Rogelio,1990,M,505
1085123,Leroy,1990,M,502
1085124,Sheldon,1990,M,501
1085125,Daryl,1990,M,500
1085126,Demarcus,1990,M,498
1085127,Denzel,1990,M,496
1085128,Clay,1990,M,494
1085129,Dwight,1990,M,493
1085130,Coty,1990,M,491
1085131,Chris,1990,M,487
1085132,Brendon,1990,M,485
1085133,Chaz,1990,M,485
1085134,Tyrell,1990,M,485
1085135,Terence,1990,M,482
1085136,Owen,1990,M,479
1085137,Deangelo,1990,M,478
1085138,Perry,1990,M,473
1085139,Carson,1990,M,471
1085140,Marlon,1990,M,469
1085141,Conor,1990,M,466
1085142,Kasey,1990,M,466
1085143,Neal,1990,M,463
1085144,Heath,1990,M,456
1085145,Kameron,1990,M,455
1085146,Sterling,1990,M,451
1085147,Glen,1990,M,450
1085148,Raphael,1990,M,449
1085149,Skylar,1990,M,448
1085150,Moises,1990,M,447
1085151,Fredrick,1990,M,446
1085152,Brenton,1990,M,444
1085153,Norman,1990,M,443
1085154,Gordon,1990,M,441
1085155,Clifton,1990,M,440
1085156,Ali,1990,M,439
1085157,Nikolas,1990,M,438
1085158,Tucker,1990,M,434
1085159,Alonzo,1990,M,429
1085160,Leo,1990,M,429
1085161,Ramiro,1990,M,426
1085162,Davon,1990,M,423
1085163,Wilson,1990,M,416
1085164,Deshawn,1990,M,409
1085165,Ariel,1990,M,405
1085166,Kerry,1990,M,402
1085167,Shayne,1990,M,399
1085168,Braden,1990,M,396
1085169,Chandler,1990,M,396
1085170,Cornelius,1990,M,396
1085171,Kent,1990,M,394
1085172,Vernon,1990,M,394
1085173,Tomas,1990,M,392
1085174,Lloyd,1990,M,391
1085175,Avery,1990,M,387
1085176,Devan,1990,M,387
1085177,Frankie,1990,M,387
1085178,Pierre,1990,M,387
1085179,Jaron,1990,M,385
1085180,Rolando,1990,M,385
1085181,Fred,1990,M,384
1085182,Jayson,1990,M,384
1085183,Keegan,1990,M,384
1085184,Markus,1990,M,384
1085185,Quincy,1990,M,383
1085186,Rickey,1990,M,382
1085187,Quintin,1990,M,381
1085188,Garret,1990,M,380
1085189,Roland,1990,M,380
1085190,Mike,1990,M,379
1085191,Lonnie,1990,M,377
1085192,Rick,1990,M,377
1085193,Darrin,1990,M,376
1085194,Rodrigo,1990,M,376
1085195,Rory,1990,M,373
1085196,Humberto,1990,M,371
1085197,Sidney,1990,M,367
1085198,Ben,1990,M,366
1085199,Tracy,1990,M,364
1085200,Quinn,1990,M,363
1085201,Brenden,1990,M,362
1085202,Jamel,1990,M,359
1085203,Dorian,1990,M,357
1085204,Duane,1990,M,357
1085205,Jean,1990,M,356
1085206,Mackenzie,1990,M,355
1085207,Nathanael,1990,M,355
1085208,Shelby,1990,M,355
1085209,Dion,1990,M,351
1085210,Gerard,1990,M,350
1085211,Lukas,1990,M,349
1085212,Brice,1990,M,348
1085213,Herbert,1990,M,348
1085214,Dana,1990,M,347
1085215,Darin,1990,M,347
1085216,Cortez,1990,M,346
1085217,Antwan,1990,M,345
1085218,Javon,1990,M,343
1085219,Kadeem,1990,M,342
1085220,Clark,1990,M,341
1085221,Efrain,1990,M,341
1085222,Noe,1990,M,341
1085223,Reynaldo,1990,M,341
1085224,Drake,1990,M,340
1085225,Freddy,1990,M,340
1085226,Kristofer,1990,M,340
1085227,Reid,1990,M,339
1085228,Donnie,1990,M,338
1085229,Tylor,1990,M,337
1085230,Adan,1990,M,335
1085231,Mauricio,1990,M,335
1085232,Deon,1990,M,334
1085233,Bryson,1990,M,333
1085234,Jace,1990,M,333
1085235,Marquise,1990,M,333
1085236,Carter,1990,M,332
1085237,Don,1990,M,332
1085238,Everett,1990,M,332
1085239,Jimmie,1990,M,332
1085240,Johnnie,1990,M,328
1085241,Lane,1990,M,328
1085242,Malik,1990,M,328
1085243,Ahmad,1990,M,327
1085244,Arnold,1990,M,327
1085245,Marcel,1990,M,327
1085246,Milton,1990,M,324
1085247,Santiago,1990,M,324
1085248,Tyree,1990,M,324
1085249,Guy,1990,M,323
1085250,Salvatore,1990,M,322
1085251,Jerrod,1990,M,318
1085252,Darrius,1990,M,317
1085253,Kristian,1990,M,315
1085254,Nigel,1990,M,314
1085255,Lamont,1990,M,313
1085256,Kareem,1990,M,312
1085257,Mitchel,1990,M,312
1085258,Freddie,1990,M,310
1085259,Alvaro,1990,M,309
1085260,Toby,1990,M,309
1085261,Jakob,1990,M,306
1085262,Thaddeus,1990,M,305
1085263,Blair,1990,M,304
1085264,Bradford,1990,M,304
1085265,Reuben,1990,M,304
1085266,Kwame,1990,M,299
1085267,Leslie,1990,M,295
1085268,Rico,1990,M,294
1085269,Sammy,1990,M,293
1085270,Vicente,1990,M,293
1085271,Harley,1990,M,292
1085272,Moses,1990,M,292
1085273,Will,1990,M,289
1085274,Stephon,1990,M,285
1085275,Keaton,1990,M,283
1085276,Chadwick,1990,M,282
1085277,Stewart,1990,M,282
1085278,Winston,1990,M,282
1085279,Ignacio,1990,M,281
1085280,Robin,1990,M,281
1085281,Davis,1990,M,280
1085282,Joaquin,1990,M,280
1085283,Aron,1990,M,278
1085284,Anton,1990,M,277
1085285,Bo,1990,M,277
1085286,Griffin,1990,M,277
1085287,Mohammad,1990,M,277
1085288,Issac,1990,M,275
1085289,Liam,1990,M,275
1085290,Rusty,1990,M,273
1085291,Amir,1990,M,272
1085292,Hakeem,1990,M,272
1085293,Leland,1990,M,272
1085294,Baby,1990,M,271
1085295,Guadalupe,1990,M,271
1085296,Irvin,1990,M,270
1085297,German,1990,M,269
1085298,Jasper,1990,M,269
1085299,Deonte,1990,M,268
1085300,Gene,1990,M,267
1085301,Leonel,1990,M,267
1085302,Colten,1990,M,266
1085303,Conrad,1990,M,266
1085304,Nico,1990,M,266
1085305,Jovan,1990,M,265
1085306,Kyler,1990,M,264
1085307,Nestor,1990,M,264
1085308,Ezekiel,1990,M,263
1085309,Ryne,1990,M,263
1085310,Agustin,1990,M,262
1085311,Conner,1990,M,262
1085312,Jackie,1990,M,262
1085313,Loren,1990,M,261
1085314,Lester,1990,M,260
1085315,Darian,1990,M,259
1085316,Lyle,1990,M,257
1085317,Jarod,1990,M,256
1085318,Bradly,1990,M,254
1085319,Herman,1990,M,252
1085320,Floyd,1990,M,251
1085321,Garrick,1990,M,251
1085322,Osvaldo,1990,M,251
1085323,Rigoberto,1990,M,251
1085324,Clyde,1990,M,250
1085325,Ted,1990,M,250
1085326,Dusty,1990,M,249
1085327,Jeff,1990,M,249
1085328,Addison,1990,M,247
1085329,Vance,1990,M,246
1085330,Dewayne,1990,M,245
1085331,Adolfo,1990,M,244
1085332,Khiry,1990,M,244
1085333,Nathanial,1990,M,242
1085334,Sonny,1990,M,240
1085335,Ashley,1990,M,239
1085336,Donnell,1990,M,239
1085337,Jonah,1990,M,239
1085338,Erin,1990,M,238
1085339,Reed,1990,M,238
1085340,Rocky,1990,M,235
1085341,Kellen,1990,M,234
1085342,Paris,1990,M,234
1085343,Dan,1990,M,233
1085344,Jameson,1990,M,233
1085345,Jamison,1990,M,232
1085346,Rex,1990,M,232
1085347,Cecil,1990,M,231
1085348,Lionel,1990,M,231
1085349,Tory,1990,M,231
1085350,Demario,1990,M,230
1085351,Nick,1990,M,229
1085352,Antwon,1990,M,228
1085353,Grayson,1990,M,228
1085354,Jamaal,1990,M,228
1085355,Randolph,1990,M,227
1085356,Arron,1990,M,226
1085357,Chester,1990,M,226
1085358,Bennett,1990,M,225
1085359,Damion,1990,M,225
1085360,Jairo,1990,M,223
1085361,Mohammed,1990,M,223
1085362,Myron,1990,M,222
1085363,Wendell,1990,M,222
1085364,Brooks,1990,M,221
1085365,Heriberto,1990,M,221
1085366,Shea,1990,M,221
1085367,Irving,1990,M,220
1085368,Spenser,1990,M,219
1085369,Bronson,1990,M,218
1085370,Jim,1990,M,217
1085371,Solomon,1990,M,217
1085372,Uriel,1990,M,217
1085373,Jerrell,1990,M,216
1085374,Elmer,1990,M,215
1085375,Octavio,1990,M,215
1085376,Tom,1990,M,215
1085377,Jess,1990,M,214
1085378,Jody,1990,M,214
1085379,Aric,1990,M,213
1085380,Barrett,1990,M,213
1085381,Harvey,1990,M,213
1085382,Otis,1990,M,213
1085383,Josh,1990,M,211
1085384,Male,1990,M,211
1085385,Moshe,1990,M,211
1085386,Royce,1990,M,211
1085387,Austen,1990,M,210
1085388,Alton,1990,M,209
1085389,Cooper,1990,M,208
1085390,Jefferson,1990,M,206
1085391,Bryon,1990,M,205
1085392,Daquan,1990,M,205
1085393,Greg,1990,M,204
1085394,Aubrey,1990,M,203
1085395,Benny,1990,M,203
1085396,Sylvester,1990,M,203
1085397,Ahmed,1990,M,202
1085398,Amos,1990,M,202
1085399,Tyron,1990,M,202
1085400,Braxton,1990,M,201
1085401,Erich,1990,M,201
1085402,Cruz,1990,M,200
1085403,Elvis,1990,M,200
1085404,Estevan,1990,M,200
1085405,Randal,1990,M,199
1085406,Rashawn,1990,M,199
1085407,Tobias,1990,M,199
1085408,Dominque,1990,M,198
1085409,Justen,1990,M,197
1085410,Kelsey,1990,M,197
1085411,Scotty,1990,M,197
1085412,Houston,1990,M,196
1085413,Deven,1990,M,195
1085414,Hassan,1990,M,195
1085415,Dashawn,1990,M,194
1085416,Derik,1990,M,194
1085417,Westley,1990,M,194
1085418,Dontae,1990,M,193
1085419,Hugh,1990,M,193
1085420,Mohamed,1990,M,192
1085421,Ron,1990,M,191
1085422,Unknown,1990,M,191
1085423,Duncan,1990,M,190
1085424,Cristopher,1990,M,189
1085425,Jamil,1990,M,189
1085426,Arsenio,1990,M,188
1085427,Hans,1990,M,187
1085428,Brandan,1990,M,186
1085429,Dandre,1990,M,186
1085430,Santos,1990,M,186
1085431,Cordell,1990,M,184
1085432,Ladarius,1990,M,184
1085433,Robbie,1990,M,184
1085434,Trever,1990,M,184
1085435,Ulysses,1990,M,184
1085436,Vaughn,1990,M,184
1085437,Jaquan,1990,M,183
1085438,Holden,1990,M,182
1085439,Mikel,1990,M,182
1085440,Ellis,1990,M,181
1085441,Jessy,1990,M,180
1085442,Wilfredo,1990,M,180
1085443,Ezra,1990,M,178
1085444,Morris,1990,M,178
1085445,Bernardo,1990,M,177
1085446,Camron,1990,M,177
1085447,Jonas,1990,M,177
1085448,Ezequiel,1990,M,176
1085449,Galen,1990,M,176
1085450,Luther,1990,M,176
1085451,Colt,1990,M,174
1085452,Efren,1990,M,174
1085453,Garry,1990,M,174
1085454,Gonzalo,1990,M,174
1085455,Raheem,1990,M,174
1085456,Brant,1990,M,173
1085457,Darrel,1990,M,173
1085458,Grady,1990,M,173
1085459,Niko,1990,M,171
1085460,Dereck,1990,M,170
1085461,Edgardo,1990,M,170
1085462,Maximilian,1990,M,170
1085463,Jerod,1990,M,169
1085464,Marty,1990,M,169
1085465,Pete,1990,M,169
1085466,Dario,1990,M,168
1085467,Martez,1990,M,168
1085468,Kirby,1990,M,167
1085469,Coleman,1990,M,166
1085470,Cullen,1990,M,166
1085471,Gino,1990,M,166
1085472,Dejuan,1990,M,165
1085473,Josef,1990,M,165
1085474,Reece,1990,M,165
1085475,Aldo,1990,M,164
1085476,Sherman,1990,M,164
1085477,Teddy,1990,M,164
1085478,Benito,1990,M,163
1085479,Brody,1990,M,163
1085480,Jacques,1990,M,162
1085481,Ulises,1990,M,162
1085482,Asa,1990,M,161
1085483,Codey,1990,M,161
1085484,Stevie,1990,M,161
1085485,Demarco,1990,M,160
1085486,Donavan,1990,M,159
1085487,Ervin,1990,M,159
1085488,Fidel,1990,M,159
1085489,Gregorio,1990,M,159
1085490,Virgil,1990,M,159
1085491,Willis,1990,M,159
1085492,Alphonso,1990,M,158
1085493,Brandyn,1990,M,158
1085494,Jerald,1990,M,158
1085495,Alonso,1990,M,157
1085496,Cary,1990,M,157
1085497,Isaias,1990,M,157
1085498,Jamarcus,1990,M,157
1085499,Marques,1990,M,157
1085500,Zechariah,1990,M,157
1085501,Stacy,1990,M,156
1085502,Kolby,1990,M,155
1085503,Shelton,1990,M,155
1085504,Darrick,1990,M,154
1085505,Edmund,1990,M,154
1085506,Keon,1990,M,154
1085507,Domingo,1990,M,153
1085508,Laquan,1990,M,153
1085509,Mychal,1990,M,153
1085510,Raymundo,1990,M,153
1085511,Cedrick,1990,M,152
1085512,Cyrus,1990,M,152
1085513,Jade,1990,M,152
1085514,Junior,1990,M,152
1085515,Mickey,1990,M,152
1085516,Alexandro,1990,M,151
1085517,Antony,1990,M,151
1085518,Carlo,1990,M,151
1085519,Claude,1990,M,151
1085520,Francesco,1990,M,151
1085521,Ira,1990,M,151
1085522,Rodrick,1990,M,151
1085523,Rhett,1990,M,150
1085524,Dangelo,1990,M,149
1085525,Darien,1990,M,148
1085526,Trevon,1990,M,148
1085527,Walker,1990,M,147
1085528,August,1990,M,146
1085529,Louie,1990,M,146
1085530,Rudolph,1990,M,146
1085531,Daron,1990,M,145
1085532,Earnest,1990,M,145
1085533,Madison,1990,M,145
1085534,Jerad,1990,M,144
1085535,Khalil,1990,M,144
1085536,Roosevelt,1990,M,144
1085537,Travon,1990,M,144
1085538,Kiefer,1990,M,143
1085539,Lincoln,1990,M,143
1085540,Bennie,1990,M,142
1085541,Ken,1990,M,142
1085542,Carey,1990,M,141
1085543,Darion,1990,M,141
1085544,Jerel,1990,M,141
1085545,Quinten,1990,M,141
1085546,Ari,1990,M,140
1085547,Deron,1990,M,140
1085548,Greggory,1990,M,140
1085549,Ibrahim,1990,M,140
1085550,Jessica,1990,M,140
1085551,Jorden,1990,M,140
1085552,Kenton,1990,M,139
1085553,Laron,1990,M,139
1085554,Marquez,1990,M,139
1085555,Mykel,1990,M,139
1085556,Rocco,1990,M,139
1085557,Timmy,1990,M,139
1085558,Malcom,1990,M,138
1085559,Stacey,1990,M,138
1085560,Titus,1990,M,138
1085561,Van,1990,M,138
1085562,Dayton,1990,M,137
1085563,Kevon,1990,M,137
1085564,Anderson,1990,M,136
1085565,Jarret,1990,M,136
1085566,Marion,1990,M,136
1085567,Zakary,1990,M,136
1085568,Cade,1990,M,135
1085569,Daren,1990,M,135
1085570,Kendal,1990,M,135
1085571,Vince,1990,M,135
1085572,Aidan,1990,M,134
1085573,Broderick,1990,M,134
1085574,Pierce,1990,M,134
1085575,Tommie,1990,M,133
1085576,Chaim,1990,M,132
1085577,Michel,1990,M,132
1085578,Payton,1990,M,132
1085579,Reese,1990,M,132
1085580,Wallace,1990,M,132
1085581,Andreas,1990,M,131
1085582,Axel,1990,M,131
1085583,Brennen,1990,M,131
1085584,Derrell,1990,M,131
1085585,Valentin,1990,M,131
1085586,Donta,1990,M,130
1085587,Emerson,1990,M,130
1085588,Monte,1990,M,130
1085589,Nikko,1990,M,130
1085590,Jabari,1990,M,129
1085591,Jacoby,1990,M,129
1085592,Kendell,1990,M,129
1085593,Darwin,1990,M,128
1085594,Giancarlo,1990,M,128
1085595,Isidro,1990,M,128
1085596,Garett,1990,M,127
1085597,Jan,1990,M,126
1085598,Kegan,1990,M,126
1085599,Prince,1990,M,126
1085600,Rashaad,1990,M,126
1085601,Samson,1990,M,126
1085602,Abram,1990,M,125
1085603,Cale,1990,M,125
1085604,Cassidy,1990,M,125
1085605,Cristobal,1990,M,125
1085606,Dave,1990,M,125
1085607,Eddy,1990,M,125
1085608,Gregg,1990,M,125
1085609,Jered,1990,M,125
1085610,Remington,1990,M,125
1085611,Kai,1990,M,124
1085612,Talon,1990,M,124
1085613,Cortney,1990,M,123
1085614,Kelby,1990,M,123
1085615,Rasheed,1990,M,123
1085616,Abdul,1990,M,122
1085617,Codie,1990,M,122
1085618,Elvin,1990,M,122
1085619,Laurence,1990,M,122
1085620,Antione,1990,M,121
1085621,Britton,1990,M,121
1085622,Hernan,1990,M,121
1085623,Jeffry,1990,M,121
1085624,Kalvin,1990,M,121
1085625,Najee,1990,M,121
1085626,Rakeem,1990,M,121
1085627,Reggie,1990,M,121
1085628,Samir,1990,M,121
1085629,Alexandre,1990,M,120
1085630,Peyton,1990,M,120
1085631,Wilbert,1990,M,120
1085632,Alden,1990,M,119
1085633,Camden,1990,M,119
1085634,Channing,1990,M,119
1085635,Chauncey,1990,M,119
1085636,Julien,1990,M,119
1085637,Tremaine,1990,M,119
1085638,Derrek,1990,M,118
1085639,Elisha,1990,M,118
1085640,Federico,1990,M,118
1085641,Malachi,1990,M,118
1085642,Mikhail,1990,M,118
1085643,Shay,1990,M,118
1085644,Tyrel,1990,M,118
1085645,Cornell,1990,M,117
1085646,Elton,1990,M,117
1085647,Emmett,1990,M,117
1085648,Garrison,1990,M,117
1085649,Marlin,1990,M,117
1085650,Martell,1990,M,117
1085651,Silas,1990,M,117
1085652,Davin,1990,M,116
1085653,Dionte,1990,M,116
1085654,Eliseo,1990,M,116
1085655,Jedidiah,1990,M,116
1085656,Justine,1990,M,116
1085657,Kraig,1990,M,116
1085658,Marcelo,1990,M,116
1085659,Ronny,1990,M,116
1085660,Torrey,1990,M,116
1085661,Trace,1990,M,116
1085662,Coby,1990,M,115
1085663,Donny,1990,M,115
1085664,Jarrell,1990,M,115
1085665,Jeremey,1990,M,115
1085666,Jeromy,1990,M,115
1085667,Keven,1990,M,115
1085668,Tavon,1990,M,115
1085669,Deontae,1990,M,114
1085670,Edwardo,1990,M,114
1085671,Keenen,1990,M,114
1085672,Lazaro,1990,M,114
1085673,Torey,1990,M,114
1085674,Bill,1990,M,113
1085675,Bruno,1990,M,113
1085676,Genaro,1990,M,113
1085677,Waylon,1990,M,113
1085678,Brittany,1990,M,112
1085679,Eliezer,1990,M,112
1085680,Jory,1990,M,112
1085681,Misael,1990,M,112
1085682,Tate,1990,M,112
1085683,Deante,1990,M,111
1085684,Kane,1990,M,111
1085685,Kristoffer,1990,M,111
1085686,Robby,1990,M,111
1085687,Schuyler,1990,M,111
1085688,Scottie,1990,M,111
1085689,Adrien,1990,M,110
1085690,Dedrick,1990,M,110
1085691,Denis,1990,M,110
1085692,Denver,1990,M,110
1085693,Dontrell,1990,M,110
1085694,Jeramy,1990,M,110
1085695,Vincenzo,1990,M,110
1085696,Brandt,1990,M,109
1085697,Darron,1990,M,109
1085698,Joseluis,1990,M,109
1085699,Judson,1990,M,109
1085700,Kieran,1990,M,109
1085701,Theron,1990,M,109
1085702,Archie,1990,M,108
1085703,Kale,1990,M,108
1085704,Mack,1990,M,108
1085705,Storm,1990,M,108
1085706,Jermey,1990,M,107
1085707,Marcellus,1990,M,107
1085708,Nathen,1990,M,107
1085709,Armand,1990,M,106
1085710,Codi,1990,M,106
1085711,Deric,1990,M,106
1085712,Domenic,1990,M,106
1085713,Maximillian,1990,M,106
1085714,Muhammad,1990,M,106
1085715,Randell,1990,M,106
1085716,Romeo,1990,M,106
1085717,Adalberto,1990,M,105
1085718,Horace,1990,M,105
1085719,Nicholaus,1990,M,105
1085720,Bilal,1990,M,104
1085721,Brandin,1990,M,104
1085722,Domonique,1990,M,104
1085723,Kalen,1990,M,104
1085724,Brayden,1990,M,103
1085725,Curt,1990,M,103
1085726,Cyle,1990,M,103
1085727,Marcell,1990,M,103
1085728,Maria,1990,M,103
1085729,Rayshawn,1990,M,103
1085730,Terell,1990,M,103
1085731,Juston,1990,M,102
1085732,Kelton,1990,M,102
1085733,Percy,1990,M,102
1085734,Quenton,1990,M,102
1085735,Stephanie,1990,M,102
1085736,Stetson,1990,M,102
1085737,Brannon,1990,M,101
1085738,Cordero,1990,M,101
1085739,Davion,1990,M,101
1085740,Montrell,1990,M,101
1085741,Sage,1990,M,101
1085742,Broc,1990,M,100
1085743,Dayne,1990,M,100
1085744,Dequan,1990,M,100
1085745,Ernie,1990,M,100
1085746,Lowell,1990,M,100
1085747,Taurean,1990,M,100
1085748,Benjamen,1990,M,99
1085749,Cord,1990,M,99
1085750,Demetris,1990,M,99
1085751,Deonta,1990,M,99
1085752,Harris,1990,M,99
1085753,Kade,1990,M,99
1085754,Ridge,1990,M,99
1085755,Arnulfo,1990,M,98
1085756,Augustus,1990,M,98
1085757,Buddy,1990,M,98
1085758,Derrik,1990,M,98
1085759,Jasmine,1990,M,98
1085760,Jayme,1990,M,98
1085761,Kolton,1990,M,98
1085762,Norberto,1990,M,98
1085763,Rey,1990,M,98
1085764,Darell,1990,M,97
1085765,Desean,1990,M,97
1085766,Forest,1990,M,97
1085767,Khalid,1990,M,97
1085768,Mauro,1990,M,97
1085769,Ramsey,1990,M,97
1085770,Amanda,1990,M,96
1085771,Blaise,1990,M,96
1085772,Cleveland,1990,M,96
1085773,Coy,1990,M,96
1085774,Everardo,1990,M,96
1085775,Joesph,1990,M,96
1085776,London,1990,M,96
1085777,Menachem,1990,M,96
1085778,Tariq,1990,M,96
1085779,Asher,1990,M,95
1085780,Fredy,1990,M,95
1085781,Hank,1990,M,95
1085782,Octavius,1990,M,95
1085783,Terrill,1990,M,95
1085784,Tyquan,1990,M,95
1085785,Danial,1990,M,94
1085786,Devonte,1990,M,94
1085787,Donavon,1990,M,94
1085788,Dustyn,1990,M,94
1085789,Jed,1990,M,94
1085790,Lauren,1990,M,94
1085791,Lyndon,1990,M,94
1085792,Patric,1990,M,94
1085793,Yosef,1990,M,94
1085794,Christofer,1990,M,93
1085795,Edmond,1990,M,93
1085796,Mariano,1990,M,93
1085797,Omari,1990,M,93
1085798,Tayler,1990,M,93
1085799,Tyshawn,1990,M,93
1085800,Anibal,1990,M,92
1085801,Carmen,1990,M,92
1085802,Dajuan,1990,M,92
1085803,Delbert,1990,M,92
1085804,Deshaun,1990,M,92
1085805,Jeramie,1990,M,92
1085806,Jevon,1990,M,92
1085807,Joshuah,1990,M,92
1085808,Matt,1990,M,92
1085809,Montez,1990,M,92
1085810,Shaquille,1990,M,92
1085811,Tad,1990,M,92
1085812,Elizabeth,1990,M,91
1085813,Geraldo,1990,M,91
1085814,Sawyer,1990,M,91
1085815,Simeon,1990,M,91
1085816,Willard,1990,M,91
1085817,Adriel,1990,M,90
1085818,Arnoldo,1990,M,90
1085819,Babyboy,1990,M,90
1085820,Caesar,1990,M,90
1085821,Jovanny,1990,M,90
1085822,Jovany,1990,M,90
1085823,Orion,1990,M,90
1085824,Oswaldo,1990,M,90
1085825,Reyes,1990,M,90
1085826,Rian,1990,M,90
1085827,Rickie,1990,M,90
1085828,Sunny,1990,M,90
1085829,Syed,1990,M,90
1085830,Andrea,1990,M,89
1085831,Dallin,1990,M,89
1085832,Harlan,1990,M,89
1085833,Jarett,1990,M,89
1085834,Johnson,1990,M,89
1085835,Jourdan,1990,M,89
1085836,Luciano,1990,M,89
1085837,Tracey,1990,M,89
1085838,Britt,1990,M,88
1085839,Denny,1990,M,88
1085840,Dimitri,1990,M,88
1085841,Giuseppe,1990,M,88
1085842,Jeremie,1990,M,88
1085843,Johnpaul,1990,M,88
1085844,Jude,1990,M,88
1085845,Marcelino,1990,M,88
1085846,Nevin,1990,M,88
1085847,Ravi,1990,M,88
1085848,Rohan,1990,M,88
1085849,Bailey,1990,M,87
1085850,Erwin,1990,M,87
1085851,Isai,1990,M,87
1085852,Jennifer,1990,M,87
1085853,Leif,1990,M,87
1085854,Markeith,1990,M,87
1085855,Rashard,1990,M,87
1085856,Samual,1990,M,87
1085857,Tremayne,1990,M,87
1085858,Breon,1990,M,86
1085859,Ishmael,1990,M,86
1085860,Keyon,1990,M,86
1085861,Lucio,1990,M,86
1085862,Tarik,1990,M,86
1085863,Vladimir,1990,M,86
1085864,Anders,1990,M,85
1085865,Benton,1990,M,85
1085866,Darrion,1990,M,85
1085867,Errol,1990,M,85
1085868,Giovanny,1990,M,85
1085869,Tramaine,1990,M,85
1085870,Yisroel,1990,M,85
1085871,Augustine,1990,M,84
1085872,Camilo,1990,M,84
1085873,Demond,1990,M,84
1085874,Jaymes,1990,M,84
1085875,Lars,1990,M,84
1085876,Luiz,1990,M,84
1085877,Scot,1990,M,84
1085878,Shamar,1990,M,84
1085879,Justyn,1990,M,83
1085880,Mohamad,1990,M,83
1085881,Nicklaus,1990,M,83
1085882,Yehuda,1990,M,83
1085883,Adonis,1990,M,82
1085884,Adrain,1990,M,82
1085885,Baron,1990,M,82
1085886,Colter,1990,M,82
1085887,Deanthony,1990,M,82
1085888,Dirk,1990,M,82
1085889,Eliot,1990,M,82
1085890,Emil,1990,M,82
1085891,Garth,1990,M,82
1085892,Jarad,1990,M,82
1085893,Jelani,1990,M,82
1085894,Kenyon,1990,M,82
1085895,Leopoldo,1990,M,82
1085896,Tou,1990,M,82
1085897,Argenis,1990,M,81
1085898,Arnaldo,1990,M,81
1085899,Aurelio,1990,M,81
1085900,Hasan,1990,M,81
1085901,Hubert,1990,M,81
1085902,Kentrell,1990,M,81
1085903,Killian,1990,M,81
1085904,Milo,1990,M,81
1085905,Rapheal,1990,M,81
1085906,Sharif,1990,M,81
1085907,Chadd,1990,M,80
1085908,Dillan,1990,M,80
1085909,Fermin,1990,M,80
1085910,Horacio,1990,M,80
1085911,Jovani,1990,M,80
1085912,Lamarcus,1990,M,80
1085913,Marquel,1990,M,80
1085914,Rakim,1990,M,80
1085915,Rufus,1990,M,80
1085916,Russel,1990,M,80
1085917,Santino,1990,M,80
1085918,Trevin,1990,M,80
1085919,Turner,1990,M,80
1085920,Uriah,1990,M,80
1085921,Al,1990,M,79
1085922,Bradlee,1990,M,79
1085923,Corwin,1990,M,79
1085924,Courtland,1990,M,79
1085925,Dillion,1990,M,79
1085926,Eloy,1990,M,79
1085927,Kevan,1990,M,79
1085928,Mitch,1990,M,79
1085929,Montana,1990,M,79
1085930,Raymon,1990,M,79
1085931,Shon,1990,M,79
1085932,Tajh,1990,M,79
1085933,Amit,1990,M,78
1085934,Chet,1990,M,78
1085935,Dontay,1990,M,78
1085936,Favian,1990,M,78
1085937,Gideon,1990,M,78
1085938,Jarell,1990,M,78
1085939,Jerell,1990,M,78
1085940,Karim,1990,M,78
1085941,Alain,1990,M,77
1085942,Benson,1990,M,77
1085943,Dameon,1990,M,77
1085944,Delano,1990,M,77
1085945,Jaren,1990,M,77
1085946,Jovanni,1990,M,77
1085947,Kris,1990,M,77
1085948,Lynn,1990,M,77
1085949,Markell,1990,M,77
1085950,Stefon,1990,M,77
1085951,Whitney,1990,M,77
1085952,Antwain,1990,M,76
1085953,Denzell,1990,M,76
1085954,Elbert,1990,M,76
1085955,Garland,1990,M,76
1085956,Lavon,1990,M,76
1085957,Mustafa,1990,M,76
1085958,Sydney,1990,M,76
1085959,Trae,1990,M,76
1085960,Brain,1990,M,75
1085961,Jovon,1990,M,75
1085962,Jullian,1990,M,75
1085963,Markel,1990,M,75
1085964,Maverick,1990,M,75
1085965,Nikolaus,1990,M,75
1085966,Rodger,1990,M,75
1085967,Seamus,1990,M,75
1085968,Tim,1990,M,75
1085969,Tye,1990,M,75
1085970,Alessandro,1990,M,74
1085971,Destin,1990,M,74
1085972,Donell,1990,M,74
1085973,Emery,1990,M,74
1085974,Ethen,1990,M,74
1085975,Jamell,1990,M,74
1085976,Rosendo,1990,M,74
1085977,Blayne,1990,M,73
1085978,Braulio,1990,M,73
1085979,Brennon,1990,M,73
1085980,Carrington,1990,M,73
1085981,Gerry,1990,M,73
1085982,Kiel,1990,M,73
1085983,Levon,1990,M,73
1085984,Otto,1990,M,73
1085985,Terron,1990,M,73
1085986,Torrance,1990,M,73
1085987,Zack,1990,M,73
1085988,Abdullah,1990,M,72
1085989,Blaze,1990,M,72
1085990,Dakotah,1990,M,72
1085991,Delonte,1990,M,72
1085992,Devaughn,1990,M,72
1085993,Kennedy,1990,M,72
1085994,Mckenzie,1990,M,72
1085995,Michaelangelo,1990,M,72
1085996,Nickolaus,1990,M,72
1085997,Rueben,1990,M,72
1085998,Tavaris,1990,M,72
1085999,Valentino,1990,M,72
1086000,Corry,1990,M,71
1086001,Danielle,1990,M,71
1086002,Dino,1990,M,71
1086003,Franco,1990,M,71
1086004,Jarrad,1990,M,71
1086005,Javaris,1990,M,71
1086006,Johathan,1990,M,71
1086007,Leighton,1990,M,71
1086008,Nehemiah,1990,M,71
1086009,Sami,1990,M,71
1086010,Devyn,1990,M,70
1086011,Diamond,1990,M,70
1086012,Juancarlos,1990,M,70
1086013,Lindsey,1990,M,70
1086014,Mikael,1990,M,70
1086015,Murphy,1990,M,70
1086016,Rashaun,1990,M,70
1086017,Shae,1990,M,70
1086018,Vincente,1990,M,70
1086019,Alfonzo,1990,M,69
1086020,Basil,1990,M,69
1086021,Claudio,1990,M,69
1086022,Deshon,1990,M,69
1086023,Eleazar,1990,M,69
1086024,Jamey,1990,M,69
1086025,Jensen,1990,M,69
1086026,Michal,1990,M,69
1086027,Mikal,1990,M,69
1086028,Milan,1990,M,69
1086029,Norris,1990,M,69
1086030,Raynard,1990,M,69
1086031,Shaquan,1990,M,69
1086032,Sherrod,1990,M,69
1086033,Williams,1990,M,69
1086034,Blane,1990,M,68
1086035,Enoch,1990,M,68
1086036,Hiram,1990,M,68
1086037,Jeron,1990,M,68
1086038,Judah,1990,M,68
1086039,Kramer,1990,M,68
1086040,Layne,1990,M,68
1086041,Matthias,1990,M,68
1086042,Richie,1990,M,68
1086043,Woodrow,1990,M,68
1086044,Billie,1990,M,67
1086045,Cheyne,1990,M,67
1086046,Christoper,1990,M,67
1086047,Jarrid,1990,M,67
1086048,Justice,1990,M,67
1086049,Kc,1990,M,67
1086050,Nash,1990,M,67
1086051,Regis,1990,M,67
1086052,Vidal,1990,M,67
1086053,Abner,1990,M,66
1086054,Armani,1990,M,66
1086055,Fletcher,1990,M,66
1086056,Khristopher,1990,M,66
1086057,Martel,1990,M,66
1086058,Mervin,1990,M,66
1086059,Royal,1990,M,66
1086060,Sedrick,1990,M,66
1086061,Shlomo,1990,M,66
1086062,Terrel,1990,M,66
1086063,Theo,1990,M,66
1086064,Carnell,1990,M,65
1086065,Cash,1990,M,65
1086066,Dawson,1990,M,65
1086067,Dewey,1990,M,65
1086068,Giovani,1990,M,65
1086069,Jamario,1990,M,65
1086070,Jarren,1990,M,65
1086071,Jonmichael,1990,M,65
1086072,Koby,1990,M,65
1086073,Luigi,1990,M,65
1086074,Marshal,1990,M,65
1086075,Stevan,1990,M,65
1086076,Arjun,1990,M,64
1086077,Boyd,1990,M,64
1086078,Danzel,1990,M,64
1086079,Darrian,1990,M,64
1086080,Franklyn,1990,M,64
1086081,Jamon,1990,M,64
1086082,Jerrick,1990,M,64
1086083,Jonatan,1990,M,64
1086084,Kacey,1990,M,64
1086085,Kim,1990,M,64
1086086,Leandro,1990,M,64
1086087,Miguelangel,1990,M,64
1086088,Princeton,1990,M,64
1086089,Taj,1990,M,64
1086090,Vinson,1990,M,64
1086091,Brantley,1990,M,63
1086092,Carmelo,1990,M,63
1086093,Deondre,1990,M,63
1086094,Dylon,1990,M,63
1086095,Gareth,1990,M,63
1086096,Jairus,1990,M,63
1086097,Jameel,1990,M,63
1086098,Osbaldo,1990,M,63
1086099,Ramone,1990,M,63
1086100,Terance,1990,M,63
1086101,Willy,1990,M,63
1086102,Alek,1990,M,62
1086103,Damen,1990,M,62
1086104,Dejon,1990,M,62
1086105,Demarkus,1990,M,62
1086106,Eriberto,1990,M,62
1086107,Gaston,1990,M,62
1086108,Jericho,1990,M,62
1086109,Kip,1990,M,62
1086110,Kodi,1990,M,62
1086111,Major,1990,M,62
1086112,Micahel,1990,M,62
1086113,Mordechai,1990,M,62
1086114,Raven,1990,M,62
1086115,Roel,1990,M,62
1086116,Ronnell,1990,M,62
1086117,Yaakov,1990,M,62
1086118,Antwone,1990,M,61
1086119,Bart,1990,M,61
1086120,Danilo,1990,M,61
1086121,Dontavious,1990,M,61
1086122,Emory,1990,M,61
1086123,Enrico,1990,M,61
1086124,Hakim,1990,M,61
1086125,Jase,1990,M,61
1086126,Keifer,1990,M,61
1086127,Maxx,1990,M,61
1086128,Monty,1990,M,61
1086129,Mychael,1990,M,61
1086130,Rashon,1990,M,61
1086131,Rustin,1990,M,61
1086132,Stefano,1990,M,61
1086133,Abelardo,1990,M,60
1086134,Aramis,1990,M,60
1086135,Arik,1990,M,60
1086136,Chace,1990,M,60
1086137,Deion,1990,M,60
1086138,Denton,1990,M,60
1086139,Fransisco,1990,M,60
1086140,Jerrad,1990,M,60
1086141,Kamron,1990,M,60
1086142,Kennith,1990,M,60
1086143,Nader,1990,M,60
1086144,Reinaldo,1990,M,60
1086145,Thad,1990,M,60
1086146,Wiley,1990,M,60
1086147,Antone,1990,M,59
1086148,Arman,1990,M,59
1086149,Avraham,1990,M,59
1086150,Christina,1990,M,59
1086151,Damarcus,1990,M,59
1086152,Derron,1990,M,59
1086153,Doyle,1990,M,59
1086154,Duke,1990,M,59
1086155,Easton,1990,M,59
1086156,Fausto,1990,M,59
1086157,Geoffery,1990,M,59
1086158,Hamilton,1990,M,59
1086159,Ivory,1990,M,59
1086160,Jereme,1990,M,59
1086161,Jerred,1990,M,59
1086162,Kelley,1990,M,59
1086163,Michale,1990,M,59
1086164,Remy,1990,M,59
1086165,Semaj,1990,M,59
1086166,Tyrus,1990,M,59
1086167,Vito,1990,M,59
1086168,Anson,1990,M,58
1086169,Chadrick,1990,M,58
1086170,Darious,1990,M,58
1086171,Dashon,1990,M,58
1086172,Demarius,1990,M,58
1086173,Ephraim,1990,M,58
1086174,Hilario,1990,M,58
1086175,Homer,1990,M,58
1086176,Marcello,1990,M,58
1086177,Paolo,1990,M,58
1086178,Paulo,1990,M,58
1086179,Richardo,1990,M,58
1086180,Samantha,1990,M,58
1086181,Auston,1990,M,57
1086182,Buck,1990,M,57
1086183,Chasen,1990,M,57
1086184,Douglass,1990,M,57
1086185,Durrell,1990,M,57
1086186,Dusten,1990,M,57
1086187,Erasmo,1990,M,57
1086188,Homero,1990,M,57
1086189,Jashua,1990,M,57
1086190,Jospeh,1990,M,57
1086191,Mckinley,1990,M,57
1086192,Paden,1990,M,57
1086193,Rondell,1990,M,57
1086194,Sarah,1990,M,57
1086195,Steffan,1990,M,57
1086196,Wilfred,1990,M,57
1086197,Bert,1990,M,56
1086198,Brodie,1990,M,56
1086199,Brodrick,1990,M,56
1086200,Charley,1990,M,56
1086201,Dain,1990,M,56
1086202,Dashaun,1990,M,56
1086203,Gunnar,1990,M,56
1086204,Jarid,1990,M,56
1086205,Karon,1990,M,56
1086206,Kole,1990,M,56
1086207,Mateo,1990,M,56
1086208,Michelle,1990,M,56
1086209,Rami,1990,M,56
1086210,Rashid,1990,M,56
1086211,Thor,1990,M,56
1086212,Tristen,1990,M,56
1086213,Yitzchok,1990,M,56
1086214,Amar,1990,M,55
1086215,Barron,1990,M,55
1086216,Demonte,1990,M,55
1086217,Eder,1990,M,55
1086218,Geovanni,1990,M,55
1086219,Jerron,1990,M,55
1086220,Jessee,1990,M,55
1086221,Kaden,1990,M,55
1086222,Kristen,1990,M,55
1086223,Lemuel,1990,M,55
1086224,Lenny,1990,M,55
1086225,Napoleon,1990,M,55
1086226,Parth,1990,M,55
1086227,Rayvon,1990,M,55
1086228,Shmuel,1990,M,55
1086229,Sky,1990,M,55
1086230,Demetrios,1990,M,54
1086231,Everette,1990,M,54
1086232,Hudson,1990,M,54
1086233,Jarron,1990,M,54
1086234,Johny,1990,M,54
1086235,Kendric,1990,M,54
1086236,Mathias,1990,M,54
1086237,Renard,1990,M,54
1086238,Rylan,1990,M,54
1086239,Ryley,1990,M,54
1086240,Shad,1990,M,54
1086241,Shimon,1990,M,54
1086242,Steffen,1990,M,54
1086243,Timmothy,1990,M,54
1086244,Tyre,1990,M,54
1086245,Westin,1990,M,54
1086246,Aharon,1990,M,53
1086247,Akil,1990,M,53
1086248,Ammon,1990,M,53
1086249,Bob,1990,M,53
1086250,Boris,1990,M,53
1086251,Brook,1990,M,53
1086252,Cheyenne,1990,M,53
1086253,Cliff,1990,M,53
1086254,Cori,1990,M,53
1086255,Djuan,1990,M,53
1086256,Emily,1990,M,53
1086257,Filiberto,1990,M,53
1086258,Hussein,1990,M,53
1086259,Javonte,1990,M,53
1086260,Johnmichael,1990,M,53
1086261,Lamarr,1990,M,53
1086262,Leobardo,1990,M,53
1086263,Long,1990,M,53
1086264,Margarito,1990,M,53
1086265,Orrin,1990,M,53
1086266,Stanton,1990,M,53
1086267,Taron,1990,M,53
1086268,Torin,1990,M,53
1086269,Triston,1990,M,53
1086270,Yusef,1990,M,53
1086271,Amado,1990,M,52
1086272,Blakely,1990,M,52
1086273,Brien,1990,M,52
1086274,Canaan,1990,M,52
1086275,Delvin,1990,M,52
1086276,Demetri,1990,M,52
1086277,Dijon,1990,M,52
1086278,Domonic,1990,M,52
1086279,Edison,1990,M,52
1086280,Edson,1990,M,52
1086281,Gerson,1990,M,52
1086282,Jefferey,1990,M,52
1086283,Kong,1990,M,52
1086284,Lamonte,1990,M,52
1086285,Markanthony,1990,M,52
1086286,Miquel,1990,M,52
1086287,Nikolai,1990,M,52
1086288,Parris,1990,M,52
1086289,Parrish,1990,M,52
1086290,Rance,1990,M,52
1086291,Reagan,1990,M,52
1086292,Ritchie,1990,M,52
1086293,Robinson,1990,M,52
1086294,Sheridan,1990,M,52
1086295,Tristian,1990,M,52
1086296,Wilbur,1990,M,52
1086297,Zeke,1990,M,52
1086298,Alexandra,1990,M,51
1086299,Arian,1990,M,51
1086300,Bobbie,1990,M,51
1086301,Brayan,1990,M,51
1086302,Carmine,1990,M,51
1086303,Chas,1990,M,51
1086304,Gil,1990,M,51
1086305,Jerrel,1990,M,51
1086306,Jonny,1990,M,51
1086307,Jules,1990,M,51
1086308,Marko,1990,M,51
1086309,Nicklas,1990,M,51
1086310,Reymundo,1990,M,51
1086311,Rhys,1990,M,51
1086312,Rojelio,1990,M,51
1086313,Salomon,1990,M,51
1086314,Sammie,1990,M,51
1086315,Sandy,1990,M,51
1086316,Sharod,1990,M,51
1086317,Skye,1990,M,51
1086318,Armond,1990,M,50
1086319,Baltazar,1990,M,50
1086320,Darris,1990,M,50
1086321,Diante,1990,M,50
1086322,Dustan,1990,M,50
1086323,Evander,1990,M,50
1086324,Faustino,1990,M,50
1086325,Foster,1990,M,50
1086326,Freeman,1990,M,50
1086327,Gorge,1990,M,50
1086328,Greyson,1990,M,50
1086329,Jamall,1990,M,50
1086330,Kahlil,1990,M,50
1086331,Kalin,1990,M,50
1086332,Lashawn,1990,M,50
1086333,Lavell,1990,M,50
1086334,Mahmoud,1990,M,50
1086335,Maximiliano,1990,M,50
1086336,Minh,1990,M,50
1086337,Montreal,1990,M,50
1086338,Patricio,1990,M,50
1086339,Regan,1990,M,50
1086340,Torrence,1990,M,50
1086341,Trayvon,1990,M,50
1086342,Trinidad,1990,M,50
1086343,Truman,1990,M,50
1086344,Wilmer,1990,M,50
1086345,Bartholomew,1990,M,49
1086346,Christen,1990,M,49
1086347,Cyril,1990,M,49
1086348,Domenico,1990,M,49
1086349,Edmundo,1990,M,49
1086350,Eldon,1990,M,49
1086351,Gianni,1990,M,49
1086352,Immanuel,1990,M,49
1086353,Jareth,1990,M,49
1086354,Jayce,1990,M,49
1086355,Jeramiah,1990,M,49
1086356,Jerimiah,1990,M,49
1086357,Jonathen,1990,M,49
1086358,Kyron,1990,M,49
1086359,Manny,1990,M,49
1086360,Marquell,1990,M,49
1086361,Melissa,1990,M,49
1086362,Odell,1990,M,49
1086363,Rodriquez,1990,M,49
1086364,Tevon,1990,M,49
1086365,Zain,1990,M,49
1086366,Aarron,1990,M,48
1086367,Charlton,1990,M,48
1086368,Clemente,1990,M,48
1086369,Demetrious,1990,M,48
1086370,Derreck,1990,M,48
1086371,Ean,1990,M,48
1086372,Eugenio,1990,M,48
1086373,Huy,1990,M,48
1086374,Kodie,1990,M,48
1086375,Kyree,1990,M,48
1086376,Ned,1990,M,48
1086377,Palmer,1990,M,48
1086378,Raleigh,1990,M,48
1086379,Richmond,1990,M,48
1086380,Tito,1990,M,48
1086381,Tyreek,1990,M,48
1086382,Yusuf,1990,M,48
1086383,Ajay,1990,M,47
1086384,Antwaun,1990,M,47
1086385,Barton,1990,M,47
1086386,Benedict,1990,M,47
1086387,Brion,1990,M,47
1086388,Ceasar,1990,M,47
1086389,Deandrea,1990,M,47
1086390,Erica,1990,M,47
1086391,Frederic,1990,M,47
1086392,Geremy,1990,M,47
1086393,Herschel,1990,M,47
1086394,Javan,1990,M,47
1086395,Jedediah,1990,M,47
1086396,Kamal,1990,M,47
1086397,King,1990,M,47
1086398,Leron,1990,M,47
1086399,Mac,1990,M,47
1086400,Matias,1990,M,47
1086401,Maximo,1990,M,47
1086402,Nathon,1990,M,47
1086403,Rigo,1990,M,47
1086404,Telvin,1990,M,47
1086405,Thurman,1990,M,47
1086406,Tiffany,1990,M,47
1086407,Toney,1990,M,47
1086408,Von,1990,M,47
1086409,Zacharia,1990,M,47
1086410,Zavier,1990,M,47
1086411,Anwar,1990,M,46
1086412,Carlin,1990,M,46
1086413,Carroll,1990,M,46
1086414,Charleston,1990,M,46
1086415,Constantine,1990,M,46
1086416,Cordarius,1990,M,46
1086417,Donzell,1990,M,46
1086418,Evin,1990,M,46
1086419,Franky,1990,M,46
1086420,Jacky,1990,M,46
1086421,Jajuan,1990,M,46
1086422,Job,1990,M,46
1086423,Kavon,1990,M,46
1086424,Kellan,1990,M,46
1086425,Lavelle,1990,M,46
1086426,Mick,1990,M,46
1086427,Nikhil,1990,M,46
1086428,Obed,1990,M,46
1086429,Ramel,1990,M,46
1086430,Randon,1990,M,46
1086431,Rasheem,1990,M,46
1086432,Saad,1990,M,46
1086433,Sebastien,1990,M,46
1086434,Tavares,1990,M,46
1086435,Tyreese,1990,M,46
1086436,Anthoney,1990,M,45
1086437,Aryeh,1990,M,45
1086438,Bryn,1990,M,45
1086439,Damond,1990,M,45
1086440,Desmon,1990,M,45
1086441,Dezmond,1990,M,45
1086442,Dimitrios,1990,M,45
1086443,Diondre,1990,M,45
1086444,Eliyahu,1990,M,45
1086445,Geno,1990,M,45
1086446,Jamarius,1990,M,45
1086447,Jarek,1990,M,45
1086448,Joan,1990,M,45
1086449,Layton,1990,M,45
1086450,Lino,1990,M,45
1086451,Markese,1990,M,45
1086452,Marquese,1990,M,45
1086453,Mary,1990,M,45
1086454,Migel,1990,M,45
1086455,Niles,1990,M,45
1086456,Rahul,1990,M,45
1086457,Ricco,1990,M,45
1086458,Tarek,1990,M,45
1086459,Thanh,1990,M,45
1086460,Zebulon,1990,M,45
1086461,Ameer,1990,M,44
1086462,Christain,1990,M,44
1086463,Correy,1990,M,44
1086464,Dajon,1990,M,44
1086465,Demetrice,1990,M,44
1086466,Devlin,1990,M,44
1086467,Dominik,1990,M,44
1086468,Esau,1990,M,44
1086469,Gentry,1990,M,44
1086470,Germaine,1990,M,44
1086471,Gus,1990,M,44
1086472,Hollis,1990,M,44
1086473,Irwin,1990,M,44
1086474,Jasen,1990,M,44
1086475,Jonthan,1990,M,44
1086476,Keoni,1990,M,44
1086477,Keshawn,1990,M,44
1086478,Ladarrius,1990,M,44
1086479,Laura,1990,M,44
1086480,Marcoantonio,1990,M,44
1086481,Megan,1990,M,44
1086482,Merlin,1990,M,44
1086483,Naquan,1990,M,44
1086484,Nicky,1990,M,44
1086485,Philippe,1990,M,44
1086486,Rohit,1990,M,44
1086487,Ronell,1990,M,44
1086488,Roscoe,1990,M,44
1086489,Rowdy,1990,M,44
1086490,Yoel,1990,M,44
1086491,Zacharie,1990,M,44
1086492,Amber,1990,M,43
1086493,Amin,1990,M,43
1086494,Artemio,1990,M,43
1086495,Bijan,1990,M,43
1086496,Briar,1990,M,43
1086497,Burton,1990,M,43
1086498,Christos,1990,M,43
1086499,Delmar,1990,M,43
1086500,Duston,1990,M,43
1086501,Elgin,1990,M,43
1086502,Fritz,1990,M,43
1086503,Gannon,1990,M,43
1086504,Jacinto,1990,M,43
1086505,Jamin,1990,M,43
1086506,Jarius,1990,M,43
1086507,Jessi,1990,M,43
1086508,Jonnathan,1990,M,43
1086509,Lenard,1990,M,43
1086510,Mykal,1990,M,43
1086511,Oren,1990,M,43
1086512,Porfirio,1990,M,43
1086513,Raj,1990,M,43
1086514,Reilly,1990,M,43
1086515,Slade,1990,M,43
1086516,Taquan,1990,M,43
1086517,Tj,1990,M,43
1086518,Tuan,1990,M,43
1086519,Vishal,1990,M,43
1086520,Adnan,1990,M,42
1086521,Allante,1990,M,42
1086522,Cassius,1990,M,42
1086523,Catlin,1990,M,42
1086524,Chancellor,1990,M,42
1086525,Cheng,1990,M,42
1086526,Cj,1990,M,42
1086527,Daryn,1990,M,42
1086528,Eamon,1990,M,42
1086529,Ely,1990,M,42
1086530,Emiliano,1990,M,42
1086531,Evans,1990,M,42
1086532,Fabio,1990,M,42
1086533,Gian,1990,M,42
1086534,Ismail,1990,M,42
1086535,Isreal,1990,M,42
1086536,Jaden,1990,M,42
1086537,Jamarr,1990,M,42
1086538,Jessey,1990,M,42
1086539,Justus,1990,M,42
1086540,Kalan,1990,M,42
1086541,Keagan,1990,M,42
1086542,Lorne,1990,M,42
1086543,Marquette,1990,M,42
1086544,Nicola,1990,M,42
1086545,Nicole,1990,M,42
1086546,Ollie,1990,M,42
1086547,Orin,1990,M,42
1086548,Rishi,1990,M,42
1086549,Rony,1990,M,42
1086550,Ryland,1990,M,42
1086551,Zachory,1990,M,42
1086552,Ambrose,1990,M,41
1086553,Anselmo,1990,M,41
1086554,Arin,1990,M,41
1086555,Blain,1990,M,41
1086556,Byran,1990,M,41
1086557,Cain,1990,M,41
1086558,Chazz,1990,M,41
1086559,Coleton,1990,M,41
1086560,Demetric,1990,M,41
1086561,Devron,1990,M,41
1086562,Esequiel,1990,M,41
1086563,Gabino,1990,M,41
1086564,Jarel,1990,M,41
1086565,Kashif,1990,M,41
1086566,Kenan,1990,M,41
1086567,Kenyatta,1990,M,41
1086568,Kian,1990,M,41
1086569,Kipp,1990,M,41
1086570,Klayton,1990,M,41
1086571,Konrad,1990,M,41
1086572,Kori,1990,M,41
1086573,Koty,1990,M,41
1086574,Kou,1990,M,41
1086575,Ky,1990,M,41
1086576,Kylan,1990,M,41
1086577,Leander,1990,M,41
1086578,Linwood,1990,M,41
1086579,Martinez,1990,M,41
1086580,Mathieu,1990,M,41
1086581,Nima,1990,M,41
1086582,Pernell,1990,M,41
1086583,Prentice,1990,M,41
1086584,Quincey,1990,M,41
1086585,Sameer,1990,M,41
1086586,Sasha,1990,M,41
1086587,Torian,1990,M,41
1086588,Trinity,1990,M,41
1086589,Yousef,1990,M,41
1086590,Zev,1990,M,41
1086591,Cal,1990,M,40
1086592,Cy,1990,M,40
1086593,Dakoda,1990,M,40
1086594,Darrien,1990,M,40
1086595,Ever,1990,M,40
1086596,Feliciano,1990,M,40
1086597,Graeme,1990,M,40
1086598,Hosea,1990,M,40
1086599,Jermiah,1990,M,40
1086600,Jerrid,1990,M,40
1086601,Jihad,1990,M,40
1086602,Johan,1990,M,40
1086603,Kedrick,1990,M,40
1086604,Keelan,1990,M,40
1086605,Kirkland,1990,M,40
1086606,Langston,1990,M,40
1086607,Lindsay,1990,M,40
1086608,Lon,1990,M,40
1086609,Marcial,1990,M,40
1086610,Pasquale,1990,M,40
1086611,Quan,1990,M,40
1086612,Rachel,1990,M,40
1086613,Renaldo,1990,M,40
1086614,Romel,1990,M,40
1086615,Ryon,1990,M,40
1086616,Sammuel,1990,M,40
1086617,Silvestre,1990,M,40
1086618,Stormy,1990,M,40
1086619,Tray,1990,M,40
1086620,Trevis,1990,M,40
1086621,Vinh,1990,M,40
1086622,Xzavier,1990,M,40
1086623,Zakery,1990,M,40
1086624,Akash,1990,M,39
1086625,Ana,1990,M,39
1086626,Andrae,1990,M,39
1086627,Avrohom,1990,M,39
1086628,Christophe,1990,M,39
1086629,Curran,1990,M,39
1086630,Demitrius,1990,M,39
1086631,Derrius,1990,M,39
1086632,Dmarcus,1990,M,39
1086633,Dontavius,1990,M,39
1086634,Flavio,1990,M,39
1086635,Jermain,1990,M,39
1086636,Joeseph,1990,M,39
1086637,Juvenal,1990,M,39
1086638,Kolten,1990,M,39
1086639,Lonny,1990,M,39
1086640,Luc,1990,M,39
1086641,Nikki,1990,M,39
1086642,Patricia,1990,M,39
1086643,Phil,1990,M,39
1086644,Rebecca,1990,M,39
1086645,Sanchez,1990,M,39
1086646,Shan,1990,M,39
1086647,Sir,1990,M,39
1086648,Tashawn,1990,M,39
1086649,Trenten,1990,M,39
1086650,Tzvi,1990,M,39
1086651,Wilton,1990,M,39
1086652,Alston,1990,M,38
1086653,Antwane,1990,M,38
1086654,Arie,1990,M,38
1086655,Avi,1990,M,38
1086656,Baxter,1990,M,38
1086657,Bee,1990,M,38
1086658,Blas,1990,M,38
1086659,Case,1990,M,38
1086660,Chavez,1990,M,38
1086661,Dagoberto,1990,M,38
1086662,Deontay,1990,M,38
1086663,Durell,1990,M,38
1086664,Dwain,1990,M,38
1086665,Elan,1990,M,38
1086666,Fidencio,1990,M,38
1086667,Gamaliel,1990,M,38
1086668,Garet,1990,M,38
1086669,Garren,1990,M,38
1086670,Gatlin,1990,M,38
1086671,Imran,1990,M,38
1086672,Isaih,1990,M,38
1086673,Jamari,1990,M,38
1086674,Jarryd,1990,M,38
1086675,Jerardo,1990,M,38
1086676,Jeremi,1990,M,38
1086677,Karlos,1990,M,38
1086678,Kelson,1990,M,38
1086679,Kunal,1990,M,38
1086680,Lawson,1990,M,38
1086681,Leandre,1990,M,38
1086682,Monroe,1990,M,38
1086683,Nicholis,1990,M,38
1086684,Nicolaus,1990,M,38
1086685,Nikita,1990,M,38
1086686,Renato,1990,M,38
1086687,Rubin,1990,M,38
1086688,Shaine,1990,M,38
1086689,Stedman,1990,M,38
1086690,Stefen,1990,M,38
1086691,Tremain,1990,M,38
1086692,Amador,1990,M,37
1086693,Angus,1990,M,37
1086694,Anil,1990,M,37
1086695,Bjorn,1990,M,37
1086696,Brandy,1990,M,37
1086697,Christoffer,1990,M,37
1086698,Damar,1990,M,37
1086699,Daris,1990,M,37
1086700,Deandra,1990,M,37
1086701,Declan,1990,M,37
1086702,Devonta,1990,M,37
1086703,Dov,1990,M,37
1086704,Eliott,1990,M,37
1086705,Fredric,1990,M,37
1086706,Giorgio,1990,M,37
1086707,Jacobo,1990,M,37
1086708,Jalil,1990,M,37
1086709,Jamichael,1990,M,37
1086710,Jaryd,1990,M,37
1086711,Johann,1990,M,37
1086712,Karan,1990,M,37
1086713,Kervin,1990,M,37
1086714,Lauro,1990,M,37
1086715,Lucian,1990,M,37
1086716,Mahlon,1990,M,37
1086717,Markis,1990,M,37
1086718,Marshawn,1990,M,37
1086719,Michele,1990,M,37
1086720,Murray,1990,M,37
1086721,Naeem,1990,M,37
1086722,Samer,1990,M,37
1086723,Sherwin,1990,M,37
1086724,Shiloh,1990,M,37
1086725,Stoney,1990,M,37
1086726,Tobin,1990,M,37
1086727,Valente,1990,M,37
1086728,Valentine,1990,M,37
1086729,Victoria,1990,M,37
1086730,Wilber,1990,M,37
1086731,Zakkary,1990,M,37
1086732,Antuan,1990,M,36
1086733,Branson,1990,M,36
1086734,Chuck,1990,M,36
1086735,Clement,1990,M,36
1086736,Dannie,1990,M,36
1086737,Davaughn,1990,M,36
1086738,Dujuan,1990,M,36
1086739,Elio,1990,M,36
1086740,Grey,1990,M,36
1086741,Jacolby,1990,M,36
1086742,Jaret,1990,M,36
1086743,Jayquan,1990,M,36
1086744,Josey,1990,M,36
1086745,Judd,1990,M,36
1086746,Kendale,1990,M,36
1086747,Kenrick,1990,M,36
1086748,Kimberly,1990,M,36
1086749,Kourtney,1990,M,36
1086750,Mandela,1990,M,36
1086751,Montgomery,1990,M,36
1086752,Nam,1990,M,36
1086753,Navid,1990,M,36
1086754,Nicolai,1990,M,36
1086755,Octavious,1990,M,36
1086756,Porter,1990,M,36
1086757,Rahim,1990,M,36
1086758,Rob,1990,M,36
1086759,Rod,1990,M,36
1086760,Shamel,1990,M,36
1086761,Stanford,1990,M,36
1086762,Steffon,1990,M,36
1086763,Tai,1990,M,36
1086764,Tam,1990,M,36
1086765,Zach,1990,M,36
1086766,Zachry,1990,M,36
1086767,Zak,1990,M,36
1086768,Antjuan,1990,M,35
1086769,Antonia,1990,M,35
1086770,Antwoine,1990,M,35
1086771,Bradon,1990,M,35
1086772,Celso,1990,M,35
1086773,Christon,1990,M,35
1086774,Clarke,1990,M,35
1086775,Collins,1990,M,35
1086776,Damario,1990,M,35
1086777,Darek,1990,M,35
1086778,Decarlos,1990,M,35
1086779,Delvon,1990,M,35
1086780,Demar,1990,M,35
1086781,Dovid,1990,M,35
1086782,Eusebio,1990,M,35
1086783,Ferdinand,1990,M,35
1086784,Jansen,1990,M,35
1086785,Jermy,1990,M,35
1086786,Jestin,1990,M,35
1086787,Jonpaul,1990,M,35
1086788,Joshue,1990,M,35
1086789,Kiara,1990,M,35
1086790,Kodey,1990,M,35
1086791,Krystopher,1990,M,35
1086792,Kwamane,1990,M,35
1086793,Marquice,1990,M,35
1086794,Maxim,1990,M,35
1086795,Meng,1990,M,35
1086796,Nils,1990,M,35
1086797,Osman,1990,M,35
1086798,Pascual,1990,M,35
1086799,Reginal,1990,M,35
1086800,Rio,1990,M,35
1086801,Roque,1990,M,35
1086802,Rosario,1990,M,35
1086803,Sampson,1990,M,35
1086804,Sanjay,1990,M,35
1086805,Schyler,1990,M,35
1086806,Tadd,1990,M,35
1086807,Tavis,1990,M,35
1086808,Ubaldo,1990,M,35
1086809,Wes,1990,M,35
1086810,Arick,1990,M,34
1086811,Arun,1990,M,34
1086812,Benigno,1990,M,34
1086813,Brogan,1990,M,34
1086814,Calen,1990,M,34
1086815,Corie,1990,M,34
1086816,Dayvon,1990,M,34
1086817,Delton,1990,M,34
1086818,Errick,1990,M,34
1086819,Florentino,1990,M,34
1086820,Gaige,1990,M,34
1086821,Geronimo,1990,M,34
1086822,Ibn,1990,M,34
1086823,Jabril,1990,M,34
1086824,Jacque,1990,M,34
1086825,Kamran,1990,M,34
1086826,Kenya,1990,M,34
1086827,Kevyn,1990,M,34
1086828,Kwamaine,1990,M,34
1086829,Kye,1990,M,34
1086830,Lucien,1990,M,34
1086831,Modesto,1990,M,34
1086832,Narciso,1990,M,34
1086833,Neftali,1990,M,34
1086834,Nikola,1990,M,34
1086835,Pascal,1990,M,34
1086836,Phong,1990,M,34
1086837,Ramses,1990,M,34
1086838,Reco,1990,M,34
1086839,Santana,1990,M,34
1086840,Shakeem,1990,M,34
1086841,Tori,1990,M,34
1086842,Treavor,1990,M,34
1086843,Tyran,1990,M,34
1086844,Tyrese,1990,M,34
1086845,Tywan,1990,M,34
1086846,Vijay,1990,M,34
1086847,Vu,1990,M,34
1086848,Yancy,1990,M,34
1086849,Zachari,1990,M,34
1086850,Zacharias,1990,M,34
1086851,Zaid,1990,M,34
1086852,Akeen,1990,M,33
1086853,Aleksander,1990,M,33
1086854,Anna,1990,M,33
1086855,Art,1990,M,33
1086856,Augustin,1990,M,33
1086857,Bernie,1990,M,33
1086858,Candido,1990,M,33
1086859,Cecilio,1990,M,33
1086860,Chayanne,1990,M,33
1086861,Che,1990,M,33
1086862,Chelsea,1990,M,33
1086863,Cortland,1990,M,33
1086864,Crystal,1990,M,33
1086865,Darby,1990,M,33
1086866,Darnel,1990,M,33
1086867,Edgard,1990,M,33
1086868,Eliazar,1990,M,33
1086869,Glendon,1990,M,33
1086870,Jacobi,1990,M,33
1086871,Jai,1990,M,33
1086872,Jeb,1990,M,33
1086873,Jerrett,1990,M,33
1086874,Jordin,1990,M,33
1086875,Kile,1990,M,33
1086876,Lafayette,1990,M,33
1086877,Lajuan,1990,M,33
1086878,Merle,1990,M,33
1086879,Mikey,1990,M,33
1086880,Montrel,1990,M,33
1086881,Niklas,1990,M,33
1086882,Randel,1990,M,33
1086883,Rashod,1990,M,33
1086884,Ravon,1990,M,33
1086885,Reno,1990,M,33
1086886,River,1990,M,33
1086887,Ryder,1990,M,33
1086888,Saeed,1990,M,33
1086889,Shain,1990,M,33
1086890,Teodoro,1990,M,33
1086891,Travion,1990,M,33
1086892,Tristin,1990,M,33
1086893,Ward,1990,M,33
1086894,Adarius,1990,M,32
1086895,Antron,1990,M,32
1086896,Antwuan,1990,M,32
1086897,Aris,1990,M,32
1086898,Armon,1990,M,32
1086899,Barret,1990,M,32
1086900,Booker,1990,M,32
1086901,Brenda,1990,M,32
1086902,Bridger,1990,M,32
1086903,Camren,1990,M,32
1086904,Cardell,1990,M,32
1086905,Christin,1990,M,32
1086906,Creighton,1990,M,32
1086907,Curtiss,1990,M,32
1086908,Darvin,1990,M,32
1086909,Duran,1990,M,32
1086910,Eden,1990,M,32
1086911,Fabrice,1990,M,32
1086912,Francois,1990,M,32
1086913,Henri,1990,M,32
1086914,Isac,1990,M,32
1086915,Jeramey,1990,M,32
1086916,Jermal,1990,M,32
1086917,Karsten,1990,M,32
1086918,Kason,1990,M,32
1086919,Katherine,1990,M,32
1086920,Kawika,1990,M,32
1086921,Kerwin,1990,M,32
1086922,Khaled,1990,M,32
1086923,Kirt,1990,M,32
1086924,Lavar,1990,M,32
1086925,Luca,1990,M,32
1086926,Lucius,1990,M,32
1086927,Nabil,1990,M,32
1086928,Nicco,1990,M,32
1086929,Refugio,1990,M,32
1086930,Robb,1990,M,32
1086931,Sanford,1990,M,32
1086932,Stephane,1990,M,32
1086933,Taurus,1990,M,32
1086934,Tod,1990,M,32
1086935,Vanessa,1990,M,32
1086936,Vivek,1990,M,32
1086937,Waleed,1990,M,32
1086938,Alejandra,1990,M,31
1086939,Alexandros,1990,M,31
1086940,Allyn,1990,M,31
1086941,Aren,1990,M,31
1086942,Artis,1990,M,31
1086943,Barrington,1990,M,31
1086944,Braeden,1990,M,31
1086945,Brando,1990,M,31
1086946,Chistopher,1990,M,31
1086947,Coltin,1990,M,31
1086948,Cristofer,1990,M,31
1086949,Darryn,1990,M,31
1086950,Dasean,1990,M,31
1086951,Dax,1990,M,31
1086952,Delfino,1990,M,31
1086953,Dontez,1990,M,31
1086954,Eliud,1990,M,31
1086955,Fadi,1990,M,31
1086956,Gaven,1990,M,31
1086957,Gerrit,1990,M,31
1086958,Hal,1990,M,31
1086959,Hamza,1990,M,31
1086960,Hansel,1990,M,31
1086961,Isacc,1990,M,31
1086962,Jacobe,1990,M,31
1086963,Jacory,1990,M,31
1086964,Karlton,1990,M,31
1086965,Keandre,1990,M,31
1086966,Keion,1990,M,31
1086967,Kennard,1990,M,31
1086968,Khalif,1990,M,31
1086969,Klinton,1990,M,31
1086970,Kohl,1990,M,31
1086971,Kolin,1990,M,31
1086972,Korbin,1990,M,31
1086973,Landen,1990,M,31
1086974,Laramie,1990,M,31
1086975,Lucus,1990,M,31
1086976,Miller,1990,M,31
1086977,Nicholes,1990,M,31
1086978,Norbert,1990,M,31
1086979,Soren,1990,M,31
1086980,Tavarus,1990,M,31
1086981,Terran,1990,M,31
1086982,Virgilio,1990,M,31
1086983,Weldon,1990,M,31
1086984,Woody,1990,M,31
1086985,Yeng,1990,M,31
1086986,Yonatan,1990,M,31
1086987,Young,1990,M,31
1086988,Alexzander,1990,M,30
1086989,Alphonse,1990,M,30
1086990,Andra,1990,M,30
1086991,Angela,1990,M,30
1086992,Ankit,1990,M,30
1086993,Antonino,1990,M,30
1086994,Aram,1990,M,30
1086995,Arlen,1990,M,30
1086996,Arya,1990,M,30
1086997,Bakari,1990,M,30
1086998,Barney,1990,M,30
1086999,Blong,1990,M,30
1087000,Camaron,1990,M,30
1087001,Corbett,1990,M,30
1087002,Cort,1990,M,30
1087003,Dariel,1990,M,30
1087004,Daven,1990,M,30
1087005,Dudley,1990,M,30
1087006,Dwaine,1990,M,30
1087007,Dyllan,1990,M,30
1087008,Elie,1990,M,30
1087009,Erek,1990,M,30
1087010,Evaristo,1990,M,30
1087011,Geovanny,1990,M,30
1087012,Ger,1990,M,30
1087013,Gray,1990,M,30
1087014,Hilton,1990,M,30
1087015,Hung,1990,M,30
1087016,Jacorey,1990,M,30
1087017,Jacqueline,1990,M,30
1087018,Jadon,1990,M,30
1087019,Jair,1990,M,30
1087020,Jamelle,1990,M,30
1087021,Jarin,1990,M,30
1087022,Jayvon,1990,M,30
1087023,Jermel,1990,M,30
1087024,Jerold,1990,M,30
1087025,Johnathen,1990,M,30
1087026,Jun,1990,M,30
1087027,Justino,1990,M,30
1087028,Kaylon,1990,M,30
1087029,Kenji,1990,M,30
1087030,Kiley,1990,M,30
1087031,Lacy,1990,M,30
1087032,Landry,1990,M,30
1087033,Mattew,1990,M,30
1087034,Maximino,1990,M,30
1087035,Natanael,1990,M,30
1087036,Neville,1990,M,30
1087037,Quran,1990,M,30
1087038,Ralpheal,1990,M,30
1087039,Rashaud,1990,M,30
1087040,Ronak,1990,M,30
1087041,Sagar,1990,M,30
1087042,Said,1990,M,30
1087043,Serjio,1990,M,30
1087044,Shadow,1990,M,30
1087045,Torry,1990,M,30
1087046,Tyjuan,1990,M,30
1087047,Tyrelle,1990,M,30
1087048,Tyrie,1990,M,30
1087049,Vernell,1990,M,30
1087050,Vikram,1990,M,30
1087051,Wil,1990,M,30
1087052,Yannick,1990,M,30
1087053,Yuri,1990,M,30
1087054,Zacharey,1990,M,30
1087055,Ace,1990,M,29
1087056,Alanmichael,1990,M,29
1087057,Amer,1990,M,29
1087058,Arash,1990,M,29
1087059,Boston,1990,M,29
1087060,Bud,1990,M,29
1087061,Cass,1990,M,29
1087062,Christoher,1990,M,29
1087063,Chue,1990,M,29
1087064,Cornelio,1990,M,29
1087065,Davone,1990,M,29
1087066,Dawayne,1990,M,29
1087067,Desi,1990,M,29
1087068,Devontae,1990,M,29
1087069,Diana,1990,M,29
1087070,Dietrich,1990,M,29
1087071,Dimas,1990,M,29
1087072,Domenick,1990,M,29
1087073,Dru,1990,M,29
1087074,Eben,1990,M,29
1087075,Faisal,1990,M,29
1087076,Frantz,1990,M,29
1087077,Franz,1990,M,29
1087078,Gildardo,1990,M,29
1087079,Hannah,1990,M,29
1087080,Iain,1990,M,29
1087081,Issa,1990,M,29
1087082,Jaleel,1990,M,29
1087083,Jammie,1990,M,29
1087084,Javis,1990,M,29
1087085,Jens,1990,M,29
1087086,Jerid,1990,M,29
1087087,Johnie,1990,M,29
1087088,Johnthan,1990,M,29
1087089,Julia,1990,M,29
1087090,Kayle,1990,M,29
1087091,Khang,1990,M,29
1087092,Lovell,1990,M,29
1087093,Marino,1990,M,29
1087094,Marlo,1990,M,29
1087095,Mayer,1990,M,29
1087096,Neel,1990,M,29
1087097,Ramy,1990,M,29
1087098,Rasheen,1990,M,29
1087099,Rowan,1990,M,29
1087100,Ryen,1990,M,29
1087101,Sal,1990,M,29
1087102,Santonio,1990,M,29
1087103,Seanmichael,1990,M,29
1087104,Serafin,1990,M,29
1087105,Shomari,1990,M,29
1087106,Sloan,1990,M,29
1087107,Stan,1990,M,29
1087108,Tahir,1990,M,29
1087109,Tarell,1990,M,29
1087110,Tramell,1990,M,29
1087111,Tyrek,1990,M,29
1087112,Abran,1990,M,28
1087113,Aleksandr,1990,M,28
1087114,Alix,1990,M,28
1087115,Antonios,1990,M,28
1087116,Arlo,1990,M,28
1087117,Baruch,1990,M,28
1087118,Basilio,1990,M,28
1087119,Braydon,1990,M,28
1087120,Briant,1990,M,28
1087121,Cannon,1990,M,28
1087122,Carleton,1990,M,28
1087123,Celestino,1990,M,28
1087124,Chauncy,1990,M,28
1087125,Christapher,1990,M,28
1087126,Christipher,1990,M,28
1087127,Corban,1990,M,28
1087128,Cordaro,1990,M,28
1087129,Dathan,1990,M,28
1087130,Delante,1990,M,28
1087131,Delon,1990,M,28
1087132,Derius,1990,M,28
1087133,Devine,1990,M,28
1087134,Elroy,1990,M,28
1087135,Felton,1990,M,28
1087136,Gaspar,1990,M,28
1087137,Gennaro,1990,M,28
1087138,Geovany,1990,M,28
1087139,Jahmal,1990,M,28
1087140,Jaimie,1990,M,28
1087141,Jarrel,1990,M,28
1087142,Jawan,1990,M,28
1087143,Jhon,1990,M,28
1087144,Jomar,1990,M,28
1087145,Kalob,1990,M,28
1087146,Laquinton,1990,M,28
1087147,Ledarius,1990,M,28
1087148,Leigh,1990,M,28
1087149,Maxfield,1990,M,28
1087150,Mayra,1990,M,28
1087151,Meir,1990,M,28
1087152,Mikeal,1990,M,28
1087153,Nancy,1990,M,28
1087154,Nile,1990,M,28
1087155,Olin,1990,M,28
1087156,Omer,1990,M,28
1087157,Osama,1990,M,28
1087158,Payden,1990,M,28
1087159,Renee,1990,M,28
1087160,Sara,1990,M,28
1087161,Servando,1990,M,28
1087162,Stevens,1990,M,28
1087163,Tamir,1990,M,28
1087164,Tashan,1990,M,28
1087165,Tino,1990,M,28
1087166,Vasilios,1990,M,28
1087167,Wylie,1990,M,28
1087168,Yesenia,1990,M,28
1087169,Zeth,1990,M,28
1087170,Adolph,1990,M,27
1087171,Alexi,1990,M,27
1087172,Amilcar,1990,M,27
1087173,Amy,1990,M,27
1087174,Anand,1990,M,27
1087175,Anh,1990,M,27
1087176,Arley,1990,M,27
1087177,Bowen,1990,M,27
1087178,Caden,1990,M,27
1087179,Chevy,1990,M,27
1087180,Christan,1990,M,27
1087181,Cipriano,1990,M,27
1087182,Ciro,1990,M,27
1087183,Cleo,1990,M,27
1087184,Cliffton,1990,M,27
1087185,Clive,1990,M,27
1087186,Conrado,1990,M,27
1087187,Daveon,1990,M,27
1087188,De,1990,M,27
1087189,Demarko,1990,M,27
1087190,Dionta,1990,M,27
1087191,Dmario,1990,M,27
1087192,Domonick,1990,M,27
1087193,Donato,1990,M,27
1087194,Duy,1990,M,27
1087195,Gabrielle,1990,M,27
1087196,Gibson,1990,M,27
1087197,Hai,1990,M,27
1087198,Jamaine,1990,M,27
1087199,Jamarious,1990,M,27
1087200,Jamere,1990,M,27
1087201,Jc,1990,M,27
1087202,Jerard,1990,M,27
1087203,Jhonny,1990,M,27
1087204,Joao,1990,M,27
1087205,Johnell,1990,M,27
1087206,Josha,1990,M,27
1087207,Justan,1990,M,27
1087208,Kalani,1990,M,27
1087209,Kalon,1990,M,27
1087210,Kashawn,1990,M,27
1087211,Kenney,1990,M,27
1087212,Kennon,1990,M,27
1087213,Keron,1990,M,27
1087214,Krishna,1990,M,27
1087215,Marquan,1990,M,27
1087216,Maynard,1990,M,27
1087217,Mose,1990,M,27
1087218,Natalie,1990,M,27
1087219,Orville,1990,M,27
1087220,Prentiss,1990,M,27
1087221,Prescott,1990,M,27
1087222,Price,1990,M,27
1087223,Quamaine,1990,M,27
1087224,Rikki,1990,M,27
1087225,Romell,1990,M,27
1087226,Saleem,1990,M,27
1087227,Savion,1990,M,27
1087228,Shamir,1990,M,27
1087229,Shedrick,1990,M,27
1087230,Tan,1990,M,27
1087231,Terrelle,1990,M,27
1087232,Terrick,1990,M,27
1087233,Toni,1990,M,27
1087234,Vang,1990,M,27
1087235,Varun,1990,M,27
1087236,Warner,1990,M,27
1087237,Willem,1990,M,27
1087238,Adams,1990,M,26
1087239,Anthoni,1990,M,26
1087240,Armondo,1990,M,26
1087241,Bao,1990,M,26
1087242,Bentley,1990,M,26
1087243,Brooke,1990,M,26
1087244,Chavis,1990,M,26
1087245,Christine,1990,M,26
1087246,Cynthia,1990,M,26
1087247,Dajour,1990,M,26
1087248,Davonte,1990,M,26
1087249,Daylon,1990,M,26
1087250,Dayshawn,1990,M,26
1087251,Deaundre,1990,M,26
1087252,Derell,1990,M,26
1087253,Derric,1990,M,26
1087254,Derwin,1990,M,26
1087255,Detrick,1990,M,26
1087256,Ellison,1990,M,26
1087257,Enmanuel,1990,M,26
1087258,Garfield,1990,M,26
1087259,Gavino,1990,M,26
1087260,Grover,1990,M,26
1087261,Jeanluc,1990,M,26
1087262,Jeanpaul,1990,M,26
1087263,Juliano,1990,M,26
1087264,Kacy,1990,M,26
1087265,Kejuan,1990,M,26
1087266,Keldrick,1990,M,26
1087267,Kieth,1990,M,26
1087268,Kingsley,1990,M,26
1087269,Kristin,1990,M,26
1087270,Landis,1990,M,26
1087271,Larnell,1990,M,26
1087272,Lazarus,1990,M,26
1087273,Lesley,1990,M,26
1087274,Marius,1990,M,26
1087275,Markee,1990,M,26
1087276,Marque,1990,M,26
1087277,Martavious,1990,M,26
1087278,Matthieu,1990,M,26
1087279,Mendel,1990,M,26
1087280,Naftali,1990,M,26
1087281,Nicolo,1990,M,26
1087282,Noam,1990,M,26
1087283,Noble,1990,M,26
1087284,Piotr,1990,M,26
1087285,Quartez,1990,M,26
1087286,Reynold,1990,M,26
1087287,Rollin,1990,M,26
1087288,Romero,1990,M,26
1087289,Rommel,1990,M,26
1087290,Roshan,1990,M,26
1087291,Ryann,1990,M,26
1087292,Sabastian,1990,M,26
1087293,Sabino,1990,M,26
1087294,Salman,1990,M,26
1087295,Sedric,1990,M,26
1087296,Shaheed,1990,M,26
1087297,Shanon,1990,M,26
1087298,Shareef,1990,M,26
1087299,Silverio,1990,M,26
1087300,Sullivan,1990,M,26
1087301,Tahj,1990,M,26
1087302,Thane,1990,M,26
1087303,Thompson,1990,M,26
1087304,Tomasz,1990,M,26
1087305,Tonio,1990,M,26
1087306,Trask,1990,M,26
1087307,Trung,1990,M,26
1087308,Vicent,1990,M,26
1087309,Abe,1990,M,25
1087310,Abrahan,1990,M,25
1087311,Ashwin,1990,M,25
1087312,Augusto,1990,M,25
1087313,Axl,1990,M,25
1087314,Braylon,1990,M,25
1087315,Daivd,1990,M,25
1087316,Danniel,1990,M,25
1087317,Demarquis,1990,M,25
1087318,Derrion,1990,M,25
1087319,Deshun,1990,M,25
1087320,Devion,1990,M,25
1087321,Dionicio,1990,M,25
1087322,Dmitri,1990,M,25
1087323,Durand,1990,M,25
1087324,Eathan,1990,M,25
1087325,Edrick,1990,M,25
1087326,Emile,1990,M,25
1087327,Gerrick,1990,M,25
1087328,Gianfranco,1990,M,25
1087329,Hampton,1990,M,25
1087330,Hershel,1990,M,25
1087331,Ikaika,1990,M,25
1087332,Ike,1990,M,25
1087333,Ikeem,1990,M,25
1087334,Imani,1990,M,25
1087335,Jaycob,1990,M,25
1087336,Jayden,1990,M,25
1087337,Jeanpierre,1990,M,25
1087338,Jerrold,1990,M,25
1087339,Jorje,1990,M,25
1087340,Justo,1990,M,25
1087341,Kadarius,1990,M,25
1087342,Kalib,1990,M,25
1087343,Keir,1990,M,25
1087344,Kelan,1990,M,25
1087345,Konstantinos,1990,M,25
1087346,Lathan,1990,M,25
1087347,Leeroy,1990,M,25
1087348,Lemar,1990,M,25
1087349,Levar,1990,M,25
1087350,Lex,1990,M,25
1087351,Lonnell,1990,M,25
1087352,Lucky,1990,M,25
1087353,Matthews,1990,M,25
1087354,Mikell,1990,M,25
1087355,Naim,1990,M,25
1087356,Nicholos,1990,M,25
1087357,Osiel,1990,M,25
1087358,Quantez,1990,M,25
1087359,Quintavius,1990,M,25
1087360,Ren,1990,M,25
1087361,Rosalio,1990,M,25
1087362,Saquan,1990,M,25
1087363,Shadi,1990,M,25
1087364,Shadoe,1990,M,25
1087365,Shayan,1990,M,25
1087366,Steele,1990,M,25
1087367,Stephone,1990,M,25
1087368,Tyrece,1990,M,25
1087369,Tyshaun,1990,M,25
1087370,Umar,1990,M,25
1087371,Unnamed,1990,M,25
1087372,Vinay,1990,M,25
1087373,Yves,1990,M,25
1087374,Abdiel,1990,M,24
1087375,Abdulrahman,1990,M,24
1087376,Adriano,1990,M,24
1087377,Alen,1990,M,24
1087378,Allison,1990,M,24
1087379,Anish,1990,M,24
1087380,Ankur,1990,M,24
1087381,Armen,1990,M,24
1087382,Arvin,1990,M,24
1087383,Belal,1990,M,24
1087384,Benjiman,1990,M,24
1087385,Bernabe,1990,M,24
1087386,Bretton,1990,M,24
1087387,Cameren,1990,M,24
1087388,Cason,1990,M,24
1087389,Chaise,1990,M,24
1087390,Chancelor,1990,M,24
1087391,Chantz,1990,M,24
1087392,Christpher,1990,M,24
1087393,Darcy,1990,M,24
1087394,Daryll,1990,M,24
1087395,Dawon,1990,M,24
1087396,Dedric,1990,M,24
1087397,Demetrio,1990,M,24
1087398,Doran,1990,M,24
1087399,Drayton,1990,M,24
1087400,Ed,1990,M,24
1087401,Eitan,1990,M,24
1087402,Elder,1990,M,24
1087403,Erika,1990,M,24
1087404,Florencio,1990,M,24
1087405,Geoff,1990,M,24
1087406,Graig,1990,M,24
1087407,Guiseppe,1990,M,24
1087408,Halston,1990,M,24
1087409,Heather,1990,M,24
1087410,Hipolito,1990,M,24
1087411,Jamieson,1990,M,24
1087412,Javoris,1990,M,24
1087413,Jeremias,1990,M,24
1087414,Johannes,1990,M,24
1087415,Jonothan,1990,M,24
1087416,Jonte,1990,M,24
1087417,Joselito,1990,M,24
1087418,Juanmanuel,1990,M,24
1087419,Kavin,1990,M,24
1087420,Keane,1990,M,24
1087421,Khristian,1990,M,24
1087422,Kierre,1990,M,24
1087423,Korie,1990,M,24
1087424,Lakeem,1990,M,24
1087425,Lavern,1990,M,24
1087426,Lorenza,1990,M,24
1087427,Lou,1990,M,24
1087428,Lydell,1990,M,24
1087429,Matteo,1990,M,24
1087430,Merrill,1990,M,24
1087431,Micaiah,1990,M,24
1087432,Nabeel,1990,M,24
1087433,Nahum,1990,M,24
1087434,Niall,1990,M,24
1087435,Oswald,1990,M,24
1087436,Payne,1990,M,24
1087437,Phoenix,1990,M,24
1087438,Quenten,1990,M,24
1087439,Quintez,1990,M,24
1087440,Riccardo,1990,M,24
1087441,Roshawn,1990,M,24
1087442,Russ,1990,M,24
1087443,Sahil,1990,M,24
1087444,Sandra,1990,M,24
1087445,Sarkis,1990,M,24
1087446,Sione,1990,M,24
1087447,Skylor,1990,M,24
1087448,Talmadge,1990,M,24
1087449,Tamer,1990,M,24
1087450,Tavish,1990,M,24
1087451,Teague,1990,M,24
1087452,Teng,1990,M,24
1087453,Teron,1990,M,24
1087454,Toriano,1990,M,24
1087455,Travell,1990,M,24
1087456,Tylar,1990,M,24
1087457,Usman,1990,M,24
1087458,Wacey,1990,M,24
1087459,Wynton,1990,M,24
1087460,Yechiel,1990,M,24
1087461,Zeb,1990,M,24
1087462,Alicia,1990,M,23
1087463,Andrey,1990,M,23
1087464,Antoni,1990,M,23
1087465,Asif,1990,M,23
1087466,Berry,1990,M,23
1087467,Braedon,1990,M,23
1087468,Brittney,1990,M,23
1087469,Burke,1990,M,23
1087470,Catherine,1990,M,23
1087471,Chanse,1990,M,23
1087472,Cheston,1990,M,23
1087473,Corben,1990,M,23
1087474,Cordale,1990,M,23
1087475,Cosme,1990,M,23
1087476,Damonte,1990,M,23
1087477,Daneil,1990,M,23
1087478,Danthony,1990,M,23
1087479,Darel,1990,M,23
1087480,Darick,1990,M,23
1087481,Davie,1990,M,23
1087482,Demon,1990,M,23
1087483,Denzil,1990,M,23
1087484,Derrike,1990,M,23
1087485,Edilberto,1990,M,23
1087486,Eladio,1990,M,23
1087487,Fahad,1990,M,23
1087488,Georgio,1990,M,23
1087489,Giovannie,1990,M,23
1087490,Godfrey,1990,M,23
1087491,Hani,1990,M,23
1087492,Hardy,1990,M,23
1087493,Hayes,1990,M,23
1087494,Hobie,1990,M,23
1087495,Ilan,1990,M,23
1087496,Isamar,1990,M,23
1087497,Jamonte,1990,M,23
1087498,Jantzen,1990,M,23
1087499,Jasmin,1990,M,23
1087500,Jeronimo,1990,M,23
1087501,Jimi,1990,M,23
1087502,Jordy,1990,M,23
1087503,Joseantonio,1990,M,23
1087504,Jr,1990,M,23
1087505,Juanito,1990,M,23
1087506,Juanjose,1990,M,23
1087507,Karson,1990,M,23
1087508,Keefe,1990,M,23
1087509,Kekoa,1990,M,23
1087510,Kelcey,1990,M,23
1087511,Kenard,1990,M,23
1087512,Kofi,1990,M,23
1087513,Kord,1990,M,23
1087514,Latrell,1990,M,23
1087515,Malek,1990,M,23
1087516,Mckay,1990,M,23
1087517,Montavious,1990,M,23
1087518,Muhammed,1990,M,23
1087519,Naveed,1990,M,23
1087520,Nels,1990,M,23
1087521,Nichols,1990,M,23
1087522,Nikolaos,1990,M,23
1087523,Nnamdi,1990,M,23
1087524,Odis,1990,M,23
1087525,Panagiotis,1990,M,23
1087526,Parish,1990,M,23
1087527,Pieter,1990,M,23
1087528,Rafeal,1990,M,23
1087529,Ramond,1990,M,23
1087530,Ransom,1990,M,23
1087531,Rasean,1990,M,23
1087532,Rhyan,1990,M,23
1087533,Rudolfo,1990,M,23
1087534,Rufino,1990,M,23
1087535,Sang,1990,M,23
1087536,Shaheen,1990,M,23
1087537,Tarrell,1990,M,23
1087538,Thai,1990,M,23
1087539,Tynan,1990,M,23
1087540,Tyshon,1990,M,23
1087541,Ulisses,1990,M,23
1087542,Wardell,1990,M,23
1087543,Yehoshua,1990,M,23
1087544,Aden,1990,M,22
1087545,Alaric,1990,M,22
1087546,Alphonzo,1990,M,22
1087547,Ammar,1990,M,22
1087548,Antavious,1990,M,22
1087549,Apollo,1990,M,22
1087550,Aryan,1990,M,22
1087551,Ashraf,1990,M,22
1087552,Atticus,1990,M,22
1087553,Avinash,1990,M,22
1087554,Baldemar,1990,M,22
1087555,Benjamine,1990,M,22
1087556,Boone,1990,M,22
1087557,Candelario,1990,M,22
1087558,Clancy,1990,M,22
1087559,Claudia,1990,M,22
1087560,Cordaryl,1990,M,22
1087561,Dashiell,1990,M,22
1087562,Dawan,1990,M,22
1087563,Del,1990,M,22
1087564,Denard,1990,M,22
1087565,Destry,1990,M,22
1087566,Devone,1990,M,22
1087567,Devonne,1990,M,22
1087568,Dung,1990,M,22
1087569,Dwan,1990,M,22
1087570,Efraim,1990,M,22
1087571,Efrem,1990,M,22
1087572,Elam,1990,M,22
1087573,Enos,1990,M,22
1087574,Erie,1990,M,22
1087575,Farhan,1990,M,22
1087576,Faris,1990,M,22
1087577,Garen,1990,M,22
1087578,Geovani,1990,M,22
1087579,Gerrard,1990,M,22
1087580,Gibran,1990,M,22
1087581,Jakeb,1990,M,22
1087582,Jalal,1990,M,22
1087583,Jarom,1990,M,22
1087584,Javin,1990,M,22
1087585,Jemel,1990,M,22
1087586,Jerone,1990,M,22
1087587,Jerret,1990,M,22
1087588,Johndavid,1990,M,22
1087589,Jordyn,1990,M,22
1087590,Jorell,1990,M,22
1087591,Joshawa,1990,M,22
1087592,Jousha,1990,M,22
1087593,Juaquin,1990,M,22
1087594,Kaseem,1990,M,22
1087595,Keng,1990,M,22
1087596,Khari,1990,M,22
1087597,Khoa,1990,M,22
1087598,Kishan,1990,M,22
1087599,Klye,1990,M,22
1087600,Kwesi,1990,M,22
1087601,Lake,1990,M,22
1087602,Lamon,1990,M,22
1087603,Lenin,1990,M,22
1087604,Linden,1990,M,22
1087605,Macon,1990,M,22
1087606,Marqus,1990,M,22
1087607,Marvel,1990,M,22
1087608,Merrick,1990,M,22
1087609,Mynor,1990,M,22
1087610,Neill,1990,M,22
1087611,Olajuwon,1990,M,22
1087612,Osiris,1990,M,22
1087613,Ozzie,1990,M,22
1087614,Paige,1990,M,22
1087615,Patrice,1990,M,22
1087616,Patrik,1990,M,22
1087617,Paulino,1990,M,22
1087618,Philipp,1990,M,22
1087619,Quoc,1990,M,22
1087620,Rafe,1990,M,22
1087621,Rahmel,1990,M,22
1087622,Rayford,1990,M,22
1087623,Rolland,1990,M,22
1087624,Rumeal,1990,M,22
1087625,Ryo,1990,M,22
1087626,Salem,1990,M,22
1087627,Soloman,1990,M,22
1087628,Sven,1990,M,22
1087629,Thien,1990,M,22
1087630,Tien,1990,M,22
1087631,Torrin,1990,M,22
1087632,Yakov,1990,M,22
1087633,Zackariah,1990,M,22
1087634,Abimael,1990,M,21
1087635,Aj,1990,M,21
1087636,Akiva,1990,M,21
1087637,Alon,1990,M,21
1087638,An,1990,M,21
1087639,Ansel,1990,M,21
1087640,Antawn,1990,M,21
1087641,Anthonie,1990,M,21
1087642,Antonyo,1990,M,21
1087643,Arlando,1990,M,21
1087644,Austyn,1990,M,21
1087645,Benjaman,1990,M,21
1087646,Bernardino,1990,M,21
1087647,Bj,1990,M,21
1087648,Bladimir,1990,M,21
1087649,Breck,1990,M,21
1087650,Callan,1990,M,21
1087651,Carlyle,1990,M,21
1087652,Casper,1990,M,21
1087653,Cavan,1990,M,21
1087654,Chaddrick,1990,M,21
1087655,Chan,1990,M,21
1087656,Chancey,1990,M,21
1087657,Corderro,1990,M,21
1087658,Corinthian,1990,M,21
1087659,Damone,1990,M,21
1087660,Daniele,1990,M,21
1087661,Daniell,1990,M,21
1087662,Darik,1990,M,21
1087663,Daryle,1990,M,21
1087664,Dat,1990,M,21
1087665,Dell,1990,M,21
1087666,Delroy,1990,M,21
1087667,Deondra,1990,M,21
1087668,Deontre,1990,M,21
1087669,Donaven,1990,M,21
1087670,Donovon,1990,M,21
1087671,Drue,1990,M,21
1087672,Eamonn,1990,M,21
1087673,Earvin,1990,M,21
1087674,Ebony,1990,M,21
1087675,Eldridge,1990,M,21
1087676,Emmitt,1990,M,21
1087677,Erickson,1990,M,21
1087678,Esai,1990,M,21
1087679,Farid,1990,M,21
1087680,Feras,1990,M,21
1087681,Gaetano,1990,M,21
1087682,Garin,1990,M,21
1087683,Germain,1990,M,21
1087684,Gunner,1990,M,21
1087685,Ioannis,1990,M,21
1087686,Islam,1990,M,21
1087687,Jamaul,1990,M,21
1087688,Jawad,1990,M,21
1087689,Jaylon,1990,M,21
1087690,Jett,1990,M,21
1087691,Jiovanni,1990,M,21
1087692,Joanthan,1990,M,21
1087693,Josua,1990,M,21
1087694,Kaylen,1990,M,21
1087695,Kayvon,1990,M,21
1087696,Kedric,1990,M,21
1087697,Kenderick,1990,M,21
1087698,Keonte,1990,M,21
1087699,Laith,1990,M,21
1087700,Levy,1990,M,21
1087701,Loyd,1990,M,21
1087702,Macario,1990,M,21
1087703,Marcanthony,1990,M,21
1087704,Marissa,1990,M,21
1087705,Mazen,1990,M,21
1087706,Meyer,1990,M,21
1087707,Micha,1990,M,21
1087708,Micky,1990,M,21
1087709,Nasir,1990,M,21
1087710,Nicholus,1990,M,21
1087711,Nickalas,1990,M,21
1087712,Nikkolas,1990,M,21
1087713,Nino,1990,M,21
1087714,Olen,1990,M,21
1087715,Omid,1990,M,21
1087716,Pheng,1990,M,21
1087717,Pratik,1990,M,21
1087718,Raffaele,1990,M,21
1087719,Raudel,1990,M,21
1087720,Raziel,1990,M,21
1087721,Rich,1990,M,21
1087722,Roby,1990,M,21
1087723,Ruby,1990,M,21
1087724,Salim,1990,M,21
1087725,Samad,1990,M,21
1087726,Santo,1990,M,21
1087727,Shalom,1990,M,21
1087728,Silvio,1990,M,21
1087729,Spence,1990,M,21
1087730,Stavros,1990,M,21
1087731,Thayne,1990,M,21
1087732,Torre,1990,M,21
1087733,Travaris,1990,M,21
1087734,Traveon,1990,M,21
1087735,Tyrice,1990,M,21
1087736,Tyrrell,1990,M,21
1087737,Ulyses,1990,M,21
1087738,Yang,1990,M,21
1087739,Zebulun,1990,M,21
1087740,Abigail,1990,M,20
1087741,Adem,1990,M,20
1087742,Alvis,1990,M,20
1087743,Ameen,1990,M,20
1087744,Angelica,1990,M,20
1087745,Antwaine,1990,M,20
1087746,Asad,1990,M,20
1087747,Asim,1990,M,20
1087748,Brayton,1990,M,20
1087749,Brigham,1990,M,20
1087750,Brittan,1990,M,20
1087751,Brycen,1990,M,20
1087752,Butch,1990,M,20
1087753,Caitlin,1990,M,20
1087754,Calin,1990,M,20
1087755,Casimir,1990,M,20
1087756,Chason,1990,M,20
1087757,Coley,1990,M,20
1087758,Corrie,1990,M,20
1087759,Dallen,1990,M,20
1087760,Damarius,1990,M,20
1087761,Darryle,1990,M,20
1087762,Davey,1990,M,20
1087763,Demetruis,1990,M,20
1087764,Demitri,1990,M,20
1087765,Diandre,1990,M,20
1087766,Diangelo,1990,M,20
1087767,Dionisio,1990,M,20
1087768,Divine,1990,M,20
1087769,Edan,1990,M,20
1087770,Edsel,1990,M,20
1087771,Eduard,1990,M,20
1087772,Ehren,1990,M,20
1087773,Elwood,1990,M,20
1087774,Enzo,1990,M,20
1087775,Everton,1990,M,20
1087776,Ezekial,1990,M,20
1087777,Faraz,1990,M,20
1087778,Flint,1990,M,20
1087779,Froylan,1990,M,20
1087780,Fue,1990,M,20
1087781,Gabriela,1990,M,20
1087782,Georges,1990,M,20
1087783,Glynn,1990,M,20
1087784,Griffith,1990,M,20
1087785,Haley,1990,M,20
1087786,Hamid,1990,M,20
1087787,Hasani,1990,M,20
1087788,Hezekiah,1990,M,20
1087789,Hillel,1990,M,20
1087790,Hogan,1990,M,20
1087791,Hyrum,1990,M,20
1087792,Jacquez,1990,M,20
1087793,Janson,1990,M,20
1087794,Jaysen,1990,M,20
1087795,Jd,1990,M,20
1087796,Jeancarlos,1990,M,20
1087797,Jerico,1990,M,20
1087798,Jerson,1990,M,20
1087799,Jervon,1990,M,20
1087800,Jodie,1990,M,20
1087801,Josemanuel,1990,M,20
1087802,Juanantonio,1990,M,20
1087803,Kalem,1990,M,20
1087804,Kennan,1990,M,20
1087805,Khary,1990,M,20
1087806,Kimani,1990,M,20
1087807,Lamario,1990,M,20
1087808,Lawrance,1990,M,20
1087809,Lc,1990,M,20
1087810,Lisandro,1990,M,20
1087811,Martavius,1990,M,20
1087812,Maury,1990,M,20
1087813,Mika,1990,M,20
1087814,Mylan,1990,M,20
1087815,Nate,1990,M,20
1087816,Nhia,1990,M,20
1087817,Nichalos,1990,M,20
1087818,Oneil,1990,M,20
1087819,Oziel,1990,M,20
1087820,Pat,1990,M,20
1087821,Phillipe,1990,M,20
1087822,Rajesh,1990,M,20
1087823,Rashan,1990,M,20
1087824,Rayan,1990,M,20
1087825,Rion,1990,M,20
1087826,Rondale,1990,M,20
1087827,Sai,1990,M,20
1087828,Shaka,1990,M,20
1087829,Shamus,1990,M,20
1087830,Shayn,1990,M,20
1087831,Sho,1990,M,20
1087832,Sholom,1990,M,20
1087833,Stevenson,1990,M,20
1087834,Sumner,1990,M,20
1087835,Tamar,1990,M,20
1087836,Tashaun,1990,M,20
1087837,Tavin,1990,M,20
1087838,Terrin,1990,M,20
1087839,Thayer,1990,M,20
1087840,Tremell,1990,M,20
1087841,Treven,1990,M,20
1087842,Wayde,1990,M,20
1087843,Wayland,1990,M,20
1087844,Windell,1990,M,20
1087845,Wyman,1990,M,20
1087846,Xaiver,1990,M,20
1087847,Adel,1990,M,19
1087848,Ahkeem,1990,M,19
1087849,Alban,1990,M,19
1087850,Aleksandar,1990,M,19
1087851,Algernon,1990,M,19
1087852,Alonza,1990,M,19
1087853,Aman,1990,M,19
1087854,Andrei,1990,M,19
1087855,Antoino,1990,M,19
1087856,Anuj,1990,M,19
1087857,Aria,1990,M,19
1087858,Aston,1990,M,19
1087859,Audie,1990,M,19
1087860,Bianca,1990,M,19
1087861,Binyomin,1990,M,19
1087862,Blade,1990,M,19
1087863,Boruch,1990,M,19
1087864,Branton,1990,M,19
1087865,Brentley,1990,M,19
1087866,Britten,1990,M,19
1087867,Cassandra,1990,M,19
1087868,Catarino,1990,M,19
1087869,Chaston,1990,M,19
1087870,Christ,1990,M,19
1087871,Coady,1990,M,19
1087872,Curry,1990,M,19
1087873,Daine,1990,M,19
1087874,Damein,1990,M,19
1087875,Danzell,1990,M,19
1087876,Dara,1990,M,19
1087877,Daric,1990,M,19
1087878,Darnelle,1990,M,19
1087879,Davy,1990,M,19
1087880,Delonta,1990,M,19
1087881,Demorris,1990,M,19
1087882,Derris,1990,M,19
1087883,Dewitt,1990,M,19
1087884,Eian,1990,M,19
1087885,Eliel,1990,M,19
1087886,Eligio,1990,M,19
1087887,Epifanio,1990,M,19
1087888,Eron,1990,M,19
1087889,Erron,1990,M,19
1087890,Esteven,1990,M,19
1087891,Faheem,1990,M,19
1087892,Farris,1990,M,19
1087893,Ford,1990,M,19
1087894,Freddrick,1990,M,19
1087895,Frisco,1990,M,19
1087896,Garon,1990,M,19
1087897,Garreth,1990,M,19
1087898,Garvin,1990,M,19
1087899,Genesis,1990,M,19
1087900,Geoffry,1990,M,19
1087901,Georgios,1990,M,19
1087902,Gerad,1990,M,19
1087903,Giles,1990,M,19
1087904,Hadley,1990,M,19
1087905,Heber,1990,M,19
1087906,Hieu,1990,M,19
1087907,Ivy,1990,M,19
1087908,Jahlil,1990,M,19
1087909,Jakeem,1990,M,19
1087910,Jamiel,1990,M,19
1087911,Jamir,1990,M,19
1087912,Jehu,1990,M,19
1087913,Jermane,1990,M,19
1087914,Joby,1990,M,19
1087915,Johnatan,1990,M,19
1087916,Jorel,1990,M,19
1087917,Josedejesus,1990,M,19
1087918,Juliocesar,1990,M,19
1087919,Juventino,1990,M,19
1087920,Kamar,1990,M,19
1087921,Kamil,1990,M,19
1087922,Kao,1990,M,19
1087923,Kayla,1990,M,19
1087924,Keenon,1990,M,19
1087925,Keiffer,1990,M,19
1087926,Keithan,1990,M,19
1087927,Kentavious,1990,M,19
1087928,Kento,1990,M,19
1087929,Klint,1990,M,19
1087930,Kollin,1990,M,19
1087931,Kortney,1990,M,19
1087932,Kwabena,1990,M,19
1087933,Lakendrick,1990,M,19
1087934,Larson,1990,M,19
1087935,Lateef,1990,M,19
1087936,Latif,1990,M,19
1087937,Le,1990,M,19
1087938,Lemont,1990,M,19
1087939,Leng,1990,M,19
1087940,Librado,1990,M,19
1087941,Luisangel,1990,M,19
1087942,Lupe,1990,M,19
1087943,Melanie,1990,M,19
1087944,Melquan,1990,M,19
1087945,Mercedes,1990,M,19
1087946,Michaelanthony,1990,M,19
1087947,Mikhael,1990,M,19
1087948,Moishe,1990,M,19
1087949,Monica,1990,M,19
1087950,Monique,1990,M,19
1087951,Musa,1990,M,19
1087952,Nevada,1990,M,19
1087953,Obinna,1990,M,19
1087954,Omero,1990,M,19
1087955,Ovidio,1990,M,19
1087956,Payam,1990,M,19
1087957,Phi,1990,M,19
1087958,Pietro,1990,M,19
1087959,Rajan,1990,M,19
1087960,Robyn,1990,M,19
1087961,Rock,1990,M,19
1087962,Roderic,1990,M,19
1087963,Rowland,1990,M,19
1087964,Rylee,1990,M,19
1087965,Sandeep,1990,M,19
1087966,Serge,1990,M,19
1087967,Shaheem,1990,M,19
1087968,Shakir,1990,M,19
1087969,Sharon,1990,M,19
1087970,Shaw,1990,M,19
1087971,Sherod,1990,M,19
1087972,Shulem,1990,M,19
1087973,Simcha,1990,M,19
1087974,Stafford,1990,M,19
1087975,Tal,1990,M,19
1087976,Terri,1990,M,19
1087977,Thorne,1990,M,19
1087978,Timmie,1990,M,19
1087979,Tirrell,1990,M,19
1087980,Tong,1990,M,19
1087981,Tyren,1990,M,19
1087982,Tyrik,1990,M,19
1087983,Ulices,1990,M,19
1087984,Uziel,1990,M,19
1087985,Waldo,1990,M,19
1087986,Winfred,1990,M,19
1087987,Yonathan,1990,M,19
1087988,Zaccheus,1990,M,19
1087989,Zaire,1990,M,19
1087990,Abdel,1990,M,18
1087991,Adil,1990,M,18
1087992,Adriana,1990,M,18
1087993,Alegandro,1990,M,18
1087994,Alexandar,1990,M,18
1087995,Anas,1990,M,18
1087996,Andrez,1990,M,18
1087997,Andru,1990,M,18
1087998,Artie,1990,M,18
1087999,Asael,1990,M,18
1088000,Ashish,1990,M,18
1088001,Bashir,1990,M,18
1088002,Brendyn,1990,M,18
1088003,Brenten,1990,M,18
1088004,Brently,1990,M,18
1088005,Brittain,1990,M,18
1088006,Brockton,1990,M,18
1088007,Buster,1990,M,18
1088008,Callen,1990,M,18
1088009,Camryn,1990,M,18
1088010,Carsten,1990,M,18
1088011,Charly,1990,M,18
1088012,Chirag,1990,M,18
1088013,Cleon,1990,M,18
1088014,Cornelious,1990,M,18
1088015,Crawford,1990,M,18
1088016,Cristina,1990,M,18
1088017,Cuong,1990,M,18
1088018,Danta,1990,M,18
1088019,Dany,1990,M,18
1088020,Delaney,1990,M,18
1088021,Deleon,1990,M,18
1088022,Denise,1990,M,18
1088023,Deniz,1990,M,18
1088024,Diontae,1990,M,18
1088025,Domnique,1990,M,18
1088026,Dondre,1990,M,18
1088027,Dontavis,1990,M,18
1088028,Dontaye,1990,M,18
1088029,Dorion,1990,M,18
1088030,Dushawn,1990,M,18
1088031,Dutch,1990,M,18
1088032,Duwayne,1990,M,18
1088033,Dyllon,1990,M,18
1088034,Eber,1990,M,18
1088035,Ellery,1990,M,18
1088036,Elon,1990,M,18
1088037,Emmet,1990,M,18
1088038,Esgar,1990,M,18
1088039,Estuardo,1990,M,18
1088040,Fitzgerald,1990,M,18
1088041,Fransico,1990,M,18
1088042,Gavriel,1990,M,18
1088043,Hayward,1990,M,18
1088044,Idris,1990,M,18
1088045,Isaak,1990,M,18
1088046,Isabel,1990,M,18
1088047,Isael,1990,M,18
1088048,Issiah,1990,M,18
1088049,Jamael,1990,M,18
1088050,Jamale,1990,M,18
1088051,Jamarkus,1990,M,18
1088052,Jamez,1990,M,18
1088053,Jammal,1990,M,18
1088054,Jamond,1990,M,18
1088055,Jaquez,1990,M,18
1088056,Jaquon,1990,M,18
1088057,Jarrin,1990,M,18
1088058,Jaycee,1990,M,18
1088059,Jazz,1990,M,18
1088060,Jeanclaude,1990,M,18
1088061,Jedd,1990,M,18
1088062,Jemal,1990,M,18
1088063,Jeromey,1990,M,18
1088064,Jerren,1990,M,18
1088065,Jeshua,1990,M,18
1088066,Jontae,1990,M,18
1088067,Kallen,1990,M,18
1088068,Kamren,1990,M,18
1088069,Karen,1990,M,18
1088070,Kash,1990,M,18
1088071,Kendel,1990,M,18
1088072,Kendrell,1990,M,18
1088073,Kiet,1990,M,18
1088074,Kilian,1990,M,18
1088075,Kimo,1990,M,18
1088076,Kit,1990,M,18
1088077,Klay,1990,M,18
1088078,Kwane,1990,M,18
1088079,Laine,1990,M,18
1088080,Larenzo,1990,M,18
1088081,Leonidas,1990,M,18
1088082,Lorin,1990,M,18
1088083,Lue,1990,M,18
1088084,Luisalberto,1990,M,18
1088085,Lyman,1990,M,18
1088086,Maher,1990,M,18
1088087,Markeese,1990,M,18
1088088,Marvell,1990,M,18
1088089,Melchor,1990,M,18
1088090,Meshach,1990,M,18
1088091,Michelangelo,1990,M,18
1088092,Mickel,1990,M,18
1088093,Nasser,1990,M,18
1088094,Neko,1990,M,18
1088095,Newton,1990,M,18
1088096,Niccolo,1990,M,18
1088097,Noland,1990,M,18
1088098,Nyle,1990,M,18
1088099,Oakley,1990,M,18
1088100,Ontario,1990,M,18
1088101,Osmar,1990,M,18
1088102,Otha,1990,M,18
1088103,Parnell,1990,M,18
1088104,Peng,1990,M,18
1088105,Peterson,1990,M,18
1088106,Phillips,1990,M,18
1088107,Quintavious,1990,M,18
1088108,Raffi,1990,M,18
1088109,Ralphael,1990,M,18
1088110,Randle,1990,M,18
1088111,Raynaldo,1990,M,18
1088112,Remi,1990,M,18
1088113,Rendell,1990,M,18
1088114,Ricard,1990,M,18
1088115,Roddy,1990,M,18
1088116,Ronaldo,1990,M,18
1088117,Saxon,1990,M,18
1088118,Shariff,1990,M,18
1088119,Sharron,1990,M,18
1088120,Sherif,1990,M,18
1088121,Sixto,1990,M,18
1088122,Son,1990,M,18
1088123,Sultan,1990,M,18
1088124,Suraj,1990,M,18
1088125,Tait,1990,M,18
1088126,Tajuan,1990,M,18
1088127,Tara,1990,M,18
1088128,Taran,1990,M,18
1088129,Teagan,1990,M,18
1088130,Terrace,1990,M,18
1088131,Teyon,1990,M,18
1088132,Thadeus,1990,M,18
1088133,Theodis,1990,M,18
1088134,Tillman,1990,M,18
1088135,Tre,1990,M,18
1088136,Trevion,1990,M,18
1088137,Tyvon,1990,M,18
1088138,Viet,1990,M,18
1088139,Webster,1990,M,18
1088140,Wellington,1990,M,18
1088141,Willian,1990,M,18
1088142,Yitzchak,1990,M,18
1088143,Youssef,1990,M,18
1088144,Yovani,1990,M,18
1088145,Zacheriah,1990,M,18
1088146,Zamir,1990,M,18
1088147,Abdallah,1990,M,17
1088148,Adriane,1990,M,17
1088149,Ahren,1990,M,17
1088150,Akira,1990,M,17
1088151,Akshay,1990,M,17
1088152,Amadeo,1990,M,17
1088153,Antoinne,1990,M,17
1088154,Antwann,1990,M,17
1088155,Artavius,1990,M,17
1088156,Ashanti,1990,M,17
1088157,Athanasios,1990,M,17
1088158,Aundre,1990,M,17
1088159,Barak,1990,M,17
1088160,Bejamin,1990,M,17
1088161,Benedetto,1990,M,17
1088162,Benzion,1990,M,17
1088163,Brenan,1990,M,17
1088164,Buford,1990,M,17
1088165,Calab,1990,M,17
1088166,Calum,1990,M,17
1088167,Chirstopher,1990,M,17
1088168,Christoph,1990,M,17
1088169,Coree,1990,M,17
1088170,Cuauhtemoc,1990,M,17
1088171,Da,1990,M,17
1088172,Darold,1990,M,17
1088173,Darrious,1990,M,17
1088174,Davian,1990,M,17
1088175,Davidson,1990,M,17
1088176,Dayquan,1990,M,17
1088177,Deane,1990,M,17
1088178,Dennie,1990,M,17
1088179,Donal,1990,M,17
1088180,Evangelos,1990,M,17
1088181,Fortino,1990,M,17
1088182,Garion,1990,M,17
1088183,Gerren,1990,M,17
1088184,Giacomo,1990,M,17
1088185,Gianluca,1990,M,17
1088186,Graydon,1990,M,17
1088187,Gustav,1990,M,17
1088188,Hanif,1990,M,17
1088189,Hanson,1990,M,17
1088190,Harpreet,1990,M,17
1088191,Hashim,1990,M,17
1088192,Haywood,1990,M,17
1088193,Huston,1990,M,17
1088194,Iran,1990,M,17
1088195,Isidoro,1990,M,17
1088196,Jae,1990,M,17
1088197,Jahaziel,1990,M,17
1088198,Jamahl,1990,M,17
1088199,Jame,1990,M,17
1088200,Jarrick,1990,M,17
1088201,Jaye,1990,M,17
1088202,Jerame,1990,M,17
1088203,Jerman,1990,M,17
1088204,Jerrico,1990,M,17
1088205,Jethro,1990,M,17
1088206,Jewel,1990,M,17
1088207,Jorey,1990,M,17
1088208,Joseangel,1990,M,17
1088209,Joy,1990,M,17
1088210,Juwan,1990,M,17
1088211,Kaheem,1990,M,17
1088212,Kareen,1990,M,17
1088213,Keiron,1990,M,17
1088214,Kelin,1990,M,17
1088215,Kenith,1990,M,17
1088216,Keoki,1990,M,17
1088217,Kerby,1990,M,17
1088218,Keyan,1990,M,17
1088219,Kreg,1990,M,17
1088220,Labradford,1990,M,17
1088221,Ladarious,1990,M,17
1088222,Ladon,1990,M,17
1088223,Lamel,1990,M,17
1088224,Laroy,1990,M,17
1088225,Lavonte,1990,M,17
1088226,Leeland,1990,M,17
1088227,Lennon,1990,M,17
1088228,Lequan,1990,M,17
1088229,Lukus,1990,M,17
1088230,Lyndell,1990,M,17
1088231,Margaret,1990,M,17
1088232,Markos,1990,M,17
1088233,Martino,1990,M,17
1088234,Marwin,1990,M,17
1088235,Maximillion,1990,M,17
1088236,Mickael,1990,M,17
1088237,Mikkel,1990,M,17
1088238,Mister,1990,M,17
1088239,Montae,1990,M,17
1088240,Nabor,1990,M,17
1088241,Nashawn,1990,M,17
1088242,Nery,1990,M,17
1088243,Niels,1990,M,17
1088244,Nolen,1990,M,17
1088245,Obryan,1990,M,17
1088246,Orry,1990,M,17
1088247,Padraic,1990,M,17
1088248,Pao,1990,M,17
1088249,Paxton,1990,M,17
1088250,Raymund,1990,M,17
1088251,Rodriguez,1990,M,17
1088252,Ruddy,1990,M,17
1088253,Rydell,1990,M,17
1088254,Seng,1990,M,17
1088255,Sequan,1990,M,17
1088256,Severiano,1990,M,17
1088257,Shabazz,1990,M,17
1088258,Shamon,1990,M,17
1088259,Shandon,1990,M,17
1088260,Sharrod,1990,M,17
1088261,Shaya,1990,M,17
1088262,Sherwood,1990,M,17
1088263,Shun,1990,M,17
1088264,Stevon,1990,M,17
1088265,Sung,1990,M,17
1088266,Tarrance,1990,M,17
1088267,Tavoris,1990,M,17
1088268,Thaddaeus,1990,M,17
1088269,Thang,1990,M,17
1088270,Theophilus,1990,M,17
1088271,Trevar,1990,M,17
1088272,Trumaine,1990,M,17
1088273,Tyreece,1990,M,17
1088274,Tywon,1990,M,17
1088275,Valerie,1990,M,17
1088276,Vern,1990,M,17
1088277,Victoriano,1990,M,17
1088278,Watson,1990,M,17
1088279,Waymon,1990,M,17
1088280,Wendall,1990,M,17
1088281,Weslee,1990,M,17
1088282,West,1990,M,17
1088283,Wiliam,1990,M,17
1088284,Xiong,1990,M,17
1088285,Zachrey,1990,M,17
1088286,Zakaria,1990,M,17
1088287,Zeeshan,1990,M,17
1088288,Zephaniah,1990,M,17
1088289,Aamir,1990,M,16
1088290,Abbas,1990,M,16
1088291,Adham,1990,M,16
1088292,Aditya,1990,M,16
1088293,Adrean,1990,M,16
1088294,Aiden,1990,M,16
1088295,Akim,1990,M,16
1088296,Albino,1990,M,16
1088297,Alyssa,1990,M,16
1088298,Amdrew,1990,M,16
1088299,Andrian,1990,M,16
1088300,Arkeem,1990,M,16
1088301,Arnel,1990,M,16
1088302,Bertrand,1990,M,16
1088303,Binh,1990,M,16
1088304,Braiden,1990,M,16
1088305,Briton,1990,M,16
1088306,Burnell,1990,M,16
1088307,Cadarius,1990,M,16
1088308,Cha,1990,M,16
1088309,Chesley,1990,M,16
1088310,Choua,1990,M,16
1088311,Chrisotpher,1990,M,16
1088312,Christion,1990,M,16
1088313,Colbey,1990,M,16
1088314,Coltan,1990,M,16
1088315,Constantino,1990,M,16
1088316,Daisy,1990,M,16
1088317,Darelle,1990,M,16
1088318,Darshan,1990,M,16
1088319,Daunte,1990,M,16
1088320,Daymon,1990,M,16
1088321,Dee,1990,M,16
1088322,Delmer,1990,M,16
1088323,Dennison,1990,M,16
1088324,Dennys,1990,M,16
1088325,Deontray,1990,M,16
1088326,Dequincy,1990,M,16
1088327,Derrel,1990,M,16
1088328,Diontay,1990,M,16
1088329,Donavin,1990,M,16
1088330,Doug,1990,M,16
1088331,Dray,1990,M,16
1088332,Drey,1990,M,16
1088333,Duan,1990,M,16
1088334,Earle,1990,M,16
1088335,Ector,1990,M,16
1088336,Elden,1990,M,16
1088337,Elia,1990,M,16
1088338,Emillio,1990,M,16
1088339,Eoin,1990,M,16
1088340,Erique,1990,M,16
1088341,Estefan,1990,M,16
1088342,Etienne,1990,M,16
1088343,Eulises,1990,M,16
1088344,Ezell,1990,M,16
1088345,Ferris,1990,M,16
1088346,Fredi,1990,M,16
1088347,Gerrod,1990,M,16
1088348,Giovany,1990,M,16
1088349,Gloria,1990,M,16
1088350,Gumaro,1990,M,16
1088351,Haden,1990,M,16
1088352,Haven,1990,M,16
1088353,Henderson,1990,M,16
1088354,Hikeem,1990,M,16
1088355,Hiroki,1990,M,16
1088356,Hoang,1990,M,16
1088357,Homar,1990,M,16
1088358,Hykeem,1990,M,16
1088359,Ikechukwu,1990,M,16
1088360,Isa,1990,M,16
1088361,Ivon,1990,M,16
1088362,Jad,1990,M,16
1088363,Jaison,1990,M,16
1088364,Jalon,1990,M,16
1088365,Jaxon,1990,M,16
1088366,Jeffrie,1990,M,16
1088367,Jenson,1990,M,16
1088368,Jerrard,1990,M,16
1088369,Jibril,1990,M,16
1088370,Johnnathan,1990,M,16
1088371,Johsua,1990,M,16
1088372,Jossue,1990,M,16
1088373,June,1990,M,16
1088374,Kajuan,1990,M,16
1088375,Kalyn,1990,M,16
1088376,Kary,1990,M,16
1088377,Katie,1990,M,16
1088378,Kaz,1990,M,16
1088379,Keary,1990,M,16
1088380,Kenley,1990,M,16
1088381,Kermit,1990,M,16
1088382,Kiernan,1990,M,16
1088383,Kwasi,1990,M,16
1088384,Ladell,1990,M,16
1088385,Lavaughn,1990,M,16
1088386,Lawton,1990,M,16
1088387,Leanthony,1990,M,16
1088388,Lemarcus,1990,M,16
1088389,Leshawn,1990,M,16
1088390,Lonzo,1990,M,16
1088391,Macklin,1990,M,16
1088392,Maliek,1990,M,16
1088393,Marcin,1990,M,16
1088394,Marie,1990,M,16
1088395,Markie,1990,M,16
1088396,Martha,1990,M,16
1088397,Mateusz,1990,M,16
1088398,Mel,1990,M,16
1088399,Merritt,1990,M,16
1088400,Nadeem,1990,M,16
1088401,Natan,1990,M,16
1088402,Nathaneal,1990,M,16
1088403,Neiko,1990,M,16
1088404,Nguyen,1990,M,16
1088405,Nickolus,1990,M,16
1088406,Nolberto,1990,M,16
1088407,Obrian,1990,M,16
1088408,Otoniel,1990,M,16
1088409,Pearce,1990,M,16
1088410,Perez,1990,M,16
1088411,Phelan,1990,M,16
1088412,Quashawn,1990,M,16
1088413,Race,1990,M,16
1088414,Rahkeem,1990,M,16
1088415,Randale,1990,M,16
1088416,Raquel,1990,M,16
1088417,Rashaan,1990,M,16
1088418,Rayshaun,1990,M,16
1088419,Rayshon,1990,M,16
1088420,Renardo,1990,M,16
1088421,Renzo,1990,M,16
1088422,Roddrick,1990,M,16
1088423,Rogers,1990,M,16
1088424,Roni,1990,M,16
1088425,Rosa,1990,M,16
1088426,Rutger,1990,M,16
1088427,Saman,1990,M,16
1088428,Sesar,1990,M,16
1088429,Shai,1990,M,16
1088430,Shant,1990,M,16
1088431,Shawon,1990,M,16
1088432,Sinclair,1990,M,16
1088433,Sumeet,1990,M,16
1088434,Tallon,1990,M,16
1088435,Tarrence,1990,M,16
1088436,Teofilo,1990,M,16
1088437,Terrion,1990,M,16
1088438,Thong,1990,M,16
1088439,Thornton,1990,M,16
1088440,Tor,1990,M,16
1088441,Tramel,1990,M,16
1088442,Treston,1990,M,16
1088443,Trevan,1990,M,16
1088444,Tylan,1990,M,16
1088445,Tysean,1990,M,16
1088446,Val,1990,M,16
1088447,Veronica,1990,M,16
1088448,Viktor,1990,M,16
1088449,Waseem,1990,M,16
1088450,Wendy,1990,M,16
1088451,Westly,1990,M,16
1088452,Whitley,1990,M,16
1088453,Wolfgang,1990,M,16
1088454,Yee,1990,M,16
1088455,Yoni,1990,M,16
1088456,Zacary,1990,M,16
1088457,Zaki,1990,M,16
1088458,Zohaib,1990,M,16
1088459,Aakash,1990,M,15
1088460,Addam,1990,M,15
1088461,Adiel,1990,M,15
1088462,Adrion,1990,M,15
1088463,Agustine,1990,M,15
1088464,Ahsan,1990,M,15
1088465,Alma,1990,M,15
1088466,Amaury,1990,M,15
1088467,Amon,1990,M,15
1088468,Amrit,1990,M,15
1088469,Anastacio,1990,M,15
1088470,Andrue,1990,M,15
1088471,Antonie,1990,M,15
1088472,Antonius,1990,M,15
1088473,Arif,1990,M,15
1088474,Armin,1990,M,15
1088475,Ashtin,1990,M,15
1088476,Bernell,1990,M,15
1088477,Bertram,1990,M,15
1088478,Bishop,1990,M,15
1088479,Brentt,1990,M,15
1088480,Breyon,1990,M,15
1088481,Brit,1990,M,15
1088482,Carol,1990,M,15
1088483,Cezar,1990,M,15
1088484,Chico,1990,M,15
1088485,Christepher,1990,M,15
1088486,Christien,1990,M,15
1088487,Cindy,1990,M,15
1088488,Conley,1990,M,15
1088489,Cresencio,1990,M,15
1088490,Cristhian,1990,M,15
1088491,Cristo,1990,M,15
1088492,Crosby,1990,M,15
1088493,Dannon,1990,M,15
1088494,Danton,1990,M,15
1088495,Darriel,1990,M,15
1088496,Darryll,1990,M,15
1088497,Daruis,1990,M,15
1088498,Deandrae,1990,M,15
1088499,Deaunte,1990,M,15
1088500,Delrico,1990,M,15
1088501,Demarious,1990,M,15
1088502,Demetrus,1990,M,15
1088503,Deondray,1990,M,15
1088504,Deryk,1990,M,15
1088505,Detric,1990,M,15
1088506,Dev,1990,M,15
1088507,Devario,1990,M,15
1088508,Dhruv,1990,M,15
1088509,Dieter,1990,M,15
1088510,Donelle,1990,M,15
1088511,Donn,1990,M,15
1088512,Donzel,1990,M,15
1088513,Dorrell,1990,M,15
1088514,Dorsey,1990,M,15
1088515,Drakkar,1990,M,15
1088516,Dupree,1990,M,15
1088517,Egan,1990,M,15
1088518,Emmanual,1990,M,15
1088519,Enoc,1990,M,15
1088520,Erving,1990,M,15
1088521,Evelio,1990,M,15
1088522,Fernandez,1990,M,15
1088523,Gabe,1990,M,15
1088524,Garron,1990,M,15
1088525,Gaurav,1990,M,15
1088526,Grabiel,1990,M,15
1088527,Han,1990,M,15
1088528,Haris,1990,M,15
1088529,Hoa,1990,M,15
1088530,Iban,1990,M,15
1088531,Jabar,1990,M,15
1088532,Jacobie,1990,M,15
1088533,Jahi,1990,M,15
1088534,Jahmar,1990,M,15
1088535,Jakari,1990,M,15
1088536,Jariel,1990,M,15
1088537,Jarmal,1990,M,15
1088538,Jaryn,1990,M,15
1088539,Jashawn,1990,M,15
1088540,Javen,1990,M,15
1088541,Javone,1990,M,15
1088542,Jawon,1990,M,15
1088543,Jazmin,1990,M,15
1088544,Jennings,1990,M,15
1088545,Jerelle,1990,M,15
1088546,Jermell,1990,M,15
1088547,Jeromie,1990,M,15
1088548,Jerrin,1990,M,15
1088549,Jewell,1990,M,15
1088550,Jhonathan,1990,M,15
1088551,Jorgeluis,1990,M,15
1088552,Julie,1990,M,15
1088553,Junius,1990,M,15
1088554,Kaelin,1990,M,15
1088555,Kalil,1990,M,15
1088556,Kamau,1990,M,15
1088557,Karol,1990,M,15
1088558,Kassidy,1990,M,15
1088559,Keanan,1990,M,15
1088560,Kendarius,1990,M,15
1088561,Kenon,1990,M,15
1088562,Kentrel,1990,M,15
1088563,Kerrick,1990,M,15
1088564,Kongmeng,1990,M,15
1088565,Konner,1990,M,15
1088566,Koran,1990,M,15
1088567,Kortez,1990,M,15
1088568,Krystian,1990,M,15
1088569,Kylie,1990,M,15
1088570,Laban,1990,M,15
1088571,Lacey,1990,M,15
1088572,Laderrick,1990,M,15
1088573,Lambert,1990,M,15
1088574,Lanny,1990,M,15
1088575,Latroy,1990,M,15
1088576,Leandrew,1990,M,15
1088577,Marek,1990,M,15
1088578,Martrell,1990,M,15
1088579,Matan,1990,M,15
1088580,Menno,1990,M,15
1088581,Millard,1990,M,15
1088582,Mitchelle,1990,M,15
1088583,Mithcell,1990,M,15
1088584,Montavius,1990,M,15
1088585,Montell,1990,M,15
1088586,Montrez,1990,M,15
1088587,Naji,1990,M,15
1088588,Nathanel,1990,M,15
1088589,Navin,1990,M,15
1088590,Nazario,1990,M,15
1088591,Octavian,1990,M,15
1088592,Olivia,1990,M,15
1088593,Olivier,1990,M,15
1088594,Oran,1990,M,15
1088595,Ory,1990,M,15
1088596,Oskar,1990,M,15
1088597,Page,1990,M,15
1088598,Paras,1990,M,15
1088599,Presley,1990,M,15
1088600,Quantrell,1990,M,15
1088601,Quavon,1990,M,15
1088602,Quinlan,1990,M,15
1088603,Quintrell,1990,M,15
1088604,Rahman,1990,M,15
1088605,Ramell,1990,M,15
1088606,Raoul,1990,M,15
1088607,Recardo,1990,M,15
1088608,Reymond,1990,M,15
1088609,Reza,1990,M,15
1088610,Rito,1990,M,15
1088611,Rocio,1990,M,15
1088612,Rontrell,1990,M,15
1088613,Saddam,1990,M,15
1088614,Saleh,1990,M,15
1088615,San,1990,M,15
1088616,Sandro,1990,M,15
1088617,Seneca,1990,M,15
1088618,Shahid,1990,M,15
1088619,Shakim,1990,M,15
1088620,Shaughn,1990,M,15
1088621,Sherrick,1990,M,15
1088622,Sherron,1990,M,15
1088623,Silvano,1990,M,15
1088624,Smith,1990,M,15
1088625,Sylvan,1990,M,15
1088626,Tae,1990,M,15
1088627,Takeem,1990,M,15
1088628,Taner,1990,M,15
1088629,Tarence,1990,M,15
1088630,Taz,1990,M,15
1088631,Terelle,1990,M,15
1088632,Tevis,1990,M,15
1088633,Thaddius,1990,M,15
1088634,Toddrick,1990,M,15
1088635,Tonny,1990,M,15
1088636,Travelle,1990,M,15
1088637,Trebor,1990,M,15
1088638,Tyheem,1990,M,15
1088639,Tykeem,1990,M,15
1088640,Tyriek,1990,M,15
1088641,Tyrin,1990,M,15
1088642,Tyrique,1990,M,15
1088643,Vinnie,1990,M,15
1088644,Walton,1990,M,15
1088645,Washington,1990,M,15
1088646,Wesly,1990,M,15
1088647,Wilberto,1990,M,15
1088648,Wilford,1990,M,15
1088649,Willaim,1990,M,15
1088650,Xai,1990,M,15
1088651,Yasin,1990,M,15
1088652,Yuta,1990,M,15
1088653,Zakkery,1990,M,15
1088654,Abiel,1990,M,14
1088655,Akram,1990,M,14
1088656,Alante,1990,M,14
1088657,Albaro,1990,M,14
1088658,Aldrich,1990,M,14
1088659,Alexandria,1990,M,14
1088660,Allenmichael,1990,M,14
1088661,Amando,1990,M,14
1088662,Amari,1990,M,14
1088663,Andree,1990,M,14
1088664,Arden,1990,M,14
1088665,Arion,1990,M,14
1088666,Aristeo,1990,M,14
1088667,Aristides,1990,M,14
1088668,Arlin,1990,M,14
1088669,Arlington,1990,M,14
1088670,Arrington,1990,M,14
1088671,Ashten,1990,M,14
1088672,Avion,1990,M,14
1088673,Ayman,1990,M,14
1088674,Aziz,1990,M,14
1088675,Baker,1990,M,14
1088676,Bennet,1990,M,14
1088677,Blayze,1990,M,14
1088678,Brantly,1990,M,14
1088679,Bryer,1990,M,14
1088680,Calder,1990,M,14
1088681,Calob,1990,M,14
1088682,Cameran,1990,M,14
1088683,Caylon,1990,M,14
1088684,Chaun,1990,M,14
1088685,Chee,1990,M,14
1088686,Chip,1990,M,14
1088687,Chong,1990,M,14
1088688,Chrisopher,1990,M,14
1088689,Christiaan,1990,M,14
1088690,Christohper,1990,M,14
1088691,Corby,1990,M,14
1088692,Corbyn,1990,M,14
1088693,Cordarious,1990,M,14
1088694,Cordarryl,1990,M,14
1088695,Cris,1990,M,14
1088696,Crispin,1990,M,14
1088697,Curvin,1990,M,14
1088698,Cuyler,1990,M,14
1088699,Dadrian,1990,M,14
1088700,Dalen,1990,M,14
1088701,Damato,1990,M,14
1088702,Danie,1990,M,14
1088703,Danyel,1990,M,14
1088704,Deandrew,1990,M,14
1088705,Decker,1990,M,14
1088706,Demarea,1990,M,14
1088707,Dempsey,1990,M,14
1088708,Derrin,1990,M,14
1088709,Deryck,1990,M,14
1088710,Devell,1990,M,14
1088711,Dex,1990,M,14
1088712,Dimitrius,1990,M,14
1088713,Dixon,1990,M,14
1088714,Dj,1990,M,14
1088715,Dontarius,1990,M,14
1088716,Duc,1990,M,14
1088717,Dyrell,1990,M,14
1088718,Edvin,1990,M,14
1088719,Elihu,1990,M,14
1088720,Ennis,1990,M,14
1088721,Eryk,1990,M,14
1088722,Evelyn,1990,M,14
1088723,Farhad,1990,M,14
1088724,Filippo,1990,M,14
1088725,Flynn,1990,M,14
1088726,Fong,1990,M,14
1088727,Frazier,1990,M,14
1088728,Gavan,1990,M,14
1088729,Gaylon,1990,M,14
1088730,Geroge,1990,M,14
1088731,Gerrell,1990,M,14
1088732,Ghassan,1990,M,14
1088733,Giuliano,1990,M,14
1088734,Habib,1990,M,14
1088735,Hagen,1990,M,14
1088736,Hagop,1990,M,14
1088737,Harmon,1990,M,14
1088738,Hasaan,1990,M,14
1088739,Hermilo,1990,M,14
1088740,Hien,1990,M,14
1088741,Hue,1990,M,14
1088742,Huey,1990,M,14
1088743,Iman,1990,M,14
1088744,Jabbar,1990,M,14
1088745,Jabez,1990,M,14
1088746,Jacquan,1990,M,14
1088747,Jakub,1990,M,14
1088748,Jamarco,1990,M,14
1088749,Jamerson,1990,M,14
1088750,Jami,1990,M,14
1088751,Jarmaine,1990,M,14
1088752,Jarmar,1990,M,14
1088753,Jasmond,1990,M,14
1088754,Jaun,1990,M,14
1088755,Jaz,1990,M,14
1088756,Jeric,1990,M,14
1088757,Jermichael,1990,M,14
1088758,Jeston,1990,M,14
1088759,Jhonatan,1990,M,14
1088760,Jiovanny,1990,M,14
1088761,Joab,1990,M,14
1088762,Josias,1990,M,14
1088763,Jourdain,1990,M,14
1088764,Jovante,1990,M,14
1088765,Juanpablo,1990,M,14
1088766,Kabir,1990,M,14
1088767,Kathleen,1990,M,14
1088768,Kaylan,1990,M,14
1088769,Kelii,1990,M,14
1088770,Keller,1990,M,14
1088771,Kentaro,1990,M,14
1088772,Kevion,1990,M,14
1088773,Khai,1990,M,14
1088774,Khanh,1990,M,14
1088775,Kieffer,1990,M,14
1088776,Kier,1990,M,14
1088777,Kobie,1990,M,14
1088778,Kolt,1990,M,14
1088779,Kreig,1990,M,14
1088780,Kwan,1990,M,14
1088781,Kylee,1990,M,14
1088782,Kylen,1990,M,14
1088783,La,1990,M,14
1088784,Lanard,1990,M,14
1088785,Laurent,1990,M,14
1088786,Leamon,1990,M,14
1088787,Len,1990,M,14
1088788,Linus,1990,M,14
1088789,Lisa,1990,M,14
1088790,Loran,1990,M,14
1088791,Lucious,1990,M,14
1088792,Luz,1990,M,14
1088793,Lynwood,1990,M,14
1088794,Maceo,1990,M,14
1088795,Maleek,1990,M,14
1088796,Mallory,1990,M,14
1088797,Marcellous,1990,M,14
1088798,Marquies,1990,M,14
1088799,Massimo,1990,M,14
1088800,Michell,1990,M,14
1088801,Mihir,1990,M,14
1088802,Montray,1990,M,14
1088803,Moua,1990,M,14
1088804,Nichalas,1990,M,14
1088805,Nickalaus,1990,M,14
1088806,Obadiah,1990,M,14
1088807,Oneal,1990,M,14
1088808,Ori,1990,M,14
1088809,Oryan,1990,M,14
1088810,Pavan,1990,M,14
1088811,Quaid,1990,M,14
1088812,Quin,1990,M,14
1088813,Rajiv,1990,M,14
1088814,Ramzi,1990,M,14
1088815,Raquan,1990,M,14
1088816,Rayne,1990,M,14
1088817,Rees,1990,M,14
1088818,Reshard,1990,M,14
1088819,Romain,1990,M,14
1088820,Ruel,1990,M,14
1088821,Seanpaul,1990,M,14
1088822,Selwyn,1990,M,14
1088823,Shawndell,1990,M,14
1088824,Sigifredo,1990,M,14
1088825,Sina,1990,M,14
1088826,Stepfon,1990,M,14
1088827,Stephano,1990,M,14
1088828,Sutton,1990,M,14
1088829,Taji,1990,M,14
1088830,Tashon,1990,M,14
1088831,Tedrick,1990,M,14
1088832,Tequan,1990,M,14
1088833,Terren,1990,M,14
1088834,Tevita,1990,M,14
1088835,Tin,1990,M,14
1088836,Travious,1990,M,14
1088837,Tri,1990,M,14
1088838,Tymothy,1990,M,14
1088839,Tyrome,1990,M,14
1088840,Uchenna,1990,M,14
1088841,Valdemar,1990,M,14
1088842,Ventura,1990,M,14
1088843,Weylin,1990,M,14
1088844,Wilder,1990,M,14
1088845,Wilhelm,1990,M,14
1088846,Yair,1990,M,14
1088847,Yusuke,1990,M,14
1088848,Zayne,1990,M,14
1088849,Ziad,1990,M,14
1088850,Aarin,1990,M,13
1088851,Aaryn,1990,M,13
1088852,Abdulaziz,1990,M,13
1088853,Adolphus,1990,M,13
1088854,Adrin,1990,M,13
1088855,Akhil,1990,M,13
1088856,Alastair,1990,M,13
1088857,Alexsander,1990,M,13
1088858,Alexx,1990,M,13
1088859,Alison,1990,M,13
1088860,Aly,1990,M,13
1088861,Angello,1990,M,13
1088862,Anival,1990,M,13
1088863,Anjel,1990,M,13
1088864,Anthonio,1990,M,13
1088865,Apolinar,1990,M,13
1088866,Ara,1990,M,13
1088867,Arben,1990,M,13
1088868,Archibald,1990,M,13
1088869,Arlan,1990,M,13
1088870,Ashkan,1990,M,13
1088871,Atlee,1990,M,13
1088872,Banjamin,1990,M,13
1088873,Bon,1990,M,13
1088874,Bram,1990,M,13
1088875,Brok,1990,M,13
1088876,Bryton,1990,M,13
1088877,Burt,1990,M,13
1088878,Cammeron,1990,M,13
1088879,Cantrell,1990,M,13
1088880,Caroline,1990,M,13
1088881,Carols,1990,M,13
1088882,Cartez,1990,M,13
1088883,Cayle,1990,M,13
1088884,Cesario,1990,M,13
1088885,Chancy,1990,M,13
1088886,Chang,1990,M,13
1088887,Charon,1990,M,13
1088888,Christifer,1990,M,13
1088889,Chrystopher,1990,M,13
1088890,Chukwuemeka,1990,M,13
1088891,Cleve,1990,M,13
1088892,Codee,1990,M,13
1088893,Columbus,1990,M,13
1088894,Conan,1990,M,13
1088895,Connell,1990,M,13
1088896,Constantinos,1990,M,13
1088897,Conway,1990,M,13
1088898,Cotey,1990,M,13
1088899,Creed,1990,M,13
1088900,Daevon,1990,M,13
1088901,Dalvin,1990,M,13
1088902,Damarco,1990,M,13
1088903,Danh,1990,M,13
1088904,Dantrell,1990,M,13
1088905,Darrik,1990,M,13
1088906,Darvell,1990,M,13
1088907,Daylan,1990,M,13
1088908,Dejaun,1990,M,13
1088909,Dejohn,1990,M,13
1088910,Demetre,1990,M,13
1088911,Demone,1990,M,13
1088912,Demonta,1990,M,13
1088913,Demontre,1990,M,13
1088914,Derin,1990,M,13
1088915,Deundre,1990,M,13
1088916,Devinn,1990,M,13
1088917,Dewan,1990,M,13
1088918,Dewon,1990,M,13
1088919,Dillard,1990,M,13
1088920,Dishon,1990,M,13
1088921,Domique,1990,M,13
1088922,Dre,1990,M,13
1088923,Dshawn,1990,M,13
1088924,Early,1990,M,13
1088925,Edvardo,1990,M,13
1088926,Edy,1990,M,13
1088927,Elson,1990,M,13
1088928,Enrigue,1990,M,13
1088929,Ernst,1990,M,13
1088930,Erskine,1990,M,13
1088931,Evyn,1990,M,13
1088932,Farley,1990,M,13
1088933,Faron,1990,M,13
1088934,Gabrial,1990,M,13
1088935,Gardner,1990,M,13
1088936,General,1990,M,13
1088937,Gershon,1990,M,13
1088938,Griffen,1990,M,13
1088939,Gunther,1990,M,13
1088940,Haneef,1990,M,13
1088941,Herby,1990,M,13
1088942,Hernando,1990,M,13
1088943,Howell,1990,M,13
1088944,Hoyt,1990,M,13
1088945,Ikenna,1990,M,13
1088946,Imad,1990,M,13
1088947,Italo,1990,M,13
1088948,Jabree,1990,M,13
1088949,Jahvon,1990,M,13
1088950,Jamicheal,1990,M,13
1088951,Janathan,1990,M,13
1088952,Japheth,1990,M,13
1088953,Jarelle,1990,M,13
1088954,Jaspreet,1990,M,13
1088955,Jasson,1990,M,13
1088956,Jaston,1990,M,13
1088957,Jb,1990,M,13
1088958,Jefrey,1990,M,13
1088959,Jemarcus,1990,M,13
1088960,Jermie,1990,M,13
1088961,Jillian,1990,M,13
1088962,Jj,1990,M,13
1088963,Joshuwa,1990,M,13
1088964,Joshwa,1990,M,13
1088965,Jovi,1990,M,13
1088966,Justis,1990,M,13
1088967,Kainoa,1990,M,13
1088968,Kal,1990,M,13
1088969,Kaleo,1990,M,13
1088970,Kalif,1990,M,13
1088971,Karey,1990,M,13
1088972,Karla,1990,M,13
1088973,Katlin,1990,M,13
1088974,Keithen,1990,M,13
1088975,Kendra,1990,M,13
1088976,Keneth,1990,M,13
1088977,Keola,1990,M,13
1088978,Keondre,1990,M,13
1088979,Kiah,1990,M,13
1088980,Kieron,1990,M,13
1088981,Kristina,1990,M,13
1088982,Kyel,1990,M,13
1088983,Lakeith,1990,M,13
1088984,Lamark,1990,M,13
1088985,Lamond,1990,M,13
1088986,Lang,1990,M,13
1088987,Laray,1990,M,13
1088988,Larone,1990,M,13
1088989,Lashaun,1990,M,13
1088990,Levell,1990,M,13
1088991,Levin,1990,M,13
1088992,Leviticus,1990,M,13
1088993,Liliana,1990,M,13
1088994,Lionell,1990,M,13
1088995,Llewellyn,1990,M,13
1088996,Lord,1990,M,13
1088997,Luisenrique,1990,M,13
1088998,Lukasz,1990,M,13
1088999,Magnus,1990,M,13
1089000,Mahmood,1990,M,13
1089001,Malvin,1990,M,13
1089002,Markevius,1990,M,13
1089003,Marlan,1990,M,13
1089004,Marley,1990,M,13
1089005,Marlow,1990,M,13
1089006,Marquavious,1990,M,13
1089007,Martine,1990,M,13
1089008,Maurilio,1990,M,13
1089009,Maxime,1990,M,13
1089010,Mcarthur,1990,M,13
1089011,Meghan,1990,M,13
1089012,Mehdi,1990,M,13
1089013,Micael,1990,M,13
1089014,Min,1990,M,13
1089015,Mina,1990,M,13
1089016,Ming,1990,M,13
1089017,Mostafa,1990,M,13
1089018,Naaman,1990,M,13
1089019,Neco,1990,M,13
1089020,Nichlas,1990,M,13
1089021,Nicholi,1990,M,13
1089022,Nieko,1990,M,13
1089023,Nyles,1990,M,13
1089024,Ocie,1990,M,13
1089025,Omeed,1990,M,13
1089026,Osualdo,1990,M,13
1089027,Ozzy,1990,M,13
1089028,Pajtim,1990,M,13
1089029,Phu,1990,M,13
1089030,Pinchas,1990,M,13
1089031,Quindell,1990,M,13
1089032,Rahiem,1990,M,13
1089033,Rahsaan,1990,M,13
1089034,Ramin,1990,M,13
1089035,Randolf,1990,M,13
1089036,Raymone,1990,M,13
1089037,Raynell,1990,M,13
1089038,Remigio,1990,M,13
1089039,Reo,1990,M,13
1089040,Ricahrd,1990,M,13
1089041,Ricki,1990,M,13
1089042,Riki,1990,M,13
1089043,Robertson,1990,M,13
1089044,Rodriques,1990,M,13
1089045,Romario,1990,M,13
1089046,Rumaldo,1990,M,13
1089047,Sameul,1990,M,13
1089048,Sanders,1990,M,13
1089049,Sebastiano,1990,M,13
1089050,Shota,1990,M,13
1089051,Socrates,1990,M,13
1089052,Stirling,1990,M,13
1089053,Susan,1990,M,13
1089054,Tafari,1990,M,13
1089055,Tamarcus,1990,M,13
1089056,Tarance,1990,M,13
1089057,Tarron,1990,M,13
1089058,Tarus,1990,M,13
1089059,Tarvis,1990,M,13
1089060,Taryn,1990,M,13
1089061,Teon,1990,M,13
1089062,Termaine,1990,M,13
1089063,Terris,1990,M,13
1089064,Tevan,1990,M,13
1089065,Thierry,1990,M,13
1089066,Torrell,1990,M,13
1089067,Torren,1990,M,13
1089068,Torrie,1990,M,13
1089069,Truong,1990,M,13
1089070,Tyon,1990,M,13
1089071,Tyris,1990,M,13
1089072,Uvaldo,1990,M,13
1089073,Vernard,1990,M,13
1089074,Waldemar,1990,M,13
1089075,Wally,1990,M,13
1089076,Welton,1990,M,13
1089077,Wilfrido,1990,M,13
1089078,Wren,1990,M,13
1089079,Yamil,1990,M,13
1089080,Yechezkel,1990,M,13
1089081,Yehudah,1990,M,13
1089082,Yoseph,1990,M,13
1089083,Yu,1990,M,13
1089084,Zacchary,1990,M,13
1089085,Zackory,1990,M,13
1089086,Zerrick,1990,M,13
1089087,Adrienne,1990,M,12
1089088,Ajani,1990,M,12
1089089,Akiem,1990,M,12
1089090,Alcides,1990,M,12
1089091,Alfonza,1990,M,12
1089092,Alika,1990,M,12
1089093,Alim,1990,M,12
1089094,Allister,1990,M,12
1089095,Alva,1990,M,12
1089096,Amadeus,1990,M,12
1089097,Andrews,1990,M,12
1089098,Antoin,1990,M,12
1089099,Antwine,1990,M,12
1089100,Antwoin,1990,M,12
1089101,Apolonio,1990,M,12
1089102,April,1990,M,12
1089103,Aries,1990,M,12
1089104,Arjenis,1990,M,12
1089105,Arne,1990,M,12
1089106,Arnell,1990,M,12
1089107,Arnie,1990,M,12
1089108,Artez,1990,M,12
1089109,Ashok,1990,M,12
1089110,Aureliano,1990,M,12
1089111,Avel,1990,M,12
1089112,Avian,1990,M,12
1089113,Babatunde,1990,M,12
1089114,Baldwin,1990,M,12
1089115,Bayron,1990,M,12
1089116,Beaux,1990,M,12
1089117,Benji,1990,M,12
1089118,Billyjoe,1990,M,12
1089119,Boe,1990,M,12
1089120,Bradyn,1990,M,12
1089121,Breton,1990,M,12
1089122,Britain,1990,M,12
1089123,Calvert,1990,M,12
1089124,Cam,1990,M,12
1089125,Campbell,1990,M,12
1089126,Canyon,1990,M,12
1089127,Chay,1990,M,12
1089128,Chaze,1990,M,12
1089129,Chi,1990,M,12
1089130,Chistian,1990,M,12
1089131,Chritopher,1990,M,12
1089132,Cordney,1990,M,12
1089133,Cosmo,1990,M,12
1089134,Cranston,1990,M,12
1089135,Cristoval,1990,M,12
1089136,Dacota,1990,M,12
1089137,Dalan,1990,M,12
1089138,Dalonte,1990,M,12
1089139,Damarkus,1990,M,12
1089140,Darrelle,1990,M,12
1089141,Davide,1990,M,12
1089142,Davonta,1990,M,12
1089143,Demaris,1990,M,12
1089144,Demichael,1990,M,12
1089145,Derren,1990,M,12
1089146,Derrian,1990,M,12
1089147,Derry,1990,M,12
1089148,Derryck,1990,M,12
1089149,Desmund,1990,M,12
1089150,Devery,1990,M,12
1089151,Devontay,1990,M,12
1089152,Deyon,1990,M,12
1089153,Dimitris,1990,M,12
1089154,Dior,1990,M,12
1089155,Donatello,1990,M,12
1089156,Dong,1990,M,12
1089157,Donnel,1990,M,12
1089158,Dontai,1990,M,12
1089159,Duong,1990,M,12
1089160,Dyron,1990,M,12
1089161,Edric,1990,M,12
1089162,Eldred,1990,M,12
1089163,Elwin,1990,M,12
1089164,Emelio,1990,M,12
1089165,Emmit,1990,M,12
1089166,Ernan,1990,M,12
1089167,Esdras,1990,M,12
1089168,Eston,1990,M,12
1089169,Eulalio,1990,M,12
1089170,Filipe,1990,M,12
1089171,Florian,1990,M,12
1089172,Frances,1990,M,12
1089173,Fuquan,1990,M,12
1089174,Gable,1990,M,12
1089175,Galvin,1990,M,12
1089176,Garrin,1990,M,12
1089177,Geordan,1990,M,12
1089178,Gerold,1990,M,12
1089179,Gerome,1990,M,12
1089180,Gerron,1990,M,12
1089181,Gillermo,1990,M,12
1089182,Girard,1990,M,12
1089183,Giulio,1990,M,12
1089184,Guido,1990,M,12
1089185,Hansen,1990,M,12
1089186,Harlen,1990,M,12
1089187,Haydon,1990,M,12
1089188,Hendrik,1990,M,12
1089189,Henrique,1990,M,12
1089190,Hisham,1990,M,12
1089191,Hussain,1990,M,12
1089192,Ibraheem,1990,M,12
1089193,Iram,1990,M,12
1089194,Izaak,1990,M,12
1089195,Jadarius,1990,M,12
1089196,Jahad,1990,M,12
1089197,Jamail,1990,M,12
1089198,Jamien,1990,M,12
1089199,Jamorris,1990,M,12
1089200,Jamy,1990,M,12
1089201,Jancarlo,1990,M,12
1089202,Jaqwan,1990,M,12
1089203,Jathan,1990,M,12
1089204,Javarus,1990,M,12
1089205,Jaymie,1990,M,12
1089206,Jayro,1990,M,12
1089207,Jenner,1990,M,12
1089208,Jerek,1990,M,12
1089209,Jerett,1990,M,12
1089210,Jerick,1990,M,12
1089211,Jerime,1990,M,12
1089212,Jerin,1990,M,12
1089213,Jermine,1990,M,12
1089214,Jermon,1990,M,12
1089215,Jese,1990,M,12
1089216,Jobie,1990,M,12
1089217,Joell,1990,M,12
1089218,Johnanthony,1990,M,12
1089219,Jonnie,1990,M,12
1089220,Jordi,1990,M,12
1089221,Joshual,1990,M,12
1089222,Joshus,1990,M,12
1089223,Jozef,1990,M,12
1089224,Kadeen,1990,M,12
1089225,Kaiser,1990,M,12
1089226,Kalab,1990,M,12
1089227,Kalub,1990,M,12
1089228,Kendon,1990,M,12
1089229,Kennie,1990,M,12
1089230,Kenric,1990,M,12
1089231,Kenta,1990,M,12
1089232,Kentavius,1990,M,12
1089233,Korry,1990,M,12
1089234,Kristoff,1990,M,12
1089235,Krzysztof,1990,M,12
1089236,Kwamain,1990,M,12
1089237,Kym,1990,M,12
1089238,Kyran,1990,M,12
1089239,Lancelot,1990,M,12
1089240,Larkin,1990,M,12
1089241,Lashon,1990,M,12
1089242,Leopold,1990,M,12
1089243,Les,1990,M,12
1089244,Lesean,1990,M,12
1089245,Lexus,1990,M,12
1089246,Lindell,1990,M,12
1089247,Mandeep,1990,M,12
1089248,Manish,1990,M,12
1089249,Marciano,1990,M,12
1089250,Margarita,1990,M,12
1089251,Marice,1990,M,12
1089252,Marico,1990,M,12
1089253,Marin,1990,M,12
1089254,Marisol,1990,M,12
1089255,Markeem,1990,M,12
1089256,Markey,1990,M,12
1089257,Marsalis,1990,M,12
1089258,Maynor,1990,M,12
1089259,Melton,1990,M,12
1089260,Moise,1990,M,12
1089261,Monico,1990,M,12
1089262,Mykael,1990,M,12
1089263,Nana,1990,M,12
1089264,Naser,1990,M,12
1089265,Natividad,1990,M,12
1089266,Naveen,1990,M,12
1089267,Nicholai,1990,M,12
1089268,Nickalus,1990,M,12
1089269,Nicodemus,1990,M,12
1089270,Nirav,1990,M,12
1089271,Noor,1990,M,12
1089272,Okoye,1990,M,12
1089273,Olando,1990,M,12
1089274,Olufemi,1990,M,12
1089275,Oracio,1990,M,12
1089276,Pearson,1990,M,12
1089277,Petros,1990,M,12
1089278,Phuc,1990,M,12
1089279,Prentis,1990,M,12
1089280,Quadarius,1990,M,12
1089281,Quade,1990,M,12
1089282,Quantavious,1990,M,12
1089283,Quantavius,1990,M,12
1089284,Quintel,1990,M,12
1089285,Radames,1990,M,12
1089286,Raheen,1990,M,12
1089287,Raheim,1990,M,12
1089288,Rain,1990,M,12
1089289,Rainer,1990,M,12
1089290,Randi,1990,M,12
1089291,Ranferi,1990,M,12
1089292,Rayn,1990,M,12
1089293,Redmond,1990,M,12
1089294,Reginaldo,1990,M,12
1089295,Rexford,1990,M,12
1089296,Rj,1990,M,12
1089297,Robie,1990,M,12
1089298,Rogan,1990,M,12
1089299,Romaine,1990,M,12
1089300,Romulo,1990,M,12
1089301,Rudi,1990,M,12
1089302,Ry,1990,M,12
1089303,Ryker,1990,M,12
1089304,Sabrina,1990,M,12
1089305,Sachin,1990,M,12
1089306,Samy,1990,M,12
1089307,Sandor,1990,M,12
1089308,Shamal,1990,M,12
1089309,Shaul,1990,M,12
1089310,Shaye,1990,M,12
1089311,Shean,1990,M,12
1089312,Shem,1990,M,12
1089313,Sherard,1990,M,12
1089314,Shivam,1990,M,12
1089315,Shyam,1990,M,12
1089316,Steadman,1990,M,12
1089317,Steward,1990,M,12
1089318,Sulaiman,1990,M,12
1089319,Sunil,1990,M,12
1089320,Taft,1990,M,12
1089321,Tayvon,1990,M,12
1089322,Theodor,1990,M,12
1089323,Thiago,1990,M,12
1089324,Tiago,1990,M,12
1089325,Timoteo,1990,M,12
1089326,Tobie,1990,M,12
1089327,Tosh,1990,M,12
1089328,Travoris,1990,M,12
1089329,Trevell,1990,M,12
1089330,Treveon,1990,M,12
1089331,Treyvon,1990,M,12
1089332,Tron,1990,M,12
1089333,Tully,1990,M,12
1089334,Tylon,1990,M,12
1089335,Tyrail,1990,M,12
1089336,Tyronne,1990,M,12
1089337,Vaughan,1990,M,12
1089338,Vishaal,1990,M,12
1089339,Vittorio,1990,M,12
1089340,Wali,1990,M,12
1089341,Westen,1990,M,12
1089342,Wissam,1990,M,12
1089343,Xeng,1990,M,12
1089344,Yan,1990,M,12
1089345,Yaser,1990,M,12
1089346,Ysidro,1990,M,12
1089347,Yvan,1990,M,12
1089348,Zacarias,1990,M,12
1089349,Zakk,1990,M,12
1089350,Zayd,1990,M,12
1089351,Zebadiah,1990,M,12
1089352,Aarion,1990,M,11
1089353,Aikeem,1990,M,11
1089354,Alaa,1990,M,11
1089355,Albin,1990,M,11
1089356,Alesandro,1990,M,11
1089357,Alvino,1990,M,11
1089358,Amandeep,1990,M,11
1089359,Andie,1990,M,11
1089360,Antion,1990,M,11
1089361,Arien,1990,M,11
1089362,Aristotle,1990,M,11
1089363,Arius,1990,M,11
1089364,Astin,1990,M,11
1089365,Aundra,1990,M,11
1089366,Avelino,1990,M,11
1089367,Ayrton,1990,M,11
1089368,Beck,1990,M,11
1089369,Benard,1990,M,11
1089370,Blaize,1990,M,11
1089371,Blanca,1990,M,11
1089372,Bonifacio,1990,M,11
1089373,Boy,1990,M,11
1089374,Breland,1990,M,11
1089375,Bren,1990,M,11
1089376,Brendin,1990,M,11
1089377,Brenon,1990,M,11
1089378,Brentton,1990,M,11
1089379,Briana,1990,M,11
1089380,Brinton,1990,M,11
1089381,Bryar,1990,M,11
1089382,Byrant,1990,M,11
1089383,Cainan,1990,M,11
1089384,Callum,1990,M,11
1089385,Carlis,1990,M,11
1089386,Carlisle,1990,M,11
1089387,Carver,1990,M,11
1089388,Cassey,1990,M,11
1089389,Cavin,1990,M,11
1089390,Cayman,1990,M,11
1089391,Caz,1990,M,11
1089392,Chai,1990,M,11
1089393,Chaney,1990,M,11
1089394,Chanz,1990,M,11
1089395,Chastin,1990,M,11
1089396,Chayne,1990,M,11
1089397,Chez,1990,M,11
1089398,Christophr,1990,M,11
1089399,Chuckie,1990,M,11
1089400,Cirilo,1990,M,11
1089401,Claire,1990,M,11
1089402,Collis,1990,M,11
1089403,Contrell,1990,M,11
1089404,Corwyn,1990,M,11
1089405,Coulter,1990,M,11
1089406,Crist,1990,M,11
1089407,Dagan,1990,M,11
1089408,Daimon,1990,M,11
1089409,Daishawn,1990,M,11
1089410,Dalon,1990,M,11
1089411,Dametrius,1990,M,11
1089412,Dang,1990,M,11
1089413,Dani,1990,M,11
1089414,Daniela,1990,M,11
1089415,Daquon,1990,M,11
1089416,Darran,1990,M,11
1089417,Darreon,1990,M,11
1089418,Darry,1990,M,11
1089419,Dashan,1990,M,11
1089420,Datwan,1990,M,11
1089421,Davaris,1990,M,11
1089422,Davonne,1990,M,11
1089423,Davontae,1990,M,11
1089424,Daxton,1990,M,11
1089425,Daymond,1990,M,11
1089426,Dayron,1990,M,11
1089427,Deanglo,1990,M,11
1089428,Deepak,1990,M,11
1089429,Deeric,1990,M,11
1089430,Dekendrick,1990,M,11
1089431,Delontae,1990,M,11
1089432,Demarrio,1990,M,11
1089433,Demetrick,1990,M,11
1089434,Deondrae,1990,M,11
1089435,Deshan,1990,M,11
1089436,Deshay,1990,M,11
1089437,Detron,1990,M,11
1089438,Devane,1990,M,11
1089439,Devaris,1990,M,11
1089440,Devonn,1990,M,11
1089441,Dezmon,1990,M,11
1089442,Dilan,1990,M,11
1089443,Donathan,1990,M,11
1089444,Dontell,1990,M,11
1089445,Dontray,1990,M,11
1089446,Dontrel,1990,M,11
1089447,Doron,1990,M,11
1089448,Dvon,1990,M,11
1089449,Dwane,1990,M,11
1089450,Eberardo,1990,M,11
1089451,Eddrick,1990,M,11
1089452,Eleuterio,1990,M,11
1089453,Eliu,1990,M,11
1089454,Emanual,1990,M,11
1089455,Emigdio,1990,M,11
1089456,Enrrique,1990,M,11
1089457,Ericson,1990,M,11
1089458,Evon,1990,M,11
1089459,Fabien,1990,M,11
1089460,Fabrizio,1990,M,11
1089461,Fareed,1990,M,11
1089462,Farrell,1990,M,11
1089463,Favio,1990,M,11
1089464,Felicia,1990,M,11
1089465,Feliz,1990,M,11
1089466,Fraser,1990,M,11
1089467,Fredrik,1990,M,11
1089468,Froilan,1990,M,11
1089469,Galo,1990,M,11
1089470,Grahm,1990,M,11
1089471,Grigor,1990,M,11
1089472,Gurpreet,1990,M,11
1089473,Hadi,1990,M,11
1089474,Hakop,1990,M,11
1089475,Hamad,1990,M,11
1089476,Hamzah,1990,M,11
1089477,Hannibal,1990,M,11
1089478,Hao,1990,M,11
1089479,Haroon,1990,M,11
1089480,Harper,1990,M,11
1089481,Haseeb,1990,M,11
1089482,Hendrick,1990,M,11
1089483,Henrik,1990,M,11
1089484,Herminio,1990,M,11
1089485,Heston,1990,M,11
1089486,Hyun,1990,M,11
1089487,Jaaron,1990,M,11
1089488,Jacey,1990,M,11
1089489,Jahmel,1990,M,11
1089490,Jahn,1990,M,11
1089491,Jamaar,1990,M,11
1089492,Jameil,1990,M,11
1089493,Jamile,1990,M,11
1089494,Jamill,1990,M,11
1089495,Jamille,1990,M,11
1089496,Jaran,1990,M,11
1089497,Jasdeep,1990,M,11
1089498,Javari,1990,M,11
1089499,Javell,1990,M,11
1089500,Javius,1990,M,11
1089501,Javonta,1990,M,11
1089502,Jeffory,1990,M,11
1089503,Jenaro,1990,M,11
1089504,Jenny,1990,M,11
1089505,Jeremia,1990,M,11
1089506,Jerran,1990,M,11
1089507,Jian,1990,M,11
1089508,Jilberto,1990,M,11
1089509,Jin,1990,M,11
1089510,Joanna,1990,M,11
1089511,Joaquim,1990,M,11
1089512,Jocob,1990,M,11
1089513,Jonerik,1990,M,11
1089514,Josephus,1990,M,11
1089515,Josten,1990,M,11
1089516,Jovannie,1990,M,11
1089517,Jt,1990,M,11
1089518,Kacee,1990,M,11
1089519,Kain,1990,M,11
1089520,Kavan,1990,M,11
1089521,Kaveh,1990,M,11
1089522,Kawon,1990,M,11
1089523,Kean,1990,M,11
1089524,Kee,1990,M,11
1089525,Keefer,1990,M,11
1089526,Keevin,1990,M,11
1089527,Kei,1990,M,11
1089528,Keisuke,1990,M,11
1089529,Kelli,1990,M,11
1089530,Kellin,1990,M,11
1089531,Kennth,1990,M,11
1089532,Keone,1990,M,11
1089533,Keshon,1990,M,11
1089534,Kewon,1990,M,11
1089535,Keyonte,1990,M,11
1089536,Kienan,1990,M,11
1089537,Kion,1990,M,11
1089538,Kiran,1990,M,11
1089539,Kiree,1990,M,11
1089540,Kush,1990,M,11
1089541,Kyre,1990,M,11
1089542,Kyrie,1990,M,11
1089543,Ladale,1990,M,11
1089544,Lakim,1990,M,11
1089545,Landan,1990,M,11
1089546,Lanell,1990,M,11
1089547,Laquentin,1990,M,11
1089548,Laszlo,1990,M,11
1089549,Lavonta,1990,M,11
1089550,Lawerence,1990,M,11
1089551,Lazar,1990,M,11
1089552,Lekendrick,1990,M,11
1089553,Leonides,1990,M,11
1089554,Leticia,1990,M,11
1089555,Linda,1990,M,11
1089556,Little,1990,M,11
1089557,Londell,1990,M,11
1089558,Lynden,1990,M,11
1089559,Macio,1990,M,11
1089560,Maison,1990,M,11
1089561,Manolo,1990,M,11
1089562,Marcelle,1990,M,11
1089563,Marcelus,1990,M,11
1089564,Marcio,1990,M,11
1089565,Markez,1990,M,11
1089566,Marqueze,1990,M,11
1089567,Mateen,1990,M,11
1089568,Maxmillian,1990,M,11
1089569,Mica,1990,M,11
1089570,Milford,1990,M,11
1089571,Mirza,1990,M,11
1089572,Misha,1990,M,11
1089573,Monterio,1990,M,11
1089574,Morrell,1990,M,11
1089575,Nadav,1990,M,11
1089576,Nakia,1990,M,11
1089577,Neema,1990,M,11
1089578,Nephi,1990,M,11
1089579,Nicko,1990,M,11
1089580,Nickolis,1990,M,11
1089581,Nitin,1990,M,11
1089582,Nosson,1990,M,11
1089583,Octavia,1990,M,11
1089584,Olegario,1990,M,11
1089585,Omair,1990,M,11
1089586,Orel,1990,M,11
1089587,Orie,1990,M,11
1089588,Pamela,1990,M,11
1089589,Pawel,1990,M,11
1089590,Philemon,1990,M,11
1089591,Primo,1990,M,11
1089592,Quang,1990,M,11
1089593,Quantae,1990,M,11
1089594,Quinnton,1990,M,11
1089595,Quintarius,1990,M,11
1089596,Radley,1990,M,11
1089597,Rafal,1990,M,11
1089598,Rajon,1990,M,11
1089599,Rane,1990,M,11
1089600,Ranier,1990,M,11
1089601,Rasul,1990,M,11
1089602,Rayce,1990,M,11
1089603,Raylon,1990,M,11
1089604,Rayshun,1990,M,11
1089605,Rehan,1990,M,11
1089606,Reshawn,1990,M,11
1089607,Rodderick,1990,M,11
1089608,Rodricus,1990,M,11
1089609,Rody,1990,M,11
1089610,Ronal,1990,M,11
1089611,Ronte,1990,M,11
1089612,Rupert,1990,M,11
1089613,Sabas,1990,M,11
1089614,Saqib,1990,M,11
1089615,Seferino,1990,M,11
1089616,Selvin,1990,M,11
1089617,Severin,1990,M,11
1089618,Shade,1990,M,11
1089619,Shalin,1990,M,11
1089620,Shervin,1990,M,11
1089621,Shey,1990,M,11
1089622,Shlome,1990,M,11
1089623,Siddharth,1990,M,11
1089624,Sierra,1990,M,11
1089625,Sol,1990,M,11
1089626,Sonia,1990,M,11
1089627,Sony,1990,M,11
1089628,Sotero,1990,M,11
1089629,Styles,1990,M,11
1089630,Sue,1990,M,11
1089631,Sumit,1990,M,11
1089632,Taha,1990,M,11
1089633,Talen,1990,M,11
1089634,Tareq,1990,M,11
1089635,Tarius,1990,M,11
1089636,Tasean,1990,M,11
1089637,Tatum,1990,M,11
1089638,Terez,1990,M,11
1089639,Thao,1990,M,11
1089640,Thorin,1990,M,11
1089641,Tierra,1990,M,11
1089642,Tierre,1990,M,11
1089643,Tobey,1990,M,11
1089644,Tomer,1990,M,11
1089645,Tonnie,1990,M,11
1089646,Toribio,1990,M,11
1089647,Torrian,1990,M,11
1089648,Toua,1990,M,11
1089649,Tramayne,1990,M,11
1089650,Tramon,1990,M,11
1089651,Travers,1990,M,11
1089652,Travone,1990,M,11
1089653,Treg,1990,M,11
1089654,Truitt,1990,M,11
1089655,Tyrae,1990,M,11
1089656,Tyreke,1990,M,11
1089657,Ulric,1990,M,11
1089658,Valon,1990,M,11
1089659,Victorio,1990,M,11
1089660,Vikas,1990,M,11
1089661,Viliami,1990,M,11
1089662,Viraj,1990,M,11
1089663,Vishnu,1990,M,11
1089664,Walid,1990,M,11
1089665,Waverly,1990,M,11
1089666,Wayman,1990,M,11
1089667,Winfield,1990,M,11
1089668,Winton,1990,M,11
1089669,Xavian,1990,M,11
1089670,Yale,1990,M,11
1089671,Yobani,1990,M,11
1089672,Zacchaeus,1990,M,11
1089673,Zackrey,1990,M,11
1089674,Abelino,1990,M,10
1089675,Abhishek,1990,M,10
1089676,Absalom,1990,M,10
1089677,Acie,1990,M,10
1089678,Adin,1990,M,10
1089679,Ahron,1990,M,10
1089680,Airon,1990,M,10
1089681,Aldon,1990,M,10
1089682,Aldrin,1990,M,10
1089683,Aleczander,1990,M,10
1089684,Alessio,1990,M,10
1089685,Algenis,1990,M,10
1089686,Alistair,1990,M,10
1089687,Aljandro,1990,M,10
1089688,Allex,1990,M,10
1089689,Allie,1990,M,10
1089690,Aloysius,1990,M,10
1089691,Alverto,1990,M,10
1089692,Ambrosio,1990,M,10
1089693,Amr,1990,M,10
1089694,Anne,1990,M,10
1089695,Antionio,1990,M,10
1089696,Antoniodejesus,1990,M,10
1089697,Ardell,1990,M,10
1089698,Artavious,1990,M,10
1089699,Asante,1990,M,10
1089700,Ashby,1990,M,10
1089701,Asia,1990,M,10
1089702,Askia,1990,M,10
1089703,Avram,1990,M,10
1089704,Azael,1990,M,10
1089705,Baldomero,1990,M,10
1089706,Barnabas,1990,M,10
1089707,Blase,1990,M,10
1089708,Boaz,1990,M,10
1089709,Bobak,1990,M,10
1089710,Bonnie,1990,M,10
1089711,Bradey,1990,M,10
1089712,Branndon,1990,M,10
1089713,Brayant,1990,M,10
1089714,Briggs,1990,M,10
1089715,Brinson,1990,M,10
1089716,Brittin,1990,M,10
1089717,Brysen,1990,M,10
1089718,Cai,1990,M,10
1089719,Caine,1990,M,10
1089720,Carlous,1990,M,10
1089721,Carlson,1990,M,10
1089722,Carmeron,1990,M,10
1089723,Caspar,1990,M,10
1089724,Cassie,1990,M,10
1089725,Catrell,1990,M,10
1089726,Chayce,1990,M,10
1089727,Chayse,1990,M,10
1089728,Chike,1990,M,10
1089729,Cisco,1990,M,10
1089730,Cletus,1990,M,10
1089731,Cohen,1990,M,10
1089732,Colson,1990,M,10
1089733,Concepcion,1990,M,10
1089734,Cornel,1990,M,10
1089735,Crayton,1990,M,10
1089736,Creston,1990,M,10
1089737,Cristino,1990,M,10
1089738,Cutter,1990,M,10
1089739,Daaron,1990,M,10
1089740,Dacoda,1990,M,10
1089741,Daeshawn,1990,M,10
1089742,Daiquan,1990,M,10
1089743,Dakari,1990,M,10
1089744,Dallon,1990,M,10
1089745,Damari,1990,M,10
1089746,Damin,1990,M,10
1089747,Dantae,1990,M,10
1089748,Dantonio,1990,M,10
1089749,Danuel,1990,M,10
1089750,Darcel,1990,M,10
1089751,Dardan,1990,M,10
1089752,Darus,1990,M,10
1089753,Darvis,1990,M,10
1089754,Daulton,1990,M,10
1089755,Davi,1990,M,10
1089756,Deadrian,1990,M,10
1089757,Deaven,1990,M,10
1089758,Deavon,1990,M,10
1089759,Dejour,1990,M,10
1089760,Dekota,1990,M,10
1089761,Deldrick,1990,M,10
1089762,Delwin,1990,M,10
1089763,Demarion,1990,M,10
1089764,Demarkis,1990,M,10
1089765,Demitris,1990,M,10
1089766,Deondrick,1990,M,10
1089767,Derald,1990,M,10
1089768,Derian,1990,M,10
1089769,Derico,1990,M,10
1089770,Desiree,1990,M,10
1089771,Desman,1990,M,10
1089772,Devarious,1990,M,10
1089773,Deveon,1990,M,10
1089774,Dick,1990,M,10
1089775,Dishawn,1990,M,10
1089776,Dolan,1990,M,10
1089777,Domenique,1990,M,10
1089778,Doniel,1990,M,10
1089779,Dontee,1990,M,10
1089780,Dontel,1990,M,10
1089781,Dontrey,1990,M,10
1089782,Duell,1990,M,10
1089783,Durron,1990,M,10
1089784,Duval,1990,M,10
1089785,Dywane,1990,M,10
1089786,Earon,1990,M,10
1089787,Edder,1990,M,10
1089788,Ehtan,1990,M,10
1089789,Elijio,1990,M,10
1089790,Elimelech,1990,M,10
1089791,Elmo,1990,M,10
1089792,Emad,1990,M,10
1089793,Emmanuelle,1990,M,10
1089794,Emre,1990,M,10
1089795,Endy,1990,M,10
1089796,Eran,1990,M,10
1089797,Eren,1990,M,10
1089798,Eriq,1990,M,10
1089799,Essa,1990,M,10
1089800,Estaban,1990,M,10
1089801,Ethon,1990,M,10
1089802,Eustacio,1990,M,10
1089803,Fenton,1990,M,10
1089804,Ferron,1990,M,10
1089805,Fitzroy,1990,M,10
1089806,Frederik,1990,M,10
1089807,Garner,1990,M,10
1089808,Gautam,1990,M,10
1089809,Geofrey,1990,M,10
1089810,Gerhard,1990,M,10
1089811,Gerrad,1990,M,10
1089812,Giovan,1990,M,10
1089813,Golden,1990,M,10
1089814,Gregroy,1990,M,10
1089815,Guillaume,1990,M,10
1089816,Harout,1990,M,10
1089817,Heith,1990,M,10
1089818,Henrry,1990,M,10
1089819,Hiren,1990,M,10
1089820,Holland,1990,M,10
1089821,Irfan,1990,M,10
1089822,Izak,1990,M,10
1089823,Izell,1990,M,10
1089824,Jabriel,1990,M,10
1089825,Jacari,1990,M,10
1089826,Jaccob,1990,M,10
1089827,Jacquis,1990,M,10
1089828,Jacy,1990,M,10
1089829,Jaimes,1990,M,10
1089830,Jamarion,1990,M,10
1089831,Jamaris,1990,M,10
1089832,Jamarl,1990,M,10
1089833,Jamesmichael,1990,M,10
1089834,Jaques,1990,M,10
1089835,Jatavious,1990,M,10
1089836,Javar,1990,M,10
1089837,Javarius,1990,M,10
1089838,Javion,1990,M,10
1089839,Jawuan,1990,M,10
1089840,Jaymz,1990,M,10
1089841,Jazmine,1990,M,10
1089842,Jeancarlo,1990,M,10
1089843,Jeorge,1990,M,10
1089844,Jeovani,1990,M,10
1089845,Jerami,1990,M,10
1089846,Jeremee,1990,M,10
1089847,Jeren,1990,M,10
1089848,Jerimy,1990,M,10
1089849,Jermar,1990,M,10
1089850,Jermarcus,1990,M,10
1089851,Jermery,1990,M,10
1089852,Jibri,1990,M,10
1089853,Jobany,1990,M,10
1089854,Jobe,1990,M,10
1089855,Joffrey,1990,M,10
1089856,Johnaton,1990,M,10
1089857,Johnel,1990,M,10
1089858,Johnjoseph,1990,M,10
1089859,Jonnathon,1990,M,10
1089860,Jontavious,1990,M,10
1089861,Joran,1990,M,10
1089862,Jordano,1990,M,10
1089863,Joshau,1990,M,10
1089864,Judge,1990,M,10
1089865,Julion,1990,M,10
1089866,Julious,1990,M,10
1089867,Junaid,1990,M,10
1089868,Jurgen,1990,M,10
1089869,Ka,1990,M,10
1089870,Kaine,1990,M,10
1089871,Kaitlin,1990,M,10
1089872,Kaleem,1990,M,10
1089873,Kamaron,1990,M,10
1089874,Kanaan,1990,M,10
1089875,Kari,1990,M,10
1089876,Karina,1990,M,10
1089877,Karlo,1990,M,10
1089878,Karrington,1990,M,10
1089879,Kasim,1990,M,10
1089880,Katelyn,1990,M,10
1089881,Kaylin,1990,M,10
1089882,Kendre,1990,M,10
1089883,Kevork,1990,M,10
1089884,Keynan,1990,M,10
1089885,Khalfani,1990,M,10
1089886,Khalik,1990,M,10
1089887,Khoi,1990,M,10
1089888,Khyree,1990,M,10
1089889,Ki,1990,M,10
1089890,Kingston,1990,M,10
1089891,Kirsten,1990,M,10
1089892,Kiry,1990,M,10
1089893,Klaus,1990,M,10
1089894,Koji,1990,M,10
1089895,Kolbe,1990,M,10
1089896,Koree,1990,M,10
1089897,Kristan,1990,M,10
1089898,Kristjan,1990,M,10
1089899,Krystal,1990,M,10
1089900,Kwamel,1990,M,10
1089901,Kyon,1990,M,10
1089902,Labrandon,1990,M,10
1089903,Ladarren,1990,M,10
1089904,Ladd,1990,M,10
1089905,Lamberto,1990,M,10
1089906,Lasalle,1990,M,10
1089907,Latavius,1990,M,10
1089908,Latham,1990,M,10
1089909,Laverne,1990,M,10
1089910,Lejuan,1990,M,10
1089911,Lendell,1990,M,10
1089912,Lenell,1990,M,10
1089913,Lennard,1990,M,10
1089914,Lennox,1990,M,10
1089915,Leroi,1990,M,10
1089916,Levelle,1990,M,10
1089917,Lindon,1990,M,10
1089918,Linzy,1990,M,10
1089919,Loc,1990,M,10
1089920,Luka,1990,M,10
1089921,Ly,1990,M,10
1089922,Lynell,1990,M,10
1089923,Mace,1990,M,10
1089924,Mahdi,1990,M,10
1089925,Makoto,1990,M,10
1089926,Mandel,1990,M,10
1089927,Manpreet,1990,M,10
1089928,Marian,1990,M,10
1089929,Maribel,1990,M,10
1089930,Maritza,1990,M,10
1089931,Markcus,1990,M,10
1089932,Marq,1990,M,10
1089933,Marquay,1990,M,10
1089934,Marquet,1990,M,10
1089935,Marten,1990,M,10
1089936,Mathhew,1990,M,10
1089937,Melecio,1990,M,10
1089938,Melvyn,1990,M,10
1089939,Merrell,1990,M,10
1089940,Michaelangel,1990,M,10
1089941,Mikail,1990,M,10
1089942,Mitchal,1990,M,10
1089943,Moiz,1990,M,10
1089944,Murad,1990,M,10
1089945,Mycal,1990,M,10
1089946,Nakeem,1990,M,10
1089947,Nashon,1990,M,10
1089948,Nickey,1990,M,10
1089949,Nicklos,1990,M,10
1089950,Nicoles,1990,M,10
1089951,Norwood,1990,M,10
1089952,Obie,1990,M,10
1089953,Octavis,1990,M,10
1089954,Onesimo,1990,M,10
1089955,Osmin,1990,M,10
1089956,Ozell,1990,M,10
1089957,Padraig,1990,M,10
1089958,Paola,1990,M,10
1089959,Paula,1990,M,10
1089960,Pavel,1990,M,10
1089961,Piero,1990,M,10
1089962,Pierson,1990,M,10
1089963,Pinchus,1990,M,10
1089964,Powell,1990,M,10
1089965,Prashant,1990,M,10
1089966,Prestin,1990,M,10
1089967,Primitivo,1990,M,10
1089968,Purnell,1990,M,10
1089969,Qasim,1990,M,10
1089970,Quamain,1990,M,10
1089971,Quamel,1990,M,10
1089972,Quantavis,1990,M,10
1089973,Quentavius,1990,M,10
1089974,Quintavis,1990,M,10
1089975,Raghib,1990,M,10
1089976,Rajeev,1990,M,10
1089977,Ralston,1990,M,10
1089978,Ramar,1990,M,10
1089979,Rand,1990,M,10
1089980,Rashed,1990,M,10
1089981,Rashun,1990,M,10
1089982,Raymondo,1990,M,10
1089983,Rayon,1990,M,10
1089984,Raza,1990,M,10
1089985,Renny,1990,M,10
1089986,Reuven,1990,M,10
1089987,Reynard,1990,M,10
1089988,Rishawn,1990,M,10
1089989,Rizwan,1990,M,10
1089990,Robbin,1990,M,10
1089991,Rondal,1990,M,10
1089992,Ronnel,1990,M,10
1089993,Ronney,1990,M,10
1089994,Ruston,1990,M,10
1089995,Sabin,1990,M,10
1089996,Sekou,1990,M,10
1089997,Shadrach,1990,M,10
1089998,Shaylon,1990,M,10
1089999,Shilo,1990,M,10
1090000,Silvester,1990,M,10
1090001,Simone,1990,M,10
1090002,Sinjin,1990,M,10
1090003,Sonnie,1990,M,10
1090004,Steen,1990,M,10
1090005,Sterlin,1990,M,10
1090006,Sundeep,1990,M,10
1090007,Tammy,1990,M,10
1090008,Tania,1990,M,10
1090009,Tarl,1990,M,10
1090010,Tayron,1990,M,10
1090011,Tedd,1990,M,10
1090012,Teran,1990,M,10
1090013,Terral,1990,M,10
1090014,Terrez,1990,M,10
1090015,Terril,1990,M,10
1090016,Theotis,1990,M,10
1090017,Theran,1990,M,10
1090018,Theresa,1990,M,10
1090019,Thurston,1990,M,10
1090020,Tiara,1990,M,10
1090021,Timonthy,1990,M,10
1090022,Tiquan,1990,M,10
1090023,Tiron,1990,M,10
1090024,Toure,1990,M,10
1090025,Tramain,1990,M,10
1090026,Travian,1990,M,10
1090027,Travius,1990,M,10
1090028,Travonte,1990,M,10
1090029,Trayon,1990,M,10
1090030,Triton,1990,M,10
1090031,Tu,1990,M,10
1090032,Tymon,1990,M,10
1090033,Tyreik,1990,M,10
1090034,Tysen,1990,M,10
1090035,Umair,1990,M,10
1090036,Undra,1990,M,10
1090037,Urian,1990,M,10
1090038,Victoralfonso,1990,M,10
1090039,Wael,1990,M,10
1090040,Werner,1990,M,10
1090041,Whitman,1990,M,10
1090042,Wilmar,1990,M,10
1090043,Winson,1990,M,10
1090044,Wm,1990,M,10
1090045,Xavious,1990,M,10
1090046,Yasir,1990,M,10
1090047,Yasser,1990,M,10
1090048,Yisrael,1990,M,10
1090049,York,1990,M,10
1090050,Yousuf,1990,M,10
1090051,Yovany,1990,M,10
1090052,Yuki,1990,M,10
1090053,Zackarie,1990,M,10
1090054,Zackry,1990,M,10
1090055,Zacory,1990,M,10
1090056,Zahir,1990,M,10
1090057,Zakari,1990,M,10
1090058,Zakariah,1990,M,10
1090059,Zakry,1990,M,10
1090060,Zalmen,1990,M,10
1090061,Zen,1990,M,10
1090062,Zeshan,1990,M,10
1090063,Zuri,1990,M,10
1090064,Abdon,1990,M,9
1090065,Abdulla,1990,M,9
1090066,Abisai,1990,M,9
1090067,Abrahim,1990,M,9
1090068,Abrahm,1990,M,9
1090069,Adeel,1990,M,9
1090070,Adi,1990,M,9
1090071,Adison,1990,M,9
1090072,Aldair,1990,M,9
1090073,Alexader,1990,M,9
1090074,Altonio,1990,M,9
1090075,Amelio,1990,M,9
1090076,Americo,1990,M,9
1090077,Anant,1990,M,9
1090078,Aneesh,1990,M,9
1090079,Anis,1990,M,9
1090080,Anoop,1990,M,9
1090081,Antavius,1990,M,9
1090082,Antionne,1990,M,9
1090083,Antiono,1990,M,9
1090084,Antwonne,1990,M,9
1090085,Anuar,1990,M,9
1090086,Aquil,1990,M,9
1090087,Arcadio,1990,M,9
1090088,Arcenio,1990,M,9
1090089,Arlie,1990,M,9
1090090,Arpan,1990,M,9
1090091,Arren,1990,M,9
1090092,Artur,1990,M,9
1090093,Aryn,1990,M,9
1090094,Ashford,1990,M,9
1090095,Axle,1990,M,9
1090096,Banks,1990,M,9
1090097,Baylen,1990,M,9
1090098,Benn,1990,M,9
1090099,Besnik,1990,M,9
1090100,Bevan,1990,M,9
1090101,Bhavik,1990,M,9
1090102,Bodie,1990,M,9
1090103,Bogar,1990,M,9
1090104,Bolivar,1990,M,9
1090105,Bracken,1990,M,9
1090106,Brannan,1990,M,9
1090107,Brannen,1990,M,9
1090108,Branon,1990,M,9
1090109,Bravlio,1990,M,9
1090110,Breion,1990,M,9
1090111,Brentin,1990,M,9
1090112,Brianna,1990,M,9
1090113,Bryam,1990,M,9
1090114,Bryen,1990,M,9
1090115,Bryston,1990,M,9
1090116,Bucky,1990,M,9
1090117,Bulmaro,1990,M,9
1090118,Candon,1990,M,9
1090119,Carlon,1990,M,9
1090120,Carolyn,1990,M,9
1090121,Caron,1990,M,9
1090122,Carsen,1990,M,9
1090123,Cayce,1990,M,9
1090124,Cayetano,1990,M,9
1090125,Caylan,1990,M,9
1090126,Caylin,1990,M,9
1090127,Cervando,1990,M,9
1090128,Chaka,1990,M,9
1090129,Chane,1990,M,9
1090130,Chantry,1990,M,9
1090131,Chao,1990,M,9
1090132,Chelsey,1990,M,9
1090133,Cher,1990,M,9
1090134,Ching,1990,M,9
1090135,Christophor,1990,M,9
1090136,Chrystian,1990,M,9
1090137,Cian,1990,M,9
1090138,Cobey,1990,M,9
1090139,Codylee,1990,M,9
1090140,Collier,1990,M,9
1090141,Colm,1990,M,9
1090142,Coltyn,1990,M,9
1090143,Colvin,1990,M,9
1090144,Cordera,1990,M,9
1090145,Corin,1990,M,9
1090146,Cote,1990,M,9
1090147,Coulton,1990,M,9
1090148,Crisanto,1990,M,9
1090149,Dakarai,1990,M,9
1090150,Dalin,1990,M,9
1090151,Daquane,1990,M,9
1090152,Darrington,1990,M,9
1090153,Darrio,1990,M,9
1090154,Dawn,1990,M,9
1090155,Deaundra,1990,M,9
1090156,Deddrick,1990,M,9
1090157,Delance,1990,M,9
1090158,Delando,1990,M,9
1090159,Delshawn,1990,M,9
1090160,Demarquez,1990,M,9
1090161,Demont,1990,M,9
1090162,Demontae,1990,M,9
1090163,Denarius,1990,M,9
1090164,Deontaye,1990,M,9
1090165,Deray,1990,M,9
1090166,Derryl,1990,M,9
1090167,Deshone,1990,M,9
1090168,Deundra,1990,M,9
1090169,Devante,1990,M,9
1090170,Devoe,1990,M,9
1090171,Dione,1990,M,9
1090172,Dipesh,1990,M,9
1090173,Djon,1990,M,9
1090174,Domanick,1990,M,9
1090175,Domingue,1990,M,9
1090176,Domnick,1990,M,9
1090177,Donivan,1990,M,9
1090178,Donterius,1990,M,9
1090179,Donterrius,1990,M,9
1090180,Dontreal,1990,M,9
1090181,Dorien,1990,M,9
1090182,Drae,1990,M,9
1090183,Drexel,1990,M,9
1090184,Dsean,1990,M,9
1090185,Duron,1990,M,9
1090186,Eason,1990,M,9
1090187,Eathen,1990,M,9
1090188,Ebenezer,1990,M,9
1090189,Edoardo,1990,M,9
1090190,Elpidio,1990,M,9
1090191,Elston,1990,M,9
1090192,Emir,1990,M,9
1090193,Emma,1990,M,9
1090194,Eri,1990,M,9
1090195,Eris,1990,M,9
1090196,Erol,1990,M,9
1090197,Erric,1990,M,9
1090198,Esmeralda,1990,M,9
1090199,Esmond,1990,M,9
1090200,Eva,1990,M,9
1090201,Flamur,1990,M,9
1090202,Fuad,1990,M,9
1090203,Gaelan,1990,M,9
1090204,Gaelen,1990,M,9
1090205,Garrette,1990,M,9
1090206,Geddy,1990,M,9
1090207,Georgie,1990,M,9
1090208,Gerado,1990,M,9
1090209,Germany,1990,M,9
1090210,Gilad,1990,M,9
1090211,Gill,1990,M,9
1090212,Giordano,1990,M,9
1090213,Gregor,1990,M,9
1090214,Gustave,1990,M,9
1090215,Haig,1990,M,9
1090216,Hamed,1990,M,9
1090217,Hanzel,1990,M,9
1090218,Hayato,1990,M,9
1090219,Hebert,1990,M,9
1090220,Herberth,1990,M,9
1090221,Herson,1990,M,9
1090222,Huntington,1990,M,9
1090223,Hussien,1990,M,9
1090224,Ignatius,1990,M,9
1090225,Ilir,1990,M,9
1090226,Isadore,1990,M,9
1090227,Isauro,1990,M,9
1090228,Isiaha,1990,M,9
1090229,Isidore,1990,M,9
1090230,Isrrael,1990,M,9
1090231,Jafar,1990,M,9
1090232,Jaheem,1990,M,9
1090233,Jalani,1990,M,9
1090234,Jamen,1990,M,9
1090235,Jamesedward,1990,M,9
1090236,Jammy,1990,M,9
1090237,Janet,1990,M,9
1090238,Jaquawn,1990,M,9
1090239,Jaquel,1990,M,9
1090240,Javian,1990,M,9
1090241,Javid,1990,M,9
1090242,Javoni,1990,M,9
1090243,Jawaun,1990,M,9
1090244,Jaymeson,1990,M,9
1090245,Jayshawn,1990,M,9
1090246,Jemery,1990,M,9
1090247,Jeno,1990,M,9
1090248,Jeoffrey,1990,M,9
1090249,Jeriel,1990,M,9
1090250,Jerremy,1990,M,9
1090251,Jevin,1990,M,9
1090252,Jhony,1990,M,9
1090253,Jhovany,1990,M,9
1090254,Jireh,1990,M,9
1090255,Joathan,1990,M,9
1090256,Joeangel,1990,M,9
1090257,Johnathin,1990,M,9
1090258,Johnhenry,1990,M,9
1090259,Johnothan,1990,M,9
1090260,Johnthomas,1990,M,9
1090261,Joneric,1990,M,9
1090262,Jonh,1990,M,9
1090263,Joon,1990,M,9
1090264,Joren,1990,M,9
1090265,Jorrell,1990,M,9
1090266,Joshaua,1990,M,9
1090267,Josuha,1990,M,9
1090268,Jotham,1990,M,9
1090269,Jourdon,1990,M,9
1090270,Kadin,1990,M,9
1090271,Kael,1990,M,9
1090272,Kaimana,1990,M,9
1090273,Kallan,1990,M,9
1090274,Kamon,1990,M,9
1090275,Kamrin,1990,M,9
1090276,Karam,1990,M,9
1090277,Karlin,1990,M,9
1090278,Karter,1990,M,9
1090279,Karthik,1990,M,9
1090280,Kase,1990,M,9
1090281,Kayne,1990,M,9
1090282,Kayron,1990,M,9
1090283,Keanen,1990,M,9
1090284,Keath,1990,M,9
1090285,Kedeem,1990,M,9
1090286,Keene,1990,M,9
1090287,Keeton,1990,M,9
1090288,Keivon,1990,M,9
1090289,Kendle,1990,M,9
1090290,Kennen,1990,M,9
1090291,Kenzie,1990,M,9
1090292,Keonta,1990,M,9
1090293,Kerri,1990,M,9
1090294,Keshun,1990,M,9
1090295,Keston,1990,M,9
1090296,Kevis,1990,M,9
1090297,Kiere,1990,M,9
1090298,Kohei,1990,M,9
1090299,Kristof,1990,M,9
1090300,Kristofor,1990,M,9
1090301,Krystofer,1990,M,9
1090302,Kushal,1990,M,9
1090303,Kyson,1990,M,9
1090304,Ladonte,1990,M,9
1090305,Laken,1990,M,9
1090306,Lam,1990,M,9
1090307,Larell,1990,M,9
1090308,Larico,1990,M,9
1090309,Larsen,1990,M,9
1090310,Laurance,1990,M,9
1090311,Lavert,1990,M,9
1090312,Leah,1990,M,9
1090313,Lekeith,1990,M,9
1090314,Leonte,1990,M,9
1090315,Linh,1990,M,9
1090316,Lipa,1990,M,9
1090317,Livingston,1990,M,9
1090318,Lizeth,1990,M,9
1090319,Logun,1990,M,9
1090320,Lonell,1990,M,9
1090321,Lonzell,1990,M,9
1090322,Luan,1990,M,9
1090323,Lucia,1990,M,9
1090324,Macarthur,1990,M,9
1090325,Majid,1990,M,9
1090326,Manfred,1990,M,9
1090327,Markees,1990,M,9
1090328,Markice,1990,M,9
1090329,Markquis,1990,M,9
1090330,Marland,1990,M,9
1090331,Marlene,1990,M,9
1090332,Marqual,1990,M,9
1090333,Marquest,1990,M,9
1090334,Marquist,1990,M,9
1090335,Marteze,1990,M,9
1090336,Martyn,1990,M,9
1090337,Marwan,1990,M,9
1090338,Masaki,1990,M,9
1090339,Maurico,1990,M,9
1090340,May,1990,M,9
1090341,Mayco,1990,M,9
1090342,Mayur,1990,M,9
1090343,Mccoy,1990,M,9
1090344,Medardo,1990,M,9
1090345,Mena,1990,M,9
1090346,Mical,1990,M,9
1090347,Michaeljohn,1990,M,9
1090348,Mickell,1990,M,9
1090349,Milagro,1990,M,9
1090350,Mitul,1990,M,9
1090351,Mohit,1990,M,9
1090352,Molly,1990,M,9
1090353,Monta,1990,M,9
1090354,Montel,1990,M,9
1090355,Mustapha,1990,M,9
1090356,Mycah,1990,M,9
1090357,Mycheal,1990,M,9
1090358,Nazareth,1990,M,9
1090359,Neiman,1990,M,9
1090360,Neng,1990,M,9
1090361,Nhan,1990,M,9
1090362,Nicholson,1990,M,9
1090363,Nickalos,1990,M,9
1090364,Nidal,1990,M,9
1090365,Niel,1990,M,9
1090366,Nijel,1990,M,9
1090367,Niki,1990,M,9
1090368,Nikos,1990,M,9
1090369,Nishan,1990,M,9
1090370,Odie,1990,M,9
1090371,Odin,1990,M,9
1090372,Olaf,1990,M,9
1090373,Pace,1990,M,9
1090374,Panayiotis,1990,M,9
1090375,Partick,1990,M,9
1090376,Percell,1990,M,9
1090377,Perris,1990,M,9
1090378,Phuoc,1990,M,9
1090379,Phuong,1990,M,9
1090380,Phyllip,1990,M,9
1090381,Pilar,1990,M,9
1090382,Placido,1990,M,9
1090383,Quadir,1990,M,9
1090384,Quillan,1990,M,9
1090385,Quintan,1990,M,9
1090386,Rafi,1990,M,9
1090387,Raimundo,1990,M,9
1090388,Rakeen,1990,M,9
1090389,Rakesh,1990,M,9
1090390,Rameez,1990,M,9
1090391,Ramirez,1990,M,9
1090392,Rashee,1990,M,9
1090393,Raushan,1990,M,9
1090394,Rayfield,1990,M,9
1090395,Raysean,1990,M,9
1090396,Reshad,1990,M,9
1090397,Ric,1990,M,9
1090398,Roberta,1990,M,9
1090399,Rodman,1990,M,9
1090400,Romone,1990,M,9
1090401,Romy,1990,M,9
1090402,Rondarius,1990,M,9
1090403,Ronel,1990,M,9
1090404,Ronzell,1990,M,9
1090405,Rudolf,1990,M,9
1090406,Rui,1990,M,9
1090407,Rye,1990,M,9
1090408,Ryota,1990,M,9
1090409,Salah,1990,M,9
1090410,Salome,1990,M,9
1090411,Sebastain,1990,M,9
1090412,Severo,1990,M,9
1090413,Shady,1990,M,9
1090414,Shahab,1990,M,9
1090415,Shaune,1990,M,9
1090416,Shavez,1990,M,9
1090417,Shawnmichael,1990,M,9
1090418,Sherrard,1990,M,9
1090419,Shimshon,1990,M,9
1090420,Shiv,1990,M,9
1090421,Shiva,1990,M,9
1090422,Shmiel,1990,M,9
1090423,Shneur,1990,M,9
1090424,Shoua,1990,M,9
1090425,Sigmund,1990,M,9
1090426,Slater,1990,M,9
1090427,Sou,1990,M,9
1090428,Steel,1990,M,9
1090429,Stefanos,1990,M,9
1090430,Stevin,1990,M,9
1090431,Stratton,1990,M,9
1090432,Taariq,1990,M,9
1090433,Tabias,1990,M,9
1090434,Taggart,1990,M,9
1090435,Taheem,1990,M,9
1090436,Takayuki,1990,M,9
1090437,Talal,1990,M,9
1090438,Talha,1990,M,9
1090439,Tamara,1990,M,9
1090440,Tarin,1990,M,9
1090441,Tavian,1990,M,9
1090442,Tavion,1990,M,9
1090443,Tejas,1990,M,9
1090444,Telly,1990,M,9
1090445,Thaddeaus,1990,M,9
1090446,Thinh,1990,M,9
1090447,Thorn,1990,M,9
1090448,Tighe,1990,M,9
1090449,Tijuan,1990,M,9
1090450,Tilden,1990,M,9
1090451,Tiler,1990,M,9
1090452,Timathy,1990,M,9
1090453,Timothee,1990,M,9
1090454,Tion,1990,M,9
1090455,Tishawn,1990,M,9
1090456,Torris,1990,M,9
1090457,Townsend,1990,M,9
1090458,Tra,1990,M,9
1090459,Traves,1990,M,9
1090460,Travin,1990,M,9
1090461,Trenell,1990,M,9
1090462,Tres,1990,M,9
1090463,Truett,1990,M,9
1090464,Trystan,1990,M,9
1090465,Turhan,1990,M,9
1090466,Twain,1990,M,9
1090467,Umberto,1990,M,9
1090468,Uri,1990,M,9
1090469,Valdez,1990,M,9
1090470,Vann,1990,M,9
1090471,Vashawn,1990,M,9
1090472,Vic,1990,M,9
1090473,Vicky,1990,M,9
1090474,Vineet,1990,M,9
1090475,Vontrell,1990,M,9
1090476,Waylan,1990,M,9
1090477,Wells,1990,M,9
1090478,Wessley,1990,M,9
1090479,Wilkins,1990,M,9
1090480,Willson,1990,M,9
1090481,Wolf,1990,M,9
1090482,Wynn,1990,M,9
1090483,Xavien,1990,M,9
1090484,Yash,1990,M,9
1090485,Yazan,1990,M,9
1090486,Yohannes,1990,M,9
1090487,Yolanda,1990,M,9
1090488,Yonah,1990,M,9
1090489,Yong,1990,M,9
1090490,Yony,1990,M,9
1090491,Zacherie,1990,M,9
1090492,Zackaria,1990,M,9
1090493,Zakee,1990,M,9
1090494,Zebedee,1990,M,9
1090495,Zenon,1990,M,9
1090496,Zion,1990,M,9
1090497,Zoe,1990,M,9
1090498,Zong,1990,M,9
1090499,Zuriel,1990,M,9
1090500,Aaren,1990,M,8
1090501,Aaric,1990,M,8
1090502,Abayomi,1990,M,8
1090503,Abhinav,1990,M,8
1090504,Able,1990,M,8
1090505,Acey,1990,M,8
1090506,Ackeem,1990,M,8
1090507,Adante,1990,M,8
1090508,Adarsh,1990,M,8
1090509,Adell,1990,M,8
1090510,Adonnis,1990,M,8
1090511,Aeron,1990,M,8
1090512,Akbar,1990,M,8
1090513,Akin,1990,M,8
1090514,Alasdair,1990,M,8
1090515,Aldric,1990,M,8
1090516,Aleem,1990,M,8
1090517,Alexa,1990,M,8
1090518,Alford,1990,M,8
1090519,Alijah,1990,M,8
1090520,Alireza,1990,M,8
1090521,Alonte,1990,M,8
1090522,Alvan,1990,M,8
1090523,Amad,1990,M,8
1090524,Amani,1990,M,8
1090525,Amauri,1990,M,8
1090526,Amen,1990,M,8
1090527,Amjad,1990,M,8
1090528,Amol,1990,M,8
1090529,Ander,1990,M,8
1090530,Andrej,1990,M,8
1090531,Andrell,1990,M,8
1090532,Andreus,1990,M,8
1090533,Andrewjohn,1990,M,8
1090534,Angelino,1990,M,8
1090535,Anquan,1990,M,8
1090536,Antawan,1990,M,8
1090537,Anterrio,1990,M,8
1090538,Antonious,1990,M,8
1090539,Anup,1990,M,8
1090540,Apostolos,1990,M,8
1090541,Aquiles,1990,M,8
1090542,Ariana,1990,M,8
1090543,Arrick,1990,M,8
1090544,Arshad,1990,M,8
1090545,Artemus,1990,M,8
1090546,Artin,1990,M,8
1090547,Arvind,1990,M,8
1090548,Asaad,1990,M,8
1090549,Aspen,1990,M,8
1090550,Athony,1990,M,8
1090551,Atsushi,1990,M,8
1090552,Aundray,1990,M,8
1090553,Austine,1990,M,8
1090554,Authur,1990,M,8
1090555,Barclay,1990,M,8
1090556,Bartley,1990,M,8
1090557,Bartolo,1990,M,8
1090558,Baudelio,1990,M,8
1090559,Bayardo,1990,M,8
1090560,Benjamyn,1990,M,8
1090561,Benuel,1990,M,8
1090562,Berkley,1990,M,8
1090563,Binyamin,1990,M,8
1090564,Braheem,1990,M,8
1090565,Brand,1990,M,8
1090566,Brandell,1990,M,8
1090567,Braun,1990,M,8
1090568,Brayn,1990,M,8
1090569,Brecken,1990,M,8
1090570,Brenner,1990,M,8
1090571,Brenson,1990,M,8
1090572,Brick,1990,M,8
1090573,Brison,1990,M,8
1090574,Briston,1990,M,8
1090575,Bryden,1990,M,8
1090576,Buckley,1990,M,8
1090577,Burrell,1990,M,8
1090578,Calvon,1990,M,8
1090579,Camdon,1990,M,8
1090580,Can,1990,M,8
1090581,Candice,1990,M,8
1090582,Canton,1990,M,8
1090583,Carina,1990,M,8
1090584,Carmichael,1990,M,8
1090585,Carvin,1990,M,8
1090586,Caston,1990,M,8
1090587,Ceaser,1990,M,8
1090588,Chadley,1990,M,8
1090589,Chae,1990,M,8
1090590,Chapin,1990,M,8
1090591,Chasten,1990,M,8
1090592,Christy,1990,M,8
1090593,Chrsitopher,1990,M,8
1090594,Chung,1990,M,8
1090595,Ciaran,1990,M,8
1090596,Cierra,1990,M,8
1090597,Claiborne,1990,M,8
1090598,Codye,1990,M,8
1090599,Colden,1990,M,8
1090600,Collyn,1990,M,8
1090601,Conard,1990,M,8
1090602,Connery,1990,M,8
1090603,Cordarrel,1990,M,8
1090604,Cordarrell,1990,M,8
1090605,Cordarro,1990,M,8
1090606,Corderius,1990,M,8
1090607,Cordon,1990,M,8
1090608,Corian,1990,M,8
1090609,Corneilus,1990,M,8
1090610,Cornellius,1990,M,8
1090611,Corneluis,1990,M,8
1090612,Courage,1990,M,8
1090613,Cullin,1990,M,8
1090614,Curley,1990,M,8
1090615,Daisuke,1990,M,8
1090616,Daivon,1990,M,8
1090617,Dallis,1990,M,8
1090618,Damarious,1990,M,8
1090619,Damaris,1990,M,8
1090620,Dameion,1990,M,8
1090621,Damel,1990,M,8
1090622,Damir,1990,M,8
1090623,Damontae,1990,M,8
1090624,Danarius,1990,M,8
1090625,Danell,1990,M,8
1090626,Danish,1990,M,8
1090627,Daran,1990,M,8
1090628,Dareck,1990,M,8
1090629,Darrly,1990,M,8
1090630,Daryus,1990,M,8
1090631,Davante,1990,M,8
1090632,Davell,1990,M,8
1090633,Davidmichael,1990,M,8
1090634,Davison,1990,M,8
1090635,Dawud,1990,M,8
1090636,Deadrick,1990,M,8
1090637,Deangleo,1990,M,8
1090638,Dearies,1990,M,8
1090639,Delane,1990,M,8
1090640,Delontay,1990,M,8
1090641,Delorean,1990,M,8
1090642,Delvonte,1990,M,8
1090643,Demarques,1990,M,8
1090644,Demarr,1990,M,8
1090645,Demetrias,1990,M,8
1090646,Demetrous,1990,M,8
1090647,Denario,1990,M,8
1090648,Denell,1990,M,8
1090649,Dennard,1990,M,8
1090650,Deontra,1990,M,8
1090651,Dequarius,1990,M,8
1090652,Deran,1990,M,8
1090653,Derec,1990,M,8
1090654,Derion,1990,M,8
1090655,Derrich,1990,M,8
1090656,Deston,1990,M,8
1090657,Deveron,1990,M,8
1090658,Devondre,1990,M,8
1090659,Devvin,1990,M,8
1090660,Devvon,1990,M,8
1090661,Dewight,1990,M,8
1090662,Dhaval,1990,M,8
1090663,Diane,1990,M,8
1090664,Didier,1990,M,8
1090665,Dijuan,1990,M,8
1090666,Djavan,1990,M,8
1090667,Dock,1990,M,8
1090668,Domanique,1990,M,8
1090669,Dondi,1990,M,8
1090670,Donel,1990,M,8
1090671,Donna,1990,M,8
1090672,Donnovan,1990,M,8
1090673,Dorrian,1990,M,8
1090674,Dravon,1990,M,8
1090675,Duquan,1990,M,8
1090676,Durwin,1990,M,8
1090677,Dyshawn,1990,M,8
1090678,Ediberto,1990,M,8
1090679,Eliasar,1990,M,8
1090680,Eliodoro,1990,M,8
1090681,Elisandro,1990,M,8
1090682,Ellington,1990,M,8
1090683,Elmore,1990,M,8
1090684,Elzie,1990,M,8
1090685,Emeka,1990,M,8
1090686,Erice,1990,M,8
1090687,Erinn,1990,M,8
1090688,Errin,1990,M,8
1090689,Etan,1990,M,8
1090690,Eulogio,1990,M,8
1090691,Everest,1990,M,8
1090692,Eythan,1990,M,8
1090693,Fabricio,1990,M,8
1090694,Faison,1990,M,8
1090695,Faiz,1990,M,8
1090696,Feng,1990,M,8
1090697,Filip,1990,M,8
1090698,Firas,1990,M,8
1090699,Franciso,1990,M,8
1090700,Fredis,1990,M,8
1090701,Friedrich,1990,M,8
1090702,Gabriele,1990,M,8
1090703,Gale,1990,M,8
1090704,Gamal,1990,M,8
1090705,Gared,1990,M,8
1090706,Garik,1990,M,8
1090707,Garson,1990,M,8
1090708,Geron,1990,M,8
1090709,Gevork,1990,M,8
1090710,Gina,1990,M,8
1090711,Giovanne,1990,M,8
1090712,Godwin,1990,M,8
1090713,Granville,1990,M,8
1090714,Gualberto,1990,M,8
1090715,Guilherme,1990,M,8
1090716,Guthrie,1990,M,8
1090717,Gyasi,1990,M,8
1090718,Hagan,1990,M,8
1090719,Hakeen,1990,M,8
1090720,Harsh,1990,M,8
1090721,Haskell,1990,M,8
1090722,Haydn,1990,M,8
1090723,Hazen,1990,M,8
1090724,Heinrich,1990,M,8
1090725,Hilary,1990,M,8
1090726,Hilliard,1990,M,8
1090727,Hiroshi,1990,M,8
1090728,Ho,1990,M,8
1090729,Hobert,1990,M,8
1090730,Honorio,1990,M,8
1090731,Horatio,1990,M,8
1090732,Hughes,1990,M,8
1090733,Humphrey,1990,M,8
1090734,Hussam,1990,M,8
1090735,Imari,1990,M,8
1090736,Ines,1990,M,8
1090737,Irineo,1990,M,8
1090738,Iris,1990,M,8
1090739,Ishmeal,1990,M,8
1090740,Issaac,1990,M,8
1090741,Itamar,1990,M,8
1090742,Izaiah,1990,M,8
1090743,Jaboris,1990,M,8
1090744,Jaclyn,1990,M,8
1090745,Jacquelyn,1990,M,8
1090746,Jafet,1990,M,8
1090747,Jahan,1990,M,8
1090748,Jahron,1990,M,8
1090749,Jaivon,1990,M,8
1090750,Jakkia,1990,M,8
1090751,Jameal,1990,M,8
1090752,Jamian,1990,M,8
1090753,Jamier,1990,M,8
1090754,Jamol,1990,M,8
1090755,Jamone,1990,M,8
1090756,Jamual,1990,M,8
1090757,Jane,1990,M,8
1090758,Janmichael,1990,M,8
1090759,Jaquavis,1990,M,8
1090760,Jaray,1990,M,8
1090761,Jarvaris,1990,M,8
1090762,Jarvin,1990,M,8
1090763,Jas,1990,M,8
1090764,Javaughn,1990,M,8
1090765,Javontae,1990,M,8
1090766,Jazmon,1990,M,8
1090767,Jedadiah,1990,M,8
1090768,Jemar,1990,M,8
1090769,Jemario,1990,M,8
1090770,Jentry,1990,M,8
1090771,Jeremaih,1990,M,8
1090772,Jeret,1990,M,8
1090773,Jermicheal,1990,M,8
1090774,Jernard,1990,M,8
1090775,Jerrelle,1990,M,8
1090776,Jesselee,1990,M,8
1090777,Jessup,1990,M,8
1090778,Jevan,1990,M,8
1090779,Ji,1990,M,8
1090780,Jiovani,1990,M,8
1090781,Jobin,1990,M,8
1090782,Jocelyn,1990,M,8
1090783,Joelle,1990,M,8
1090784,Johanna,1990,M,8
1090785,Johncarlo,1990,M,8
1090786,Johneric,1990,M,8
1090787,Johnmark,1990,M,8
1090788,Johnney,1990,M,8
1090789,Johnrobert,1990,M,8
1090790,Jonanthony,1990,M,8
1090791,Jonathandavid,1990,M,8
1090792,Jonavan,1990,M,8
1090793,Jonel,1990,M,8
1090794,Jonell,1990,M,8
1090795,Joni,1990,M,8
1090796,Jontrell,1990,M,8
1090797,Josean,1990,M,8
1090798,Josel,1990,M,8
1090799,Josie,1990,M,8
1090800,Josimar,1990,M,8
1090801,Jovanie,1990,M,8
1090802,Jovonte,1990,M,8
1090803,Jung,1990,M,8
1090804,Jusitn,1990,M,8
1090805,Justian,1990,M,8
1090806,Jvon,1990,M,8
1090807,Jyron,1990,M,8
1090808,Kagan,1990,M,8
1090809,Kagen,1990,M,8
1090810,Kaj,1990,M,8
1090811,Kam,1990,M,8
1090812,Kamel,1990,M,8
1090813,Kasheem,1990,M,8
1090814,Kasra,1990,M,8
1090815,Kayden,1990,M,8
1090816,Keanon,1990,M,8
1090817,Keanu,1990,M,8
1090818,Keil,1990,M,8
1090819,Keilan,1990,M,8
1090820,Keldric,1990,M,8
1090821,Kelechi,1990,M,8
1090822,Kellie,1990,M,8
1090823,Kelsie,1990,M,8
1090824,Kemp,1990,M,8
1090825,Kennieth,1990,M,8
1090826,Kentrail,1990,M,8
1090827,Keri,1990,M,8
1090828,Kern,1990,M,8
1090829,Kerron,1990,M,8
1090830,Keshaun,1990,M,8
1090831,Keyonta,1990,M,8
1090832,Keyton,1990,M,8
1090833,Khayree,1990,M,8
1090834,Khiree,1990,M,8
1090835,Khyri,1990,M,8
1090836,Kin,1990,M,8
1090837,Kobi,1990,M,8
1090838,Kodee,1990,M,8
1090839,Korby,1990,M,8
1090840,Kordell,1990,M,8
1090841,Koron,1990,M,8
1090842,Krishan,1990,M,8
1090843,Kriston,1990,M,8
1090844,Kumar,1990,M,8
1090845,Kwaku,1990,M,8
1090846,Ladarion,1990,M,8
1090847,Lajarvis,1990,M,8
1090848,Lakota,1990,M,8
1090849,Lander,1990,M,8
1090850,Lanier,1990,M,8
1090851,Lanorris,1990,M,8
1090852,Laquon,1990,M,8
1090853,Latron,1990,M,8
1090854,Lavan,1990,M,8
1090855,Lebaron,1990,M,8
1090856,Ledarrius,1990,M,8
1090857,Leodegario,1990,M,8
1090858,Leoncio,1990,M,8
1090859,Leondre,1990,M,8
1090860,Lesly,1990,M,8
1090861,Letrell,1990,M,8
1090862,Liem,1990,M,8
1090863,Lillian,1990,M,8
1090864,Lois,1990,M,8
1090865,Lorenz,1990,M,8
1090866,Loyal,1990,M,8
1090867,Luisa,1990,M,8
1090868,Maciej,1990,M,8
1090869,Macy,1990,M,8
1090870,Madeline,1990,M,8
1090871,Magdaleno,1990,M,8
1090872,Maico,1990,M,8
1090873,Marck,1990,M,8
1090874,Markeis,1990,M,8
1090875,Markies,1990,M,8
1090876,Marlen,1990,M,8
1090877,Marlowe,1990,M,8
1090878,Marquail,1990,M,8
1090879,Marquee,1990,M,8
1090880,Marquelle,1990,M,8
1090881,Marqui,1990,M,8
1090882,Marquie,1990,M,8
1090883,Marshon,1990,M,8
1090884,Martavis,1990,M,8
1090885,Maruice,1990,M,8
1090886,Mathan,1990,M,8
1090887,Mathis,1990,M,8
1090888,Mattison,1990,M,8
1090889,Mavrick,1990,M,8
1090890,Maxie,1990,M,8
1090891,Maxton,1990,M,8
1090892,Mayo,1990,M,8
1090893,Mc,1990,M,8
1090894,Mcclain,1990,M,8
1090895,Mcihael,1990,M,8
1090896,Meldrick,1990,M,8
1090897,Meredith,1990,M,8
1090898,Mervyn,1990,M,8
1090899,Michaell,1990,M,8
1090900,Micholas,1990,M,8
1090901,Mihcael,1990,M,8
1090902,Mohsin,1990,M,8
1090903,Montario,1990,M,8
1090904,Montie,1990,M,8
1090905,Montrey,1990,M,8
1090906,Mykell,1990,M,8
1090907,Mylon,1990,M,8
1090908,Nahshon,1990,M,8
1090909,Najeeb,1990,M,8
1090910,Namon,1990,M,8
1090911,Naoki,1990,M,8
1090912,Narek,1990,M,8
1090913,Nasario,1990,M,8
1090914,Natasha,1990,M,8
1090915,Nathanuel,1990,M,8
1090916,Neftaly,1990,M,8
1090917,Neri,1990,M,8
1090918,Newell,1990,M,8
1090919,Newman,1990,M,8
1090920,Nichalous,1990,M,8
1090921,Nichlos,1990,M,8
1090922,Nicklous,1990,M,8
1090923,Nikolos,1990,M,8
1090924,Nina,1990,M,8
1090925,Niraj,1990,M,8
1090926,Nishant,1990,M,8
1090927,Nocholas,1990,M,8
1090928,Noemi,1990,M,8
1090929,Norma,1990,M,8
1090930,Obryant,1990,M,8
1090931,Olajide,1990,M,8
1090932,Onofre,1990,M,8
1090933,Oriel,1990,M,8
1090934,Orlanda,1990,M,8
1090935,Oseas,1990,M,8
1090936,Ossie,1990,M,8
1090937,Patryk,1990,M,8
1090938,Patton,1990,M,8
1090939,Perrin,1990,M,8
1090940,Petar,1990,M,8
1090941,Polo,1990,M,8
1090942,Precious,1990,M,8
1090943,Quamane,1990,M,8
1090944,Quanell,1990,M,8
1090945,Quashon,1990,M,8
1090946,Quentez,1990,M,8
1090947,Quinterius,1990,M,8
1090948,Quintus,1990,M,8
1090949,Raeshawn,1990,M,8
1090950,Rahkim,1990,M,8
1090951,Rainier,1990,M,8
1090952,Raja,1990,M,8
1090953,Rajendra,1990,M,8
1090954,Rakan,1990,M,8
1090955,Ramey,1990,M,8
1090956,Ramez,1990,M,8
1090957,Randen,1990,M,8
1090958,Rani,1990,M,8
1090959,Raymont,1990,M,8
1090960,Rayshad,1990,M,8
1090961,Reeves,1990,M,8
1090962,Regino,1990,M,8
1090963,Renn,1990,M,8
1090964,Reyn,1990,M,8
1090965,Ricci,1990,M,8
1090966,Roarke,1990,M,8
1090967,Roberts,1990,M,8
1090968,Rockeem,1990,M,8
1090969,Rockey,1990,M,8
1090970,Rodric,1990,M,8
1090971,Roldan,1990,M,8
1090972,Rommell,1990,M,8
1090973,Romney,1990,M,8
1090974,Rondel,1990,M,8
1090975,Ronson,1990,M,8
1090976,Rosean,1990,M,8
1090977,Roshon,1990,M,8
1090978,Royale,1990,M,8
1090979,Rubi,1990,M,8
1090980,Rudolpho,1990,M,8
1090981,Ruperto,1990,M,8
1090982,Ryanmichael,1990,M,8
1090983,Ryant,1990,M,8
1090984,Saagar,1990,M,8
1090985,Saheed,1990,M,8
1090986,Saif,1990,M,8
1090987,Saige,1990,M,8
1090988,Salathiel,1990,M,8
1090989,Sandon,1990,M,8
1090990,Saverio,1990,M,8
1090991,Sayed,1990,M,8
1090992,Sayer,1990,M,8
1090993,Scotti,1990,M,8
1090994,Seann,1990,M,8
1090995,Seddrick,1990,M,8
1090996,Seve,1990,M,8
1090997,Shaan,1990,M,8
1090998,Shadrick,1990,M,8
1090999,Shahan,1990,M,8
1091000,Shakil,1990,M,8
1091001,Shamari,1990,M,8
1091002,Shameek,1990,M,8
1091003,Shelly,1990,M,8
1091004,Shermaine,1990,M,8
1091005,Shiraz,1990,M,8
1091006,Simmon,1990,M,8
1091007,Simran,1990,M,8
1091008,Skiler,1990,M,8
1091009,Sotirios,1990,M,8
1091010,Sriram,1990,M,8
1091011,Tab,1990,M,8
1091012,Taber,1990,M,8
1091013,Taher,1990,M,8
1091014,Takahiro,1990,M,8
1091015,Takashi,1990,M,8
1091016,Takuma,1990,M,8
1091017,Takuya,1990,M,8
1091018,Talin,1990,M,8
1091019,Talor,1990,M,8
1091020,Tamika,1990,M,8
1091021,Tanis,1990,M,8
1091022,Taro,1990,M,8
1091023,Tarren,1990,M,8
1091024,Tarun,1990,M,8
1091025,Tasheem,1990,M,8
1091026,Teal,1990,M,8
1091027,Teddie,1990,M,8
1091028,Tegan,1990,M,8
1091029,Tell,1990,M,8
1091030,Teric,1990,M,8
1091031,Terin,1990,M,8
1091032,Terrian,1990,M,8
1091033,Terryl,1990,M,8
1091034,Thadius,1990,M,8
1091035,Thatcher,1990,M,8
1091036,Thoams,1990,M,8
1091037,Timithy,1990,M,8
1091038,Toan,1990,M,8
1091039,Toren,1990,M,8
1091040,Toussaint,1990,M,8
1091041,Trashawn,1990,M,8
1091042,Tremel,1990,M,8
1091043,Treshawn,1990,M,8
1091044,Trevaun,1990,M,8
1091045,Trevonte,1990,M,8
1091046,Trino,1990,M,8
1091047,Tyller,1990,M,8
1091048,Tyquon,1990,M,8
1091049,Tyrez,1990,M,8
1091050,Tyshan,1990,M,8
1091051,Unique,1990,M,8
1091052,Urbano,1990,M,8
1091053,Vasilis,1990,M,8
1091054,Venancio,1990,M,8
1091055,Vencent,1990,M,8
1091056,Vicken,1990,M,8
1091057,Victorino,1990,M,8
1091058,Vikash,1990,M,8
1091059,Virginia,1990,M,8
1091060,Vivian,1990,M,8
1091061,Vong,1990,M,8
1091062,Wa,1990,M,8
1091063,Walt,1990,M,8
1091064,Waqas,1990,M,8
1091065,Wataru,1990,M,8
1091066,Wesam,1990,M,8
1091067,Wheeler,1990,M,8
1091068,Whit,1990,M,8
1091069,Winslow,1990,M,8
1091070,Xang,1990,M,8
1091071,Yama,1990,M,8
1091072,Yancey,1990,M,8
1091073,Yaron,1990,M,8
1091074,Yaw,1990,M,8
1091075,Yeriel,1990,M,8
1091076,Yia,1990,M,8
1091077,Yohei,1990,M,8
1091078,Yonas,1990,M,8
1091079,Yoshio,1990,M,8
1091080,Yousif,1990,M,8
1091081,Yovanny,1990,M,8
1091082,Yuma,1990,M,8
1091083,Yuuki,1990,M,8
1091084,Zac,1990,M,8
1091085,Zaccary,1990,M,8
1091086,Zakariya,1990,M,8
1091087,Zalman,1990,M,8
1091088,Zebulan,1990,M,8
1091089,Zeferino,1990,M,8
1091090,Zeno,1990,M,8
1091091,Zubin,1990,M,8
1091092,Abdias,1990,M,7
1091093,Abdulmalik,1990,M,7
1091094,Abdurrahman,1990,M,7
1091095,Abid,1990,M,7
1091096,Ademola,1990,M,7
1091097,Adlai,1990,M,7
1091098,Adonte,1990,M,7
1091099,Adryan,1990,M,7
1091100,Ahmet,1990,M,7
1091101,Ainsley,1990,M,7
1091102,Aisha,1990,M,7
1091103,Alando,1990,M,7
1091104,Alik,1990,M,7
1091105,Alister,1990,M,7
1091106,Alpha,1990,M,7
1091107,Alrick,1990,M,7
1091108,Altariq,1990,M,7
1091109,Amel,1990,M,7
1091110,Ameya,1990,M,7
1091111,Amish,1990,M,7
1091112,Amman,1990,M,7
1091113,Amonte,1990,M,7
1091114,Anabel,1990,M,7
1091115,Ananias,1990,M,7
1091116,Andranik,1990,M,7
1091117,Andreu,1990,M,7
1091118,Andrus,1990,M,7
1091119,Antario,1990,M,7
1091120,Anthon,1990,M,7
1091121,Antonine,1990,M,7
1091122,Antrell,1990,M,7
1091123,Araceli,1990,M,7
1091124,Arch,1990,M,7
1091125,Arek,1990,M,7
1091126,Arias,1990,M,7
1091127,Arjay,1990,M,7
1091128,Armel,1990,M,7
1091129,Aroldo,1990,M,7
1091130,Artrell,1990,M,7
1091131,Arvell,1990,M,7
1091132,Ary,1990,M,7
1091133,Arye,1990,M,7
1091134,Ascencion,1990,M,7
1091135,Ashlin,1990,M,7
1091136,Ashly,1990,M,7
1091137,Assante,1990,M,7
1091138,Auburn,1990,M,7
1091139,Augusta,1990,M,7
1091140,Avonte,1990,M,7
1091141,Ayinde,1990,M,7
1091142,Azim,1990,M,7
1091143,Bach,1990,M,7
1091144,Bacilio,1990,M,7
1091145,Barkim,1990,M,7
1091146,Bassam,1990,M,7
1091147,Belen,1990,M,7
1091148,Belisario,1990,M,7
1091149,Benaiah,1990,M,7
1091150,Benyamin,1990,M,7
1091151,Bertin,1990,M,7
1091152,Bethany,1990,M,7
1091153,Biagio,1990,M,7
1091154,Bienvenido,1990,M,7
1091155,Bilaal,1990,M,7
1091156,Billal,1990,M,7
1091157,Blakley,1990,M,7
1091158,Blandon,1990,M,7
1091159,Bora,1990,M,7
1091160,Boyce,1990,M,7
1091161,Brek,1990,M,7
1091162,Brendt,1990,M,7
1091163,Bristol,1990,M,7
1091164,Brnadon,1990,M,7
1091165,Broderic,1990,M,7
1091166,Bryndon,1990,M,7
1091167,Brynn,1990,M,7
1091168,Bryse,1990,M,7
1091169,Cable,1990,M,7
1091170,Cairo,1990,M,7
1091171,Calan,1990,M,7
1091172,Calib,1990,M,7
1091173,Camerin,1990,M,7
1091174,Camerron,1990,M,7
1091175,Camrin,1990,M,7
1091176,Candace,1990,M,7
1091177,Canon,1990,M,7
1091178,Carla,1990,M,7
1091179,Carly,1990,M,7
1091180,Carmello,1990,M,7
1091181,Carolina,1990,M,7
1091182,Carvell,1990,M,7
1091183,Casimiro,1990,M,7
1091184,Cassady,1990,M,7
1091185,Cayden,1990,M,7
1091186,Ceon,1990,M,7
1091187,Chadwin,1990,M,7
1091188,Chalmers,1990,M,7
1091189,Chalon,1990,M,7
1091190,Chamberlain,1990,M,7
1091191,Channon,1990,M,7
1091192,Chapman,1990,M,7
1091193,Charbel,1990,M,7
1091194,Charistopher,1990,M,7
1091195,Cheryl,1990,M,7
1091196,Chevis,1990,M,7
1091197,Chou,1990,M,7
1091198,Chrishawn,1990,M,7
1091199,Christo,1990,M,7
1091200,Christobal,1990,M,7
1091201,Chritian,1990,M,7
1091202,Chrostopher,1990,M,7
1091203,Chu,1990,M,7
1091204,Cinque,1990,M,7
1091205,Clair,1990,M,7
1091206,Claud,1990,M,7
1091207,Claudius,1990,M,7
1091208,Cleophus,1990,M,7
1091209,Clevon,1990,M,7
1091210,Coda,1990,M,7
1091211,Colbie,1990,M,7
1091212,Colman,1990,M,7
1091213,Conlan,1990,M,7
1091214,Conroy,1990,M,7
1091215,Corde,1990,M,7
1091216,Cordel,1990,M,7
1091217,Cordelro,1990,M,7
1091218,Corky,1990,M,7
1091219,Cortlan,1990,M,7
1091220,Cortrell,1990,M,7
1091221,Corvin,1990,M,7
1091222,Cruise,1990,M,7
1091223,Cully,1990,M,7
1091224,Dajaun,1990,M,7
1091225,Dakeem,1990,M,7
1091226,Dakin,1990,M,7
1091227,Dalyn,1990,M,7
1091228,Daman,1990,M,7
1091229,Damaso,1990,M,7
1091230,Damont,1990,M,7
1091231,Dandrea,1990,M,7
1091232,Dandrew,1990,M,7
1091233,Danile,1990,M,7
1091234,Danon,1990,M,7
1091235,Dantavious,1990,M,7
1091236,Dao,1990,M,7
1091237,Darias,1990,M,7
1091238,Darragh,1990,M,7
1091239,Darrek,1990,M,7
1091240,Darrow,1990,M,7
1091241,Darvon,1990,M,7
1091242,Dasmond,1990,M,7
1091243,Davan,1990,M,7
1091244,Davine,1990,M,7
1091245,Davonn,1990,M,7
1091246,Dawaun,1990,M,7
1091247,Dawit,1990,M,7
1091248,Dayon,1990,M,7
1091249,Deangalo,1990,M,7
1091250,Deanna,1990,M,7
1091251,Deantae,1990,M,7
1091252,Deantrae,1990,M,7
1091253,Delancey,1990,M,7
1091254,Delawrence,1990,M,7
1091255,Delorian,1990,M,7
1091256,Demark,1990,M,7
1091257,Demeko,1990,M,7
1091258,Demetreus,1990,M,7
1091259,Demontra,1990,M,7
1091260,Denorris,1990,M,7
1091261,Dequane,1990,M,7
1091262,Derelle,1990,M,7
1091263,Dervin,1990,M,7
1091264,Deryan,1990,M,7
1091265,Desmin,1990,M,7
1091266,Destiny,1990,M,7
1091267,Detrich,1990,M,7
1091268,Detroy,1990,M,7
1091269,Develle,1990,M,7
1091270,Devlon,1990,M,7
1091271,Devrick,1990,M,7
1091272,Dewain,1990,M,7
1091273,Dexton,1990,M,7
1091274,Dickson,1990,M,7
1091275,Dillin,1990,M,7
1091276,Dimarcus,1990,M,7
1091277,Dimitry,1990,M,7
1091278,Dionisios,1990,M,7
1091279,Divon,1990,M,7
1091280,Dmarco,1990,M,7
1091281,Domineke,1990,M,7
1091282,Dominie,1990,M,7
1091283,Donaciano,1990,M,7
1091284,Donnelle,1990,M,7
1091285,Donshay,1990,M,7
1091286,Dontrail,1990,M,7
1091287,Dontre,1990,M,7
1091288,Dontrelle,1990,M,7
1091289,Donvan,1990,M,7
1091290,Donyea,1990,M,7
1091291,Donyell,1990,M,7
1091292,Dorin,1990,M,7
1091293,Drevon,1990,M,7
1091294,Duante,1990,M,7
1091295,Dugan,1990,M,7
1091296,Dustine,1990,M,7
1091297,Duwan,1990,M,7
1091298,Dwyane,1990,M,7
1091299,Dylin,1990,M,7
1091300,Dyquan,1990,M,7
1091301,Dyshon,1990,M,7
1091302,Ebrahim,1990,M,7
1091303,Edmanuel,1990,M,7
1091304,Ehab,1990,M,7
1091305,Elad,1990,M,7
1091306,Eldrick,1990,M,7
1091307,Eleno,1990,M,7
1091308,Eligah,1990,M,7
1091309,Elija,1990,M,7
1091310,Elijha,1990,M,7
1091311,Ellen,1990,M,7
1091312,Ellsworth,1990,M,7
1091313,Enriquez,1990,M,7
1091314,Eon,1990,M,7
1091315,Eraclio,1990,M,7
1091316,Erasto,1990,M,7
1091317,Erikk,1990,M,7
1091318,Erikson,1990,M,7
1091319,Erroll,1990,M,7
1091320,Esther,1990,M,7
1091321,Evann,1990,M,7
1091322,Everet,1990,M,7
1091323,Evert,1990,M,7
1091324,Evodio,1990,M,7
1091325,Exavier,1990,M,7
1091326,Eyal,1990,M,7
1091327,Eyan,1990,M,7
1091328,Eytan,1990,M,7
1091329,Fabiola,1990,M,7
1091330,Fahim,1990,M,7
1091331,Faith,1990,M,7
1091332,Faizan,1990,M,7
1091333,Farrad,1990,M,7
1091334,Farzan,1990,M,7
1091335,Ferman,1990,M,7
1091336,Filemon,1990,M,7
1091337,Filimon,1990,M,7
1091338,Fortunato,1990,M,7
1091339,Frans,1990,M,7
1091340,Fritzgerald,1990,M,7
1091341,Fulton,1990,M,7
1091342,Furman,1990,M,7
1091343,Gabriell,1990,M,7
1091344,Garick,1990,M,7
1091345,Garnell,1990,M,7
1091346,Garrie,1990,M,7
1091347,Garris,1990,M,7
1091348,Gasper,1990,M,7
1091349,Gaudencio,1990,M,7
1091350,Gauge,1990,M,7
1091351,Gaylord,1990,M,7
1091352,Geral,1990,M,7
1091353,Geran,1990,M,7
1091354,Gerik,1990,M,7
1091355,Gerod,1990,M,7
1091356,Gerrett,1990,M,7
1091357,Gillian,1990,M,7
1091358,Gjon,1990,M,7
1091359,Glenroy,1990,M,7
1091360,Glover,1990,M,7
1091361,Goerge,1990,M,7
1091362,Gonsalo,1990,M,7
1091363,Gordan,1990,M,7
1091364,Govanni,1990,M,7
1091365,Gregary,1990,M,7
1091366,Gregoire,1990,M,7
1091367,Gustabo,1990,M,7
1091368,Haaris,1990,M,7
1091369,Haiden,1990,M,7
1091370,Haleem,1990,M,7
1091371,Harman,1990,M,7
1091372,Harrington,1990,M,7
1091373,Hart,1990,M,7
1091374,Hason,1990,M,7
1091375,Hau,1990,M,7
1091376,Hazael,1990,M,7
1091377,Hazem,1990,M,7
1091378,Helen,1990,M,7
1091379,Hermes,1990,M,7
1091380,Hiroaki,1990,M,7
1091381,Hoan,1990,M,7
1091382,Holt,1990,M,7
1091383,Hong,1990,M,7
1091384,Houa,1990,M,7
1091385,Ildefonso,1990,M,7
1091386,Ilija,1990,M,7
1091387,India,1990,M,7
1091388,Inocencio,1990,M,7
1091389,Isaiha,1990,M,7
1091390,Isak,1990,M,7
1091391,Isaul,1990,M,7
1091392,Ishan,1990,M,7
1091393,Ishmail,1990,M,7
1091394,Ivey,1990,M,7
1091395,Ivonne,1990,M,7
1091396,Ivor,1990,M,7
1091397,Izamar,1990,M,7
1091398,Jabier,1990,M,7
1091399,Jacori,1990,M,7
1091400,Jakkar,1990,M,7
1091401,Jamarques,1990,M,7
1091402,Jamarquis,1990,M,7
1091403,Jamesanthony,1990,M,7
1091404,Jamesjoseph,1990,M,7
1091405,Jamuel,1990,M,7
1091406,Jance,1990,M,7
1091407,Jaquarius,1990,M,7
1091408,Jaquay,1990,M,7
1091409,Jaquell,1990,M,7
1091410,Jaquis,1990,M,7
1091411,Jaremy,1990,M,7
1091412,Jarreth,1990,M,7
1091413,Jarrette,1990,M,7
1091414,Jashaun,1990,M,7
1091415,Jasiel,1990,M,7
1091416,Jasmon,1990,M,7
1091417,Jatavius,1990,M,7
1091418,Javario,1990,M,7
1091419,Javaun,1990,M,7
1091420,Javious,1990,M,7
1091421,Javonn,1990,M,7
1091422,Jawara,1990,M,7
1091423,Jaydee,1990,M,7
1091424,Jayse,1990,M,7
1091425,Jeanmichel,1990,M,7
1091426,Jebediah,1990,M,7
1091427,Jefry,1990,M,7
1091428,Jemell,1990,M,7
1091429,Jenard,1990,M,7
1091430,Jenna,1990,M,7
1091431,Jeran,1990,M,7
1091432,Jeray,1990,M,7
1091433,Jere,1990,M,7
1091434,Jermario,1990,M,7
1091435,Jermayne,1990,M,7
1091436,Jerrald,1990,M,7
1091437,Jerrit,1990,M,7
1091438,Jerritt,1990,M,7
1091439,Jeryl,1990,M,7
1091440,Jesiah,1990,M,7
1091441,Jesten,1990,M,7
1091442,Jibran,1990,M,7
1091443,Jigar,1990,M,7
1091444,Jiles,1990,M,7
1091445,Jimel,1990,M,7
1091446,Jimmi,1990,M,7
1091447,Joeanthony,1990,M,7
1091448,Joevon,1990,M,7
1091449,Johanthan,1990,M,7
1091450,Johnattan,1990,M,7
1091451,Johnedward,1990,M,7
1091452,Johney,1990,M,7
1091453,Johnnell,1990,M,7
1091454,Johnston,1990,M,7
1091455,Johntavius,1990,M,7
1091456,Jonanthan,1990,M,7
1091457,Jonattan,1990,M,7
1091458,Jonovan,1990,M,7
1091459,Jontavius,1990,M,7
1091460,Jorian,1990,M,7
1091461,Josemiguel,1990,M,7
1091462,Joshia,1990,M,7
1091463,Joshoa,1990,M,7
1091464,Jostin,1990,M,7
1091465,Jovanne,1990,M,7
1091466,Jp,1990,M,7
1091467,Jquan,1990,M,7
1091468,Juanangel,1990,M,7
1091469,Jubal,1990,M,7
1091470,Judas,1990,M,7
1091471,Juluis,1990,M,7
1091472,Justinian,1990,M,7
1091473,Justinn,1990,M,7
1091474,Kaeo,1990,M,7
1091475,Kaipo,1990,M,7
1091476,Kalief,1990,M,7
1091477,Kalup,1990,M,7
1091478,Kamden,1990,M,7
1091479,Karel,1990,M,7
1091480,Karell,1990,M,7
1091481,Kathryn,1990,M,7
1091482,Katrell,1990,M,7
1091483,Kaven,1990,M,7
1091484,Kawan,1990,M,7
1091485,Kayleb,1990,M,7
1091486,Kayode,1990,M,7
1091487,Kayon,1990,M,7
1091488,Kedar,1990,M,7
1091489,Keena,1990,M,7
1091490,Kehinde,1990,M,7
1091491,Keijuan,1990,M,7
1091492,Keishawn,1990,M,7
1091493,Keithon,1990,M,7
1091494,Keiton,1990,M,7
1091495,Kelcy,1990,M,7
1091496,Kelvon,1990,M,7
1091497,Kemal,1990,M,7
1091498,Kemper,1990,M,7
1091499,Kendrix,1990,M,7
1091500,Keno,1990,M,7
1091501,Kenyan,1990,M,7
1091502,Keontae,1990,M,7
1091503,Kervens,1990,M,7
1091504,Kesean,1990,M,7
1091505,Keshav,1990,M,7
1091506,Kewan,1990,M,7
1091507,Keyontae,1990,M,7
1091508,Keyron,1990,M,7
1091509,Keyvon,1990,M,7
1091510,Kha,1990,M,7
1091511,Khadeem,1990,M,7
1091512,Khiri,1990,M,7
1091513,Kimball,1990,M,7
1091514,Kindrick,1990,M,7
1091515,Kishawn,1990,M,7
1091516,Knox,1990,M,7
1091517,Ko,1990,M,7
1091518,Kodiak,1990,M,7
1091519,Koltin,1990,M,7
1091520,Korben,1990,M,7
1091521,Korde,1990,M,7
1091522,Koua,1990,M,7
1091523,Kourosh,1990,M,7
1091524,Koy,1990,M,7
1091525,Krikor,1990,M,7
1091526,Krist,1990,M,7
1091527,Kushtrim,1990,M,7
1091528,Kwadwo,1990,M,7
1091529,Kyl,1990,M,7
1091530,Kylor,1990,M,7
1091531,Kyrell,1990,M,7
1091532,Kyung,1990,M,7
1091533,Lacharles,1990,M,7
1091534,Ladarrious,1990,M,7
1091535,Lamarco,1990,M,7
1091536,Lamarquis,1990,M,7
1091537,Lamir,1990,M,7
1091538,Lamonta,1990,M,7
1091539,Lamontae,1990,M,7
1091540,Langdon,1990,M,7
1091541,Larron,1990,M,7
1091542,Laterrance,1990,M,7
1091543,Lavale,1990,M,7
1091544,Lavel,1990,M,7
1091545,Lavoris,1990,M,7
1091546,Lawayne,1990,M,7
1091547,Lawyer,1990,M,7
1091548,Layth,1990,M,7
1091549,Lejon,1990,M,7
1091550,Lennell,1990,M,7
1091551,Lenwood,1990,M,7
1091552,Levan,1990,M,7
1091553,Liborio,1990,M,7
1091554,Lin,1990,M,7
1091555,Linton,1990,M,7
1091556,Lorena,1990,M,7
1091557,Loring,1990,M,7
1091558,Loy,1990,M,7
1091559,Lucy,1990,M,7
1091560,Lyn,1990,M,7
1091561,Maalik,1990,M,7
1091562,Mackenzy,1990,M,7
1091563,Mahesh,1990,M,7
1091564,Malakai,1990,M,7
1091565,Mamadou,1990,M,7
1091566,Manbir,1990,M,7
1091567,Manley,1990,M,7
1091568,Manu,1990,M,7
1091569,Manual,1990,M,7
1091570,Marcas,1990,M,7
1091571,Markeise,1990,M,7
1091572,Markes,1990,M,7
1091573,Marquavius,1990,M,7
1091574,Marquece,1990,M,7
1091575,Marquinn,1990,M,7
1091576,Marquiz,1990,M,7
1091577,Marquize,1990,M,7
1091578,Martice,1990,M,7
1091579,Marvelle,1990,M,7
1091580,Masahiro,1990,M,7
1091581,Masato,1990,M,7
1091582,Matin,1990,M,7
1091583,Maximiano,1990,M,7
1091584,Mayson,1990,M,7
1091585,Maziar,1990,M,7
1091586,Michail,1990,M,7
1091587,Mickeal,1990,M,7
1091588,Micki,1990,M,7
1091589,Mikah,1990,M,7
1091590,Miko,1990,M,7
1091591,Mitcheal,1990,M,7
1091592,Mitesh,1990,M,7
1091593,Mizraim,1990,M,7
1091594,Mohmmad,1990,M,7
1091595,Mong,1990,M,7
1091596,Monquez,1990,M,7
1091597,Monterrio,1990,M,7
1091598,Montrail,1990,M,7
1091599,Morad,1990,M,7
1091600,Mourad,1990,M,7
1091601,Munir,1990,M,7
1091602,Murice,1990,M,7
1091603,Murtaza,1990,M,7
1091604,Nachman,1990,M,7
1091605,Nadim,1990,M,7
1091606,Nadir,1990,M,7
1091607,Naheem,1990,M,7
1091608,Naphtali,1990,M,7
1091609,Narada,1990,M,7
1091610,Nareg,1990,M,7
1091611,Naseem,1990,M,7
1091612,Nataniel,1990,M,7
1091613,Nathaneil,1990,M,7
1091614,Neeko,1990,M,7
1091615,Nefi,1990,M,7
1091616,Nephtali,1990,M,7
1091617,Nevan,1990,M,7
1091618,Nichoals,1990,M,7
1091619,Nickalous,1990,M,7
1091620,Nicolaas,1990,M,7
1091621,Nik,1990,M,7
1091622,Niklaus,1990,M,7
1091623,Nikoli,1990,M,7
1091624,Nikolus,1990,M,7
1091625,Nir,1990,M,7
1091626,Norvell,1990,M,7
1091627,Nou,1990,M,7
1091628,Nunzio,1990,M,7
1091629,Nyron,1990,M,7
1091630,Obrien,1990,M,7
1091631,Octaviano,1990,M,7
1091632,Octavion,1990,M,7
1091633,Omri,1990,M,7
1091634,Ondre,1990,M,7
1091635,Orson,1990,M,7
1091636,Owens,1990,M,7
1091637,Paco,1990,M,7
1091638,Pardeep,1990,M,7
1091639,Parry,1990,M,7
1091640,Pasha,1990,M,7
1091641,Paulanthony,1990,M,7
1091642,Penisimani,1990,M,7
1091643,Perfecto,1990,M,7
1091644,Philbert,1990,M,7
1091645,Phillippe,1990,M,7
1091646,Pier,1990,M,7
1091647,Prakash,1990,M,7
1091648,Pranav,1990,M,7
1091649,Priscilla,1990,M,7
1091650,Puneet,1990,M,7
1091651,Punit,1990,M,7
1091652,Quandarius,1990,M,7
1091653,Quantarius,1990,M,7
1091654,Quentel,1990,M,7
1091655,Quint,1990,M,7
1091656,Rachael,1990,M,7
1091657,Radford,1990,M,7
1091658,Raheel,1990,M,7
1091659,Rahn,1990,M,7
1091660,Rajah,1990,M,7
1091661,Rakem,1990,M,7
1091662,Rakiem,1990,M,7
1091663,Rakin,1990,M,7
1091664,Ram,1990,M,7
1091665,Raman,1990,M,7
1091666,Ramesh,1990,M,7
1091667,Ramsay,1990,M,7
1091668,Randie,1990,M,7
1091669,Ranger,1990,M,7
1091670,Raphel,1990,M,7
1091671,Rassan,1990,M,7
1091672,Rathana,1990,M,7
1091673,Raymar,1990,M,7
1091674,Rayner,1990,M,7
1091675,Rayquan,1990,M,7
1091676,Rebekah,1990,M,7
1091677,Remberto,1990,M,7
1091678,Renald,1990,M,7
1091679,Rennie,1990,M,7
1091680,Revis,1990,M,7
1091681,Reynol,1990,M,7
1091682,Reynolds,1990,M,7
1091683,Riad,1990,M,7
1091684,Richy,1990,M,7
1091685,Rickardo,1990,M,7
1091686,Rigel,1990,M,7
1091687,Roan,1990,M,7
1091688,Robel,1990,M,7
1091689,Roben,1990,M,7
1091690,Rockwell,1990,M,7
1091691,Rodell,1990,M,7
1091692,Rollie,1990,M,7
1091693,Romance,1990,M,7
1091694,Romano,1990,M,7
1091695,Romar,1990,M,7
1091696,Rommie,1990,M,7
1091697,Ronan,1990,M,7
1091698,Roshad,1990,M,7
1091699,Roth,1990,M,7
1091700,Rowell,1990,M,7
1091701,Rulon,1990,M,7
1091702,Rush,1990,M,7
1091703,Ruth,1990,M,7
1091704,Rutherford,1990,M,7
1091705,Ryananthony,1990,M,7
1091706,Ryheem,1990,M,7
1091707,Rynell,1990,M,7
1091708,Sadam,1990,M,7
1091709,Salbador,1990,M,7
1091710,Salvadore,1990,M,7
1091711,Samar,1990,M,7
1091712,Sanny,1990,M,7
1091713,Santario,1990,M,7
1091714,Sanuel,1990,M,7
1091715,Saron,1990,M,7
1091716,Sascha,1990,M,7
1091717,Satchel,1990,M,7
1091718,Saulo,1990,M,7
1091719,Savian,1990,M,7
1091720,Savino,1990,M,7
1091721,Sayyid,1990,M,7
1091722,Scotland,1990,M,7
1091723,Sederick,1990,M,7
1091724,Seyed,1990,M,7
1091725,Shafer,1990,M,7
1091726,Shahin,1990,M,7
1091727,Shail,1990,M,7
1091728,Shajuan,1990,M,7
1091729,Shakeel,1990,M,7
1091730,Shamell,1990,M,7
1091731,Shana,1990,M,7
1091732,Shanne,1990,M,7
1091733,Shante,1990,M,7
1091734,Shantel,1990,M,7
1091735,Shao,1990,M,7
1091736,Sharief,1990,M,7
1091737,Shavar,1990,M,7
1091738,Shavon,1990,M,7
1091739,Shia,1990,M,7
1091740,Siaosi,1990,M,7
1091741,Sid,1990,M,7
1091742,Siddiq,1990,M,7
1091743,Skip,1990,M,7
1091744,Song,1990,M,7
1091745,Spiro,1990,M,7
1091746,Stalin,1990,M,7
1091747,Stanly,1990,M,7
1091748,Steaven,1990,M,7
1091749,Stefone,1990,M,7
1091750,Stormey,1990,M,7
1091751,Stosh,1990,M,7
1091752,Stryker,1990,M,7
1091753,Sukhdeep,1990,M,7
1091754,Sy,1990,M,7
1091755,Sylvestre,1990,M,7
1091756,Symon,1990,M,7
1091757,Tabari,1990,M,7
1091758,Tabius,1990,M,7
1091759,Tadarius,1990,M,7
1091760,Tadashi,1990,M,7
1091761,Talbert,1990,M,7
1091762,Talvin,1990,M,7
1091763,Taniela,1990,M,7
1091764,Tannar,1990,M,7
1091765,Tanya,1990,M,7
1091766,Taray,1990,M,7
1091767,Tarig,1990,M,7
1091768,Tarique,1990,M,7
1091769,Taris,1990,M,7
1091770,Tarrel,1990,M,7
1091771,Taurian,1990,M,7
1091772,Tavius,1990,M,7
1091773,Taylour,1990,M,7
1091774,Tee,1990,M,7
1091775,Tejay,1990,M,7
1091776,Tel,1990,M,7
1091777,Teodulo,1990,M,7
1091778,Teresa,1990,M,7
1091779,Terryn,1990,M,7
1091780,Tharon,1990,M,7
1091781,Theordore,1990,M,7
1091782,Thimothy,1990,M,7
1091783,Thom,1990,M,7
1091784,Thuan,1990,M,7
1091785,Tina,1990,M,7
1091786,Tiras,1990,M,7
1091787,Tjay,1990,M,7
1091788,Tobiah,1990,M,7
1091789,Tomy,1990,M,7
1091790,Toran,1990,M,7
1091791,Torez,1990,M,7
1091792,Toy,1990,M,7
1091793,Tran,1990,M,7
1091794,Tranell,1990,M,7
1091795,Travas,1990,M,7
1091796,Travonne,1990,M,7
1091797,Trayveon,1990,M,7
1091798,Trea,1990,M,7
1091799,Tremont,1990,M,7
1091800,Trevaris,1990,M,7
1091801,Trevone,1990,M,7
1091802,Trevyn,1990,M,7
1091803,Trinton,1990,M,7
1091804,Tripp,1990,M,7
1091805,Tryston,1990,M,7
1091806,Tung,1990,M,7
1091807,Turrell,1990,M,7
1091808,Tykee,1990,M,7
1091809,Tyle,1990,M,7
1091810,Tymel,1990,M,7
1091811,Tyray,1990,M,7
1091812,Tyronn,1990,M,7
1091813,Tywaun,1990,M,7
1091814,Umer,1990,M,7
1091815,Vandy,1990,M,7
1091816,Vartan,1990,M,7
1091817,Vashon,1990,M,7
1091818,Venson,1990,M,7
1091819,Verdell,1990,M,7
1091820,Verlin,1990,M,7
1091821,Vi,1990,M,7
1091822,Victormanuel,1990,M,7
1091823,Vinicio,1990,M,7
1091824,Vinton,1990,M,7
1091825,Waheed,1990,M,7
1091826,Wang,1990,M,7
1091827,Wendel,1990,M,7
1091828,Winford,1990,M,7
1091829,Wisdom,1990,M,7
1091830,Won,1990,M,7
1091831,Xao,1990,M,7
1091832,Xavion,1990,M,7
1091833,Xavior,1990,M,7
1091834,Xeryus,1990,M,7
1091835,Yacob,1990,M,7
1091836,Yacov,1990,M,7
1091837,Yader,1990,M,7
1091838,Yael,1990,M,7
1091839,Yahya,1990,M,7
1091840,Yaseen,1990,M,7
1091841,Yazen,1990,M,7
1091842,Yen,1990,M,7
1091843,Yeshaya,1990,M,7
1091844,Yeshua,1990,M,7
1091845,Yessenia,1990,M,7
1091846,Ying,1990,M,7
1091847,Zacharay,1990,M,7
1091848,Zackari,1990,M,7
1091849,Zed,1990,M,7
1091850,Zedrick,1990,M,7
1091851,Zenas,1990,M,7
1091852,Aalap,1990,M,6
1091853,Abbott,1990,M,6
1091854,Abdo,1990,M,6
1091855,Abdulkarim,1990,M,6
1091856,Abdur,1990,M,6
1091857,Abriel,1990,M,6
1091858,Abu,1990,M,6
1091859,Adair,1990,M,6
1091860,Adalid,1990,M,6
1091861,Adammichael,1990,M,6
1091862,Adedeji,1990,M,6
1091863,Adeeb,1990,M,6
1091864,Adonus,1990,M,6
1091865,Adric,1990,M,6
1091866,Adron,1990,M,6
1091867,Agapito,1990,M,6
1091868,Agron,1990,M,6
1091869,Ahad,1990,M,6
1091870,Aiman,1990,M,6
1091871,Akio,1990,M,6
1091872,Akshar,1990,M,6
1091873,Alben,1990,M,6
1091874,Aldrick,1990,M,6
1091875,Alejo,1990,M,6
1091876,Alexandr,1990,M,6
1091877,Alexio,1990,M,6
1091878,Alexy,1990,M,6
1091879,Alfie,1990,M,6
1091880,Alias,1990,M,6
1091881,Alkeem,1990,M,6
1091882,Allanmichael,1990,M,6
1091883,Almon,1990,M,6
1091884,Alok,1990,M,6
1091885,Alson,1990,M,6
1091886,Amaan,1990,M,6
1091887,Amal,1990,M,6
1091888,Amanuel,1990,M,6
1091889,Ames,1990,M,6
1091890,Amiel,1990,M,6
1091891,Amilio,1990,M,6
1091892,Amire,1990,M,6
1091893,Anastasios,1990,M,6
1091894,Andretti,1990,M,6
1091895,Andrzej,1990,M,6
1091896,Angad,1990,M,6
1091897,Aniceto,1990,M,6
1091898,Anita,1990,M,6
1091899,Ansley,1990,M,6
1091900,Antawon,1990,M,6
1091901,Antelmo,1990,M,6
1091902,Antiwan,1990,M,6
1091903,Antrone,1990,M,6
1091904,Antwion,1990,M,6
1091905,Antwun,1990,M,6
1091906,Archer,1990,M,6
1091907,Ardis,1990,M,6
1091908,Argelio,1990,M,6
1091909,Arielle,1990,M,6
1091910,Arlis,1990,M,6
1091911,Arnett,1990,M,6
1091912,Arno,1990,M,6
1091913,Arrin,1990,M,6
1091914,Artan,1990,M,6
1091915,Arthuro,1990,M,6
1091916,Arvel,1990,M,6
1091917,Ashad,1990,M,6
1091918,Ashlee,1990,M,6
1091919,Ashur,1990,M,6
1091920,Ata,1990,M,6
1091921,Audrey,1990,M,6
1091922,Audwin,1990,M,6
1091923,Augustino,1990,M,6
1091924,Autry,1990,M,6
1091925,Avalon,1990,M,6
1091926,Avante,1990,M,6
1091927,Avetis,1990,M,6
1091928,Avigdor,1990,M,6
1091929,Avimael,1990,M,6
1091930,Awais,1990,M,6
1091931,Ayron,1990,M,6
1091932,Azad,1990,M,6
1091933,Azariah,1990,M,6
1091934,Azeez,1990,M,6
1091935,Babak,1990,M,6
1091936,Babygirl,1990,M,6
1091937,Barnaby,1990,M,6
1091938,Barnett,1990,M,6
1091939,Basel,1990,M,6
1091940,Bashawn,1990,M,6
1091941,Basim,1990,M,6
1091942,Baylor,1990,M,6
1091943,Beauregard,1990,M,6
1091944,Belinda,1990,M,6
1091945,Benedicto,1990,M,6
1091946,Benjermin,1990,M,6
1091947,Beyan,1990,M,6
1091948,Bhavin,1990,M,6
1091949,Bijon,1990,M,6
1091950,Blayke,1990,M,6
1091951,Bogdan,1990,M,6
1091952,Bowman,1990,M,6
1091953,Brach,1990,M,6
1091954,Brance,1990,M,6
1091955,Branddon,1990,M,6
1091956,Brandis,1990,M,6
1091957,Brandonlee,1990,M,6
1091958,Brandonmichael,1990,M,6
1091959,Branford,1990,M,6
1091960,Brentlee,1990,M,6
1091961,Breonte,1990,M,6
1091962,Briley,1990,M,6
1091963,Brione,1990,M,6
1091964,Britian,1990,M,6
1091965,Britney,1990,M,6
1091966,Brondon,1990,M,6
1091967,Brown,1990,M,6
1091968,Bryceson,1990,M,6
1091969,Budd,1990,M,6
1091970,Burl,1990,M,6
1091971,Cache,1990,M,6
1091972,Caiden,1990,M,6
1091973,Caio,1990,M,6
1091974,Cajuan,1990,M,6
1091975,Calixto,1990,M,6
1091976,Callahan,1990,M,6
1091977,Cardarius,1990,M,6
1091978,Carlie,1990,M,6
1091979,Carlito,1990,M,6
1091980,Carry,1990,M,6
1091981,Casie,1990,M,6
1091982,Casy,1990,M,6
1091983,Caton,1990,M,6
1091984,Cavon,1990,M,6
1091985,Cecilia,1990,M,6
1091986,Cedar,1990,M,6
1091987,Cejay,1990,M,6
1091988,Chadwyck,1990,M,6
1091989,Chais,1990,M,6
1091990,Challen,1990,M,6
1091991,Chanler,1990,M,6
1091992,Chanze,1990,M,6
1091993,Charleton,1990,M,6
1091994,Charlston,1990,M,6
1091995,Charmaine,1990,M,6
1091996,Chaunce,1990,M,6
1091997,Chavon,1990,M,6
1091998,Chayan,1990,M,6
1091999,Chayton,1990,M,6
1092000,Chen,1990,M,6
1092001,Cheskel,1990,M,6
1092002,Chett,1990,M,6
1092003,Chevez,1990,M,6
1092004,Chey,1990,M,6
1092005,Chima,1990,M,6
1092006,Chinedu,1990,M,6
1092007,Chioke,1990,M,6
1092008,Chon,1990,M,6
1092009,Christophere,1990,M,6
1092010,Christorpher,1990,M,6
1092011,Chucky,1990,M,6
1092012,Clancey,1990,M,6
1092013,Clayborn,1990,M,6
1092014,Clem,1990,M,6
1092015,Clintin,1990,M,6
1092016,Clovis,1990,M,6
1092017,Cobie,1990,M,6
1092018,Colburn,1990,M,6
1092019,Coleby,1990,M,6
1092020,Cordarrius,1990,M,6
1092021,Cormac,1990,M,6
1092022,Cornelieus,1990,M,6
1092023,Cornelle,1990,M,6
1092024,Cortavius,1990,M,6
1092025,Costas,1990,M,6
1092026,Coti,1990,M,6
1092027,Cotton,1990,M,6
1092028,Craigory,1990,M,6
1092029,Cramer,1990,M,6
1092030,Criag,1990,M,6
1092031,Cru,1990,M,6
1092032,Cruze,1990,M,6
1092033,Curren,1990,M,6
1092034,Cutberto,1990,M,6
1092035,Dace,1990,M,6
1092036,Daeron,1990,M,6
1092037,Dallan,1990,M,6
1092038,Damarko,1990,M,6
1092039,Damarquis,1990,M,6
1092040,Damek,1990,M,6
1092041,Danae,1990,M,6
1092042,Danan,1990,M,6
1092043,Danel,1990,M,6
1092044,Danil,1990,M,6
1092045,Dannel,1990,M,6
1092046,Dantavius,1990,M,6
1092047,Darae,1990,M,6
1092048,Dariush,1990,M,6
1092049,Darreck,1990,M,6
1092050,Darvel,1990,M,6
1092051,Darwyn,1990,M,6
1092052,Daryan,1990,M,6
1092053,Dasan,1990,M,6
1092054,Dashone,1990,M,6
1092055,Dasmine,1990,M,6
1092056,Datron,1990,M,6
1092057,Dauntae,1990,M,6
1092058,Davarius,1990,M,6
1092059,Davidjohn,1990,M,6
1092060,Davidlee,1990,M,6
1092061,Daylen,1990,M,6
1092062,Dayvid,1990,M,6
1092063,Deangelio,1990,M,6
1092064,Dearon,1990,M,6
1092065,Deaunta,1990,M,6
1092066,Decarlo,1990,M,6
1092067,Decorey,1990,M,6
1092068,Dehaven,1990,M,6
1092069,Deitrick,1990,M,6
1092070,Delfin,1990,M,6
1092071,Delos,1990,M,6
1092072,Delron,1990,M,6
1092073,Demarian,1990,M,6
1092074,Demetries,1990,M,6
1092075,Demorio,1990,M,6
1092076,Deontrae,1990,M,6
1092077,Depaul,1990,M,6
1092078,Dequann,1990,M,6
1092079,Dequon,1990,M,6
1092080,Dereke,1990,M,6
1092081,Dereon,1990,M,6
1092082,Deronte,1990,M,6
1092083,Deshane,1990,M,6
1092084,Desmen,1990,M,6
1092085,Deuntray,1990,M,6
1092086,Devarius,1990,M,6
1092087,Devereaux,1990,M,6
1092088,Devindra,1990,M,6
1092089,Devoris,1990,M,6
1092090,Devrin,1990,M,6
1092091,Dezman,1990,M,6
1092092,Diogenes,1990,M,6
1092093,Dionis,1990,M,6
1092094,Dionne,1990,M,6
1092095,Dmarkus,1990,M,6
1092096,Domico,1990,M,6
1092097,Dondrell,1990,M,6
1092098,Donie,1990,M,6
1092099,Donquez,1990,M,6
1092100,Donterio,1990,M,6
1092101,Dontra,1990,M,6
1092102,Donya,1990,M,6
1092103,Dquan,1990,M,6
1092104,Dshaun,1990,M,6
1092105,Duel,1990,M,6
1092106,Dunte,1990,M,6
1092107,Durant,1990,M,6
1092108,Duvall,1990,M,6
1092109,Dvaughn,1990,M,6
1092110,Dwon,1990,M,6
1092111,Dyland,1990,M,6
1092112,Ebon,1990,M,6
1092113,Edouard,1990,M,6
1092114,Ehsan,1990,M,6
1092115,Eichael,1990,M,6
1092116,Eion,1990,M,6
1092117,Eirc,1990,M,6
1092118,Eliceo,1990,M,6
1092119,Ellias,1990,M,6
1092120,Elric,1990,M,6
1092121,Eluzer,1990,M,6
1092122,Elza,1990,M,6
1092123,Emidio,1990,M,6
1092124,Emilo,1990,M,6
1092125,Emin,1990,M,6
1092126,Ephram,1990,M,6
1092127,Ephriam,1990,M,6
1092128,Erez,1990,M,6
1092129,Ericka,1990,M,6
1092130,Ericmichael,1990,M,6
1092131,Errik,1990,M,6
1092132,Eryck,1990,M,6
1092133,Eryn,1990,M,6
1092134,Etai,1990,M,6
1092135,Eulices,1990,M,6
1092136,Eustace,1990,M,6
1092137,Everick,1990,M,6
1092138,Eward,1990,M,6
1092139,Fady,1990,M,6
1092140,Falcon,1990,M,6
1092141,Fares,1990,M,6
1092142,Farshad,1990,M,6
1092143,Fernado,1990,M,6
1092144,Fernand,1990,M,6
1092145,Ferrell,1990,M,6
1092146,Fielding,1990,M,6
1092147,Finley,1990,M,6
1092148,Flor,1990,M,6
1092149,Forbes,1990,M,6
1092150,Fredderick,1990,M,6
1092151,Freddi,1990,M,6
1092152,Fredrico,1990,M,6
1092153,Freedom,1990,M,6
1092154,Gabriella,1990,M,6
1092155,Gal,1990,M,6
1092156,Garcia,1990,M,6
1092157,Garnet,1990,M,6
1092158,Garritt,1990,M,6
1092159,Geary,1990,M,6
1092160,Geordi,1990,M,6
1092161,Georg,1990,M,6
1092162,Geramy,1990,M,6
1092163,Gerritt,1990,M,6
1092164,Gilverto,1990,M,6
1092165,Giovonni,1990,M,6
1092166,Glenford,1990,M,6
1092167,Glennon,1990,M,6
1092168,Graciela,1990,M,6
1092169,Granger,1990,M,6
1092170,Greer,1990,M,6
1092171,Gregery,1990,M,6
1092172,Gurjot,1990,M,6
1092173,Gustin,1990,M,6
1092174,Hady,1990,M,6
1092175,Haider,1990,M,6
1092176,Haik,1990,M,6
1092177,Hana,1990,M,6
1092178,Hardik,1990,M,6
1092179,Harland,1990,M,6
1092180,Hartley,1990,M,6
1092181,Hassani,1990,M,6
1092182,Hawk,1990,M,6
1092183,Helio,1990,M,6
1092184,Hitesh,1990,M,6
1092185,Hovig,1990,M,6
1092186,Howie,1990,M,6
1092187,Hunt,1990,M,6
1092188,Hurley,1990,M,6
1092189,Hyman,1990,M,6
1092190,Idrees,1990,M,6
1092191,Imre,1990,M,6
1092192,Indalecio,1990,M,6
1092193,Indiana,1990,M,6
1092194,Ingmar,1990,M,6
1092195,Irvine,1990,M,6
1092196,Isham,1990,M,6
1092197,Ishaq,1990,M,6
1092198,Isom,1990,M,6
1092199,Iven,1990,M,6
1092200,Izaac,1990,M,6
1092201,Iziah,1990,M,6
1092202,Jaamal,1990,M,6
1092203,Jaasiel,1990,M,6
1092204,Jabarri,1990,M,6
1092205,Jacen,1990,M,6
1092206,Jaciel,1990,M,6
1092207,Jacobb,1990,M,6
1092208,Jacorian,1990,M,6
1092209,Jacquel,1990,M,6
1092210,Jahaad,1990,M,6
1092211,Jaimeson,1990,M,6
1092212,Jamane,1990,M,6
1092213,Jamarian,1990,M,6
1092214,Jamee,1990,M,6
1092215,Jameer,1990,M,6
1092216,Jamont,1990,M,6
1092217,Janssen,1990,M,6
1092218,Jaquavius,1990,M,6
1092219,Jaqueline,1990,M,6
1092220,Jaraad,1990,M,6
1092221,Jarard,1990,M,6
1092222,Jarian,1990,M,6
1092223,Jario,1990,M,6
1092224,Jarmarcus,1990,M,6
1092225,Jasean,1990,M,6
1092226,Javad,1990,M,6
1092227,Javed,1990,M,6
1092228,Javiel,1990,M,6
1092229,Javonne,1990,M,6
1092230,Jayd,1990,M,6
1092231,Jaykob,1990,M,6
1092232,Jaymar,1990,M,6
1092233,Jaziel,1990,M,6
1092234,Jeanmarc,1990,M,6
1092235,Jehad,1990,M,6
1092236,Jehan,1990,M,6
1092237,Jereth,1990,M,6
1092238,Jermany,1990,M,6
1092239,Jermol,1990,M,6
1092240,Jermone,1990,M,6
1092241,Jerrail,1990,M,6
1092242,Jerral,1990,M,6
1092243,Jerramy,1990,M,6
1092244,Jerwin,1990,M,6
1092245,Jessen,1990,M,6
1092246,Jesstin,1990,M,6
1092247,Jevaughn,1990,M,6
1092248,Jhalil,1990,M,6
1092249,Jhordan,1990,M,6
1092250,Jia,1990,M,6
1092251,Jino,1990,M,6
1092252,Jjesus,1990,M,6
1092253,Jo,1990,M,6
1092254,Joanathan,1990,M,6
1092255,Jock,1990,M,6
1092256,Jodi,1990,M,6
1092257,Joh,1990,M,6
1092258,Johathon,1990,M,6
1092259,Johnathn,1990,M,6
1092260,Johngabriel,1990,M,6
1092261,Johnnyray,1990,M,6
1092262,Johntavious,1990,M,6
1092263,Jonahtan,1990,M,6
1092264,Jonath,1990,M,6
1092265,Jonatha,1990,M,6
1092266,Joncarlos,1990,M,6
1092267,Jonluke,1990,M,6
1092268,Jonn,1990,M,6
1092269,Jonnell,1990,M,6
1092270,Jonothon,1990,M,6
1092271,Jontez,1990,M,6
1092272,Joquan,1990,M,6
1092273,Joram,1990,M,6
1092274,Josafat,1990,M,6
1092275,Josecarlos,1990,M,6
1092276,Josedaniel,1990,M,6
1092277,Joseff,1990,M,6
1092278,Joseignacio,1990,M,6
1092279,Josejuan,1990,M,6
1092280,Josephe,1990,M,6
1092281,Joss,1990,M,6
1092282,Jossie,1990,M,6
1092283,Journey,1990,M,6
1092284,Joushua,1990,M,6
1092285,Jovaughn,1990,M,6
1092286,Jovontae,1990,M,6
1092287,Juana,1990,M,6
1092288,Juandedios,1990,M,6
1092289,Juanita,1990,M,6
1092290,Jud,1990,M,6
1092291,Jurrell,1990,M,6
1092292,Jushua,1990,M,6
1092293,Justain,1990,M,6
1092294,Justina,1990,M,6
1092295,Jw,1990,M,6
1092296,Kaelen,1990,M,6
1092297,Kahari,1990,M,6
1092298,Kahdeem,1990,M,6
1092299,Kahri,1990,M,6
1092300,Kaid,1990,M,6
1092301,Kailan,1990,M,6
1092302,Kailen,1990,M,6
1092303,Kairy,1990,M,6
1092304,Kaitlyn,1990,M,6
1092305,Kali,1990,M,6
1092306,Kaliym,1990,M,6
1092307,Kalum,1990,M,6
1092308,Kanden,1990,M,6
1092309,Karlan,1990,M,6
1092310,Karry,1990,M,6
1092311,Karston,1990,M,6
1092312,Kayce,1990,M,6
1092313,Kayland,1990,M,6
1092314,Kazuki,1990,M,6
1092315,Kedrin,1990,M,6
1092316,Keeler,1990,M,6
1092317,Keeven,1990,M,6
1092318,Keevon,1990,M,6
1092319,Keidrick,1990,M,6
1092320,Keigan,1990,M,6
1092321,Keiran,1990,M,6
1092322,Keishon,1990,M,6
1092323,Kelcie,1990,M,6
1092324,Keldon,1990,M,6
1092325,Kelon,1990,M,6
1092326,Kelven,1990,M,6
1092327,Kelvyn,1990,M,6
1092328,Kemuel,1990,M,6
1092329,Kenechukwu,1990,M,6
1092330,Kenson,1990,M,6
1092331,Kensuke,1990,M,6
1092332,Kentez,1990,M,6
1092333,Kerin,1990,M,6
1092334,Kesley,1990,M,6
1092335,Ketan,1990,M,6
1092336,Kevinjohn,1990,M,6
1092337,Key,1990,M,6
1092338,Keylan,1990,M,6
1092339,Keyshawn,1990,M,6
1092340,Khairi,1990,M,6
1092341,Khambrel,1990,M,6
1092342,Khayri,1990,M,6
1092343,Khyle,1990,M,6
1092344,Khyrie,1990,M,6
1092345,Kia,1990,M,6
1092346,Kieon,1990,M,6
1092347,Kiera,1990,M,6
1092348,Kieren,1990,M,6
1092349,Kijuan,1990,M,6
1092350,Kilo,1990,M,6
1092351,Kindell,1990,M,6
1092352,Kinsey,1990,M,6
1092353,Kiril,1990,M,6
1092354,Kjell,1990,M,6
1092355,Klein,1990,M,6
1092356,Kojo,1990,M,6
1092357,Kolbi,1990,M,6
1092358,Konnor,1990,M,6
1092359,Korbyn,1990,M,6
1092360,Kordale,1990,M,6
1092361,Korri,1990,M,6
1092362,Kregg,1990,M,6
1092363,Krishon,1990,M,6
1092364,Kristain,1990,M,6
1092365,Kule,1990,M,6
1092366,Kwmaine,1990,M,6
1092367,Kyan,1990,M,6
1092368,Kylon,1990,M,6
1092369,Kyren,1990,M,6
1092370,Labaron,1990,M,6
1092371,Ladarien,1990,M,6
1092372,Ladarris,1990,M,6
1092373,Lakendric,1990,M,6
1092374,Lamichael,1990,M,6
1092375,Lamondre,1990,M,6
1092376,Lamor,1990,M,6
1092377,Lando,1990,M,6
1092378,Laquann,1990,M,6
1092379,Laquavis,1990,M,6
1092380,Laquincy,1990,M,6
1092381,Lara,1990,M,6
1092382,Larance,1990,M,6
1092383,Lasean,1990,M,6
1092384,Lashun,1990,M,6
1092385,Latonio,1990,M,6
1092386,Latoya,1990,M,6
1092387,Leith,1990,M,6
1092388,Lelan,1990,M,6
1092389,Leman,1990,M,6
1092390,Lendon,1990,M,6
1092391,Lennie,1990,M,6
1092392,Lenton,1990,M,6
1092393,Leovardo,1990,M,6
1092394,Lev,1990,M,6
1092395,Levert,1990,M,6
1092396,Levonte,1990,M,6
1092397,Lexington,1990,M,6
1092398,Lief,1990,M,6
1092399,Linsey,1990,M,6
1092400,Lior,1990,M,6
1092401,Lizandro,1990,M,6
1092402,Lor,1990,M,6
1092403,Lorenso,1990,M,6
1092404,Loui,1990,M,6
1092405,Lourdes,1990,M,6
1092406,Lovie,1990,M,6
1092407,Ludwig,1990,M,6
1092408,Luismiguel,1990,M,6
1092409,Lunden,1990,M,6
1092410,Lyndel,1990,M,6
1092411,Lyonel,1990,M,6
1092412,Macgregor,1990,M,6
1092413,Macgyver,1990,M,6
1092414,Machael,1990,M,6
1092415,Mahad,1990,M,6
1092416,Mahlik,1990,M,6
1092417,Malcomb,1990,M,6
1092418,Malcome,1990,M,6
1092419,Malique,1990,M,6
1092420,Malone,1990,M,6
1092421,Mannix,1990,M,6
1092422,Marbin,1990,M,6
1092423,Marcellas,1990,M,6
1092424,Mardy,1990,M,6
1092425,Markeece,1990,M,6
1092426,Markevis,1990,M,6
1092427,Marlyn,1990,M,6
1092428,Marquett,1990,M,6
1092429,Marshaun,1990,M,6
1092430,Mart,1990,M,6
1092431,Martese,1990,M,6
1092432,Martise,1990,M,6
1092433,Marven,1990,M,6
1092434,Marvis,1990,M,6
1092435,Marzell,1990,M,6
1092436,Masen,1990,M,6
1092437,Master,1990,M,6
1092438,Maurizio,1990,M,6
1092439,Maximillan,1990,M,6
1092440,Maxson,1990,M,6
1092441,Maxxwell,1990,M,6
1092442,Mcdaniel,1990,M,6
1092443,Mckale,1990,M,6
1092444,Meagan,1990,M,6
1092445,Merced,1990,M,6
1092446,Messiah,1990,M,6
1092447,Michaeljames,1990,M,6
1092448,Michaelvincent,1990,M,6
1092449,Michah,1990,M,6
1092450,Michiel,1990,M,6
1092451,Mikko,1990,M,6
1092452,Milad,1990,M,6
1092453,Milos,1990,M,6
1092454,Miranda,1990,M,6
1092455,Mishael,1990,M,6
1092456,Mitchael,1990,M,6
1092457,Mithun,1990,M,6
1092458,Montarius,1990,M,6
1092459,Monterius,1990,M,6
1092460,Montre,1990,M,6
1092461,Montrelle,1990,M,6
1092462,Morgen,1990,M,6
1092463,Moriah,1990,M,6
1092464,Mousa,1990,M,6
1092465,Mujahid,1990,M,6
1092466,Muneer,1990,M,6
1092467,Murat,1990,M,6
1092468,My,1990,M,6
1092469,Mykeal,1990,M,6
1092470,Mykle,1990,M,6
1092471,Mylo,1990,M,6
1092472,Nachum,1990,M,6
1092473,Nadia,1990,M,6
1092474,Naftoli,1990,M,6
1092475,Najib,1990,M,6
1092476,Najja,1990,M,6
1092477,Naman,1990,M,6
1092478,Naomi,1990,M,6
1092479,Narith,1990,M,6
1092480,Naseer,1990,M,6
1092481,Nathin,1990,M,6
1092482,Navar,1990,M,6
1092483,Navarre,1990,M,6
1092484,Nayib,1990,M,6
1092485,Nazim,1990,M,6
1092486,Neilson,1990,M,6
1092487,Nghia,1990,M,6
1092488,Nicanor,1990,M,6
1092489,Niccolas,1990,M,6
1092490,Nichael,1990,M,6
1092491,Nichola,1990,M,6
1092492,Nickolaos,1990,M,6
1092493,Nickoles,1990,M,6
1092494,Niclas,1990,M,6
1092495,Nicolis,1990,M,6
1092496,Nicos,1990,M,6
1092497,Nieman,1990,M,6
1092498,Nigil,1990,M,6
1092499,Nikesh,1990,M,6
1092500,Nikholas,1990,M,6
1092501,Nikkolaus,1990,M,6
1092502,Nissan,1990,M,6
1092503,Nixon,1990,M,6
1092504,Nizar,1990,M,6
1092505,Nkosi,1990,M,6
1092506,Nolin,1990,M,6
1092507,Nour,1990,M,6
1092508,Ocean,1990,M,6
1092509,Ociel,1990,M,6
1092510,Odel,1990,M,6
1092511,Olajawon,1990,M,6
1092512,Olanrewaju,1990,M,6
1092513,Oluwatobi,1990,M,6
1092514,Omarr,1990,M,6
1092515,Omotayo,1990,M,6
1092516,Onyx,1990,M,6
1092517,Oral,1990,M,6
1092518,Orey,1990,M,6
1092519,Ottis,1990,M,6
1092520,Parke,1990,M,6
1092521,Parley,1990,M,6
1092522,Parsa,1990,M,6
1092523,Pastor,1990,M,6
1092524,Patterson,1990,M,6
1092525,Paulmichael,1990,M,6
1092526,Paymon,1990,M,6
1092527,Pedram,1990,M,6
1092528,Per,1990,M,6
1092529,Percival,1990,M,6
1092530,Phat,1990,M,6
1092531,Philipe,1990,M,6
1092532,Phung,1990,M,6
1092533,Pj,1990,M,6
1092534,Princeston,1990,M,6
1092535,Pritesh,1990,M,6
1092536,Purvis,1990,M,6
1092537,Qualin,1990,M,6
1092538,Quandell,1990,M,6
1092539,Quandre,1990,M,6
1092540,Quanta,1990,M,6
1092541,Quante,1990,M,6
1092542,Quay,1990,M,6
1092543,Quince,1990,M,6
1092544,Quron,1990,M,6
1092545,Quvondo,1990,M,6
1092546,Radhames,1990,M,6
1092547,Raemond,1990,M,6
1092548,Rafel,1990,M,6
1092549,Raffael,1990,M,6
1092550,Rafiq,1990,M,6
1092551,Ragan,1990,M,6
1092552,Raghav,1990,M,6
1092553,Rahil,1990,M,6
1092554,Rahmaan,1990,M,6
1092555,Rajohn,1990,M,6
1092556,Ralik,1990,M,6
1092557,Ralphel,1990,M,6
1092558,Ralphy,1990,M,6
1092559,Ramal,1990,M,6
1092560,Rambo,1990,M,6
1092561,Rameses,1990,M,6
1092562,Ramie,1990,M,6
1092563,Ramil,1990,M,6
1092564,Ramondo,1990,M,6
1092565,Ranell,1990,M,6
1092566,Ranjit,1990,M,6
1092567,Rannon,1990,M,6
1092568,Raphiel,1990,M,6
1092569,Ratana,1990,M,6
1092570,Rathanak,1990,M,6
1092571,Ravin,1990,M,6
1092572,Ravindra,1990,M,6
1092573,Ravion,1990,M,6
1092574,Rawley,1990,M,6
1092575,Raydell,1990,M,6
1092576,Rayshard,1990,M,6
1092577,Razmig,1990,M,6
1092578,Refujio,1990,M,6
1092579,Regina,1990,M,6
1092580,Remond,1990,M,6
1092581,Rena,1990,M,6
1092582,Renwick,1990,M,6
1092583,Resean,1990,M,6
1092584,Reuel,1990,M,6
1092585,Rhakeem,1990,M,6
1092586,Rhyne,1990,M,6
1092587,Richad,1990,M,6
1092588,Rielly,1990,M,6
1092589,Rinaldo,1990,M,6
1092590,Rishard,1990,M,6
1092591,Rithy,1990,M,6
1092592,Roddell,1990,M,6
1092593,Rodny,1990,M,6
1092594,Rodrecus,1990,M,6
1092595,Rodrickus,1990,M,6
1092596,Rogerick,1990,M,6
1092597,Rolf,1990,M,6
1092598,Romando,1990,M,6
1092599,Rome,1990,M,6
1092600,Ronen,1990,M,6
1092601,Ronreaco,1990,M,6
1092602,Rontavious,1990,M,6
1092603,Roshard,1990,M,6
1092604,Rushi,1990,M,6
1092605,Rylie,1990,M,6
1092606,Ryun,1990,M,6
1092607,Saba,1990,M,6
1092608,Sabian,1990,M,6
1092609,Sacha,1990,M,6
1092610,Saiquan,1990,M,6
1092611,Saladin,1990,M,6
1092612,Sally,1990,M,6
1092613,Samnang,1990,M,6
1092614,Sander,1990,M,6
1092615,Sanjeev,1990,M,6
1092616,Santangelo,1990,M,6
1092617,Santosh,1990,M,6
1092618,Sari,1990,M,6
1092619,Sarin,1990,M,6
1092620,Saunders,1990,M,6
1092621,Savoy,1990,M,6
1092622,Savvas,1990,M,6
1092623,Schneider,1990,M,6
1092624,Schon,1990,M,6
1092625,Senai,1990,M,6
1092626,Seon,1990,M,6
1092627,Sevag,1990,M,6
1092628,Seville,1990,M,6
1092629,Seymour,1990,M,6
1092630,Shadd,1990,M,6
1092631,Shadeed,1990,M,6
1092632,Shafiq,1990,M,6
1092633,Shalik,1990,M,6
1092634,Shamario,1990,M,6
1092635,Shamika,1990,M,6
1092636,Shaquelle,1990,M,6
1092637,Shaquil,1990,M,6
1092638,Shaquon,1990,M,6
1092639,Shawne,1990,M,6
1092640,Shayde,1990,M,6
1092641,Shederick,1990,M,6
1092642,Shelley,1990,M,6
1092643,Shepherd,1990,M,6
1092644,Shequan,1990,M,6
1092645,Sheraz,1990,M,6
1092646,Sheron,1990,M,6
1092647,Shin,1990,M,6
1092648,Shloime,1990,M,6
1092649,Shlomie,1990,M,6
1092650,Shoaib,1990,M,6
1092651,Shone,1990,M,6
1092652,Shraga,1990,M,6
1092653,Shuji,1990,M,6
1092654,Silviano,1990,M,6
1092655,Silvino,1990,M,6
1092656,Sinan,1990,M,6
1092657,Siran,1990,M,6
1092658,Sirron,1990,M,6
1092659,Socorro,1990,M,6
1092660,Sohail,1990,M,6
1092661,Sohrab,1990,M,6
1092662,Solomone,1990,M,6
1092663,Spiros,1990,M,6
1092664,Starling,1990,M,6
1092665,Stepfan,1990,M,6
1092666,Stiles,1990,M,6
1092667,Stiven,1990,M,6
1092668,Stone,1990,M,6
1092669,Stylianos,1990,M,6
1092670,Suave,1990,M,6
1092671,Suhail,1990,M,6
1092672,Susana,1990,M,6
1092673,Sylas,1990,M,6
1092674,Syrus,1990,M,6
1092675,Tabor,1990,M,6
1092676,Tacorey,1990,M,6
1092677,Tadeusz,1990,M,6
1092678,Taelor,1990,M,6
1092679,Tailor,1990,M,6
1092680,Taimur,1990,M,6
1092681,Taiwan,1990,M,6
1092682,Taiwo,1990,M,6
1092683,Takanori,1990,M,6
1092684,Talib,1990,M,6
1092685,Tamario,1990,M,6
1092686,Tamarius,1990,M,6
1092687,Tamon,1990,M,6
1092688,Tarelle,1990,M,6
1092689,Tarick,1990,M,6
1092690,Tatiana,1990,M,6
1092691,Tatsuya,1990,M,6
1092692,Tauren,1990,M,6
1092693,Tavarius,1990,M,6
1092694,Taven,1990,M,6
1092695,Tawan,1990,M,6
1092696,Taylar,1990,M,6
1092697,Taylon,1990,M,6
1092698,Tazz,1990,M,6
1092699,Teddrick,1990,M,6
1092700,Tedric,1990,M,6
1092701,Tejash,1990,M,6
1092702,Telesforo,1990,M,6
1092703,Teo,1990,M,6
1092704,Terik,1990,M,6
1092705,Terreance,1990,M,6
1092706,Terrico,1990,M,6
1092707,Terrod,1990,M,6
1092708,Tex,1990,M,6
1092709,Theodoros,1990,M,6
1092710,Thomson,1990,M,6
1092711,Tiger,1990,M,6
1092712,Tigran,1990,M,6
1092713,Tilman,1990,M,6
1092714,Tilmon,1990,M,6
1092715,Timon,1990,M,6
1092716,Tirso,1990,M,6
1092717,Todrick,1990,M,6
1092718,Toi,1990,M,6
1092719,Torion,1990,M,6
1092720,Toris,1990,M,6
1092721,Torrean,1990,M,6
1092722,Tracie,1990,M,6
1092723,Traevon,1990,M,6
1092724,Trapper,1990,M,6
1092725,Travan,1990,M,6
1092726,Traver,1990,M,6
1092727,Trayvion,1990,M,6
1092728,Treon,1990,M,6
1092729,Trevelle,1990,M,6
1092730,Trevino,1990,M,6
1092731,Trevoris,1990,M,6
1092732,Treyon,1990,M,6
1092733,Trimaine,1990,M,6
1092734,Trong,1990,M,6
1092735,Trustin,1990,M,6
1092736,Tulio,1990,M,6
1092737,Tyce,1990,M,6
1092738,Tyrees,1990,M,6
1092739,Tyrence,1990,M,6
1092740,Tyric,1990,M,6
1092741,Ugochukwu,1990,M,6
1092742,Unk,1990,M,6
1092743,Urban,1990,M,6
1092744,Usher,1990,M,6
1092745,Uzziel,1990,M,6
1092746,Vantrell,1990,M,6
1092747,Vatche,1990,M,6
1092748,Vernal,1990,M,6
1092749,Vincentmichael,1990,M,6
1092750,Vinchenzo,1990,M,6
1092751,Vincient,1990,M,6
1092752,Vinny,1990,M,6
1092753,Viral,1990,M,6
1092754,Vonzell,1990,M,6
1092755,Vue,1990,M,6
1092756,Vuthy,1990,M,6
1092757,Walther,1990,M,6
1092758,Wasim,1990,M,6
1092759,Wilburn,1990,M,6
1092760,Wilian,1990,M,6
1092761,Willliam,1990,M,6
1092762,Wojciech,1990,M,6
1092763,Wylee,1990,M,6
1092764,Xue,1990,M,6
1092765,Yanick,1990,M,6
1092766,Yasmin,1990,M,6
1092767,Yer,1990,M,6
1092768,Yidel,1990,M,6
1092769,Yoan,1990,M,6
1092770,Yobany,1990,M,6
1092771,Yohan,1990,M,6
1092772,Yonaton,1990,M,6
1092773,Yonic,1990,M,6
1092774,Yossi,1990,M,6
1092775,Yovan,1990,M,6
1092776,Yovanni,1990,M,6
1092777,Yue,1990,M,6
1092778,Yunus,1990,M,6
1092779,Yvens,1990,M,6
1092780,Zabdiel,1990,M,6
1092781,Zaccheaus,1990,M,6
1092782,Zaine,1990,M,6
1092783,Zaquan,1990,M,6
1092784,Zavhary,1990,M,6
1092785,Zavion,1990,M,6
1092786,Zedric,1990,M,6
1092787,Zeric,1990,M,6
1092788,Zeyad,1990,M,6
1092789,Zia,1990,M,6
1092790,Zoltan,1990,M,6
1092791,Zubair,1990,M,6
1092792,Aamer,1990,M,5
1092793,Aasin,1990,M,5
1092794,Abdelrahman,1990,M,5
1092795,Abdulah,1990,M,5
1092796,Abdulkareem,1990,M,5
1092797,Abed,1990,M,5
1092798,Abedallah,1990,M,5
1092799,Abraam,1990,M,5
1092800,Achille,1990,M,5
1092801,Adderly,1990,M,5
1092802,Adebola,1990,M,5
1092803,Adelbert,1990,M,5
1092804,Adetokunbo,1990,M,5
1092805,Adib,1990,M,5
1092806,Adisa,1990,M,5
1092807,Adler,1990,M,5
1092808,Adolf,1990,M,5
1092809,Adom,1990,M,5
1092810,Adon,1990,M,5
1092811,Adonai,1990,M,5
1092812,Agustus,1990,M,5
1092813,Ahmaad,1990,M,5
1092814,Airik,1990,M,5
1092815,Alanzo,1990,M,5
1092816,Alax,1990,M,5
1092817,Aldan,1990,M,5
1092818,Aldemar,1990,M,5
1092819,Alecsander,1990,M,5
1092820,Alexei,1990,M,5
1092821,Algie,1990,M,5
1092822,Alhakim,1990,M,5
1092823,Allon,1990,M,5
1092824,Allyson,1990,M,5
1092825,Alondo,1990,M,5
1092826,Alquan,1990,M,5
1092827,Alroy,1990,M,5
1092828,Alvester,1990,M,5
1092829,Alvie,1990,M,5
1092830,Amaar,1990,M,5
1092831,Amedee,1990,M,5
1092832,Amedeo,1990,M,5
1092833,Amil,1990,M,5
1092834,Amiri,1990,M,5
1092835,Ammer,1990,M,5
1092836,Amory,1990,M,5
1092837,Anais,1990,M,5
1092838,Anastasia,1990,M,5
1092839,Andray,1990,M,5
1092840,Andrean,1990,M,5
1092841,Andreaus,1990,M,5
1092842,Andris,1990,M,5
1092843,Andrius,1990,M,5
1092844,Andros,1990,M,5
1092845,Aneudi,1990,M,5
1092846,Angelito,1990,M,5
1092847,Anhtony,1990,M,5
1092848,Anjelo,1990,M,5
1092849,Anjuan,1990,M,5
1092850,Ankush,1990,M,5
1092851,Anooj,1990,M,5
1092852,Antaeus,1990,M,5
1092853,Ante,1990,M,5
1092854,Anterio,1990,M,5
1092855,Anthany,1990,M,5
1092856,Anthonymichael,1990,M,5
1092857,Antoinio,1990,M,5
1092858,Antonis,1990,M,5
1092859,Antuane,1990,M,5
1092860,Antuwan,1990,M,5
1092861,Aodhan,1990,M,5
1092862,Aquan,1990,M,5
1092863,Aquileo,1990,M,5
1092864,Arel,1990,M,5
1092865,Argelis,1990,M,5
1092866,Arjan,1990,M,5
1092867,Armoni,1990,M,5
1092868,Armstead,1990,M,5
1092869,Arnardo,1990,M,5
1092870,Asaf,1990,M,5
1092871,Ashante,1990,M,5
1092872,Ashston,1990,M,5
1092873,Ashtyn,1990,M,5
1092874,Asiel,1990,M,5
1092875,Athan,1990,M,5
1092876,Atilano,1990,M,5
1092877,Atlas,1990,M,5
1092878,Atnhony,1990,M,5
1092879,Aubry,1990,M,5
1092880,Audel,1990,M,5
1092881,Audi,1990,M,5
1092882,Audley,1990,M,5
1092883,Aukeem,1990,M,5
1092884,Aurelius,1990,M,5
1092885,Aury,1990,M,5
1092886,Austreberto,1990,M,5
1092887,Austun,1990,M,5
1092888,Avanti,1990,M,5
1092889,Averill,1990,M,5
1092890,Aviel,1990,M,5
1092891,Avis,1990,M,5
1092892,Aviv,1990,M,5
1092893,Avrahom,1990,M,5
1092894,Ayan,1990,M,5
1092895,Ayden,1990,M,5
1092896,Ayodele,1990,M,5
1092897,Azriel,1990,M,5
1092898,Bader,1990,M,5
1092899,Balke,1990,M,5
1092900,Baltasar,1990,M,5
1092901,Bandon,1990,M,5
1092902,Barbara,1990,M,5
1092903,Bardia,1990,M,5
1092904,Barnard,1990,M,5
1092905,Barndon,1990,M,5
1092906,Barrick,1990,M,5
1092907,Bartolome,1990,M,5
1092908,Benancio,1990,M,5
1092909,Benjerman,1990,M,5
1092910,Benjimin,1990,M,5
1092911,Benoit,1990,M,5
1092912,Bentzion,1990,M,5
1092913,Ber,1990,M,5
1092914,Bernhard,1990,M,5
1092915,Bernice,1990,M,5
1092916,Betzalel,1990,M,5
1092917,Blakeley,1990,M,5
1092918,Blythe,1990,M,5
1092919,Boby,1990,M,5
1092920,Bocephus,1990,M,5
1092921,Bow,1990,M,5
1092922,Bradan,1990,M,5
1092923,Bradd,1990,M,5
1092924,Bradin,1990,M,5
1092925,Braedan,1990,M,5
1092926,Braian,1990,M,5
1092927,Branch,1990,M,5
1092928,Brandal,1990,M,5
1092929,Brandel,1990,M,5
1092930,Brandi,1990,M,5
1092931,Brandley,1990,M,5
1092932,Bransen,1990,M,5
1092933,Braxston,1990,M,5
1092934,Braylan,1990,M,5
1092935,Braylin,1990,M,5
1092936,Brayon,1990,M,5
1092937,Brenen,1990,M,5
1092938,Brenn,1990,M,5
1092939,Brette,1990,M,5
1092940,Breyden,1990,M,5
1092941,Brianda,1990,M,5
1092942,Briane,1990,M,5
1092943,Brighton,1990,M,5
1092944,British,1990,M,5
1092945,Bronsen,1990,M,5
1092946,Brooklyn,1990,M,5
1092947,Bry,1990,M,5
1092948,Bryin,1990,M,5
1092949,Brynt,1990,M,5
1092950,Burgess,1990,M,5
1092951,Butler,1990,M,5
1092952,Byan,1990,M,5
1092953,Cael,1990,M,5
1092954,Cailean,1990,M,5
1092955,Caison,1990,M,5
1092956,Calbert,1990,M,5
1092957,Caldwell,1990,M,5
1092958,Calieb,1990,M,5
1092959,Callie,1990,M,5
1092960,Callin,1990,M,5
1092961,Calton,1990,M,5
1092962,Cameo,1990,M,5
1092963,Camille,1990,M,5
1092964,Candy,1990,M,5
1092965,Cardale,1990,M,5
1092966,Cardero,1990,M,5
1092967,Carell,1990,M,5
1092968,Carley,1990,M,5
1092969,Carlus,1990,M,5
1092970,Carmel,1990,M,5
1092971,Carmon,1990,M,5
1092972,Carney,1990,M,5
1092973,Carrick,1990,M,5
1092974,Carston,1990,M,5
1092975,Cartier,1990,M,5
1092976,Casen,1990,M,5
1092977,Cedrik,1990,M,5
1092978,Celedonio,1990,M,5
1092979,Cem,1990,M,5
1092980,Cephus,1990,M,5
1092981,Cesare,1990,M,5
1092982,Ceth,1990,M,5
1092983,Chadman,1990,M,5
1092984,Chadric,1990,M,5
1092985,Chanc,1990,M,5
1092986,Chandon,1990,M,5
1092987,Chanel,1990,M,5
1092988,Chantra,1990,M,5
1092989,Charlene,1990,M,5
1092990,Charlesedward,1990,M,5
1092991,Charvez,1990,M,5
1092992,Chaseton,1990,M,5
1092993,Chawn,1990,M,5
1092994,Chayane,1990,M,5
1092995,Cheney,1990,M,5
1092996,Chesney,1990,M,5
1092997,Chia,1990,M,5
1092998,Chiam,1990,M,5
1092999,Chin,1990,M,5
1093000,Chisum,1990,M,5
1093001,Christerpher,1990,M,5
1093002,Christopherlee,1990,M,5
1093003,Chrstopher,1990,M,5
1093004,Chukwudi,1990,M,5
1093005,Chukwuma,1990,M,5
1093006,Chun,1990,M,5
1093007,Clara,1990,M,5
1093008,Clarissa,1990,M,5
1093009,Clayson,1990,M,5
1093010,Clenton,1990,M,5
1093011,Cleto,1990,M,5
1093012,Clinten,1990,M,5
1093013,Cloyd,1990,M,5
1093014,Coe,1990,M,5
1093015,Colan,1990,M,5
1093016,Colbert,1990,M,5
1093017,Colen,1990,M,5
1093018,Collie,1990,M,5
1093019,Cong,1990,M,5
1093020,Conlin,1990,M,5
1093021,Constantin,1990,M,5
1093022,Copeland,1990,M,5
1093023,Coral,1990,M,5
1093024,Corbet,1990,M,5
1093025,Cordelle,1990,M,5
1093026,Corderrius,1990,M,5
1093027,Corney,1990,M,5
1093028,Corrigan,1990,M,5
1093029,Cortavious,1990,M,5
1093030,Cortlandt,1990,M,5
1093031,Cotter,1990,M,5
1093032,Courvoisier,1990,M,5
1093033,Coye,1990,M,5
1093034,Craige,1990,M,5
1093035,Crandall,1990,M,5
1093036,Cray,1990,M,5
1093037,Creon,1990,M,5
1093038,Crescencio,1990,M,5
1093039,Cristiano,1990,M,5
1093040,Cristin,1990,M,5
1093041,Croix,1990,M,5
1093042,Crystian,1990,M,5
1093043,Cuahutemoc,1990,M,5
1093044,Cyler,1990,M,5
1093045,Cymon,1990,M,5
1093046,Dabney,1990,M,5
1093047,Dae,1990,M,5
1093048,Daichi,1990,M,5
1093049,Daiki,1990,M,5
1093050,Dairon,1990,M,5
1093051,Daishaun,1990,M,5
1093052,Damain,1990,M,5
1093053,Damarion,1990,M,5
1093054,Damascus,1990,M,5
1093055,Damonta,1990,M,5
1093056,Dann,1990,M,5
1093057,Dantee,1990,M,5
1093058,Dantwan,1990,M,5
1093059,Danziel,1990,M,5
1093060,Daoud,1990,M,5
1093061,Daquann,1990,M,5
1093062,Daquawn,1990,M,5
1093063,Dar,1990,M,5
1093064,Darcell,1990,M,5
1093065,Dareen,1990,M,5
1093066,Darico,1990,M,5
1093067,Dariusz,1990,M,5
1093068,Darone,1990,M,5
1093069,Darr,1990,M,5
1093070,Darric,1990,M,5
1093071,Darryel,1990,M,5
1093072,Dartagnan,1990,M,5
1093073,Daryel,1990,M,5
1093074,Dashun,1990,M,5
1093075,Dason,1990,M,5
1093076,Daton,1990,M,5
1093077,Daved,1990,M,5
1093078,Davidallen,1990,M,5
1093079,Davidanthony,1990,M,5
1093080,Davius,1990,M,5
1093081,Davod,1990,M,5
1093082,Dayson,1990,M,5
1093083,Deaaron,1990,M,5
1093084,Deacon,1990,M,5
1093085,Deantre,1990,M,5
1093086,Dearius,1990,M,5
1093087,Deborah,1990,M,5
1093088,Deep,1990,M,5
1093089,Deforrest,1990,M,5
1093090,Deja,1990,M,5
1093091,Delan,1990,M,5
1093092,Delmarco,1990,M,5
1093093,Delquan,1990,M,5
1093094,Delshon,1990,M,5
1093095,Delta,1990,M,5
1093096,Demanuel,1990,M,5
1093097,Demarie,1990,M,5
1093098,Demarkio,1990,M,5
1093099,Demarlo,1990,M,5
1093100,Demarrius,1990,M,5
1093101,Demian,1990,M,5
1093102,Demico,1990,M,5
1093103,Demitrus,1990,M,5
1093104,Demontray,1990,M,5
1093105,Demtrius,1990,M,5
1093106,Denardo,1990,M,5
1093107,Denerick,1990,M,5
1093108,Denero,1990,M,5
1093109,Deng,1990,M,5
1093110,Denico,1990,M,5
1093111,Dennell,1990,M,5
1093112,Dennise,1990,M,5
1093113,Deny,1990,M,5
1093114,Denys,1990,M,5
1093115,Denzelle,1990,M,5
1093116,Deonne,1990,M,5
1093117,Deontea,1990,M,5
1093118,Dereginald,1990,M,5
1093119,Derel,1990,M,5
1093120,Deren,1990,M,5
1093121,Derez,1990,M,5
1093122,Deris,1990,M,5
1093123,Dermont,1990,M,5
1093124,Derrelle,1990,M,5
1093125,Derrice,1990,M,5
1093126,Derrill,1990,M,5
1093127,Derrious,1990,M,5
1093128,Dervon,1990,M,5
1093129,Deryl,1990,M,5
1093130,Desmine,1990,M,5
1093131,Detavius,1990,M,5
1093132,Deunta,1990,M,5
1093133,Devarus,1990,M,5
1093134,Devaun,1990,M,5
1093135,Deveion,1990,M,5
1093136,Devern,1990,M,5
1093137,Devian,1990,M,5
1093138,Dewaun,1990,M,5
1093139,Deyonte,1990,M,5
1093140,Diallo,1990,M,5
1093141,Dikran,1990,M,5
1093142,Dimario,1990,M,5
1093143,Dimitrious,1990,M,5
1093144,Dina,1990,M,5
1093145,Dinesh,1990,M,5
1093146,Diondra,1990,M,5
1093147,Doc,1990,M,5
1093148,Dodge,1990,M,5
1093149,Domanic,1990,M,5
1093150,Domineque,1990,M,5
1093151,Dominico,1990,M,5
1093152,Donathon,1990,M,5
1093153,Dondrick,1990,M,5
1093154,Donique,1990,M,5
1093155,Donnavon,1990,M,5
1093156,Dontario,1990,M,5
1093157,Donyae,1990,M,5
1093158,Dornell,1990,M,5
1093159,Dorron,1990,M,5
1093160,Doua,1990,M,5
1093161,Drayon,1990,M,5
1093162,Drayson,1990,M,5
1093163,Drewry,1990,M,5
1093164,Duarte,1990,M,5
1093165,Duglas,1990,M,5
1093166,Dujon,1990,M,5
1093167,Duntae,1990,M,5
1093168,Durante,1990,M,5
1093169,Durelle,1990,M,5
1093170,Durrel,1990,M,5
1093171,Dustinjames,1990,M,5
1093172,Duvon,1990,M,5
1093173,Dyshaun,1990,M,5
1093174,Dzung,1990,M,5
1093175,Eban,1990,M,5
1093176,Edd,1990,M,5
1093177,Edelmiro,1990,M,5
1093178,Edin,1990,M,5
1093179,Edjuan,1990,M,5
1093180,Edmar,1990,M,5
1093181,Edris,1990,M,5
1093182,Eduin,1990,M,5
1093183,Edwar,1990,M,5
1093184,Einar,1990,M,5
1093185,Eithan,1990,M,5
1093186,Eleftherios,1990,M,5
1093187,Elena,1990,M,5
1093188,Elgar,1990,M,5
1093189,Eliab,1990,M,5
1093190,Elier,1990,M,5
1093191,Elieser,1990,M,5
1093192,Eligha,1990,M,5
1093193,Elis,1990,M,5
1093194,Ellie,1990,M,5
1093195,Ellwood,1990,M,5
1093196,Elrick,1990,M,5
1093197,Elvia,1990,M,5
1093198,Elwyn,1990,M,5
1093199,Elyse,1990,M,5
1093200,Emanuelle,1990,M,5
1093201,Emerick,1990,M,5
1093202,Emeterio,1990,M,5
1093203,Encarnacion,1990,M,5
1093204,Ephrain,1990,M,5
1093205,Equan,1990,M,5
1093206,Ericjames,1990,M,5
1093207,Erminio,1990,M,5
1093208,Ervey,1990,M,5
1093209,Essam,1990,M,5
1093210,Estanislao,1990,M,5
1093211,Estephan,1990,M,5
1093212,Estevon,1990,M,5
1093213,Everth,1990,M,5
1093214,Ewing,1990,M,5
1093215,Eyad,1990,M,5
1093216,Ezechiel,1990,M,5
1093217,Fabion,1990,M,5
1093218,Fahd,1990,M,5
1093219,Farron,1990,M,5
1093220,Faruk,1990,M,5
1093221,Fate,1990,M,5
1093222,Fatima,1990,M,5
1093223,Fawaz,1990,M,5
1093224,Felice,1990,M,5
1093225,Ferenc,1990,M,5
1093226,Ferid,1990,M,5
1093227,Fernie,1990,M,5
1093228,Filmon,1990,M,5
1093229,Finis,1990,M,5
1093230,Finn,1990,M,5
1093231,Fitz,1990,M,5
1093232,Foday,1990,M,5
1093233,Forrester,1990,M,5
1093234,Fran,1990,M,5
1093235,Franciscojavier,1990,M,5
1093236,Frandy,1990,M,5
1093237,Frantzy,1990,M,5
1093238,Frasier,1990,M,5
1093239,Fredie,1990,M,5
1093240,Gabor,1990,M,5
1093241,Gaines,1990,M,5
1093242,Garek,1990,M,5
1093243,Garhett,1990,M,5
1093244,Garnett,1990,M,5
1093245,Garrek,1990,M,5
1093246,Gaspare,1990,M,5
1093247,Gavyn,1990,M,5
1093248,Gaylen,1990,M,5
1093249,Gehrig,1990,M,5
1093250,Genard,1990,M,5
1093251,Geramie,1990,M,5
1093252,Gerasimos,1990,M,5
1093253,Gerek,1990,M,5
1093254,Geremie,1990,M,5
1093255,Gerlad,1990,M,5
1093256,Gery,1990,M,5
1093257,Gianpaolo,1990,M,5
1093258,Gibb,1990,M,5
1093259,Gillen,1990,M,5
1093260,Gillie,1990,M,5
1093261,Gilmar,1990,M,5
1093262,Giordan,1990,M,5
1093263,Glendale,1990,M,5
1093264,Govinda,1990,M,5
1093265,Graden,1990,M,5
1093266,Graeson,1990,M,5
1093267,Gram,1990,M,5
1093268,Grantham,1990,M,5
1093269,Graylon,1990,M,5
1093270,Grzegorz,1990,M,5
1093271,Haasan,1990,M,5
1093272,Haeden,1990,M,5
1093273,Haile,1990,M,5
1093274,Hairo,1990,M,5
1093275,Haitham,1990,M,5
1093276,Halsey,1990,M,5
1093277,Hamish,1990,M,5
1093278,Hanna,1990,M,5
1093279,Hanz,1990,M,5
1093280,Haralambos,1990,M,5
1093281,Hardeep,1990,M,5
1093282,Harison,1990,M,5
1093283,Harlin,1990,M,5
1093284,Harlon,1990,M,5
1093285,Harrell,1990,M,5
1093286,Harsha,1990,M,5
1093287,Haruki,1990,M,5
1093288,Hashem,1990,M,5
1093289,Hassen,1990,M,5
1093290,Hasson,1990,M,5
1093291,Hawkins,1990,M,5
1093292,Heliodoro,1990,M,5
1093293,Hercules,1990,M,5
1093294,Hernandez,1990,M,5
1093295,Herold,1990,M,5
1093296,Heron,1990,M,5
1093297,Hiep,1990,M,5
1093298,Higinio,1990,M,5
1093299,Hiran,1990,M,5
1093300,Hobart,1990,M,5
1093301,Hoby,1990,M,5
1093302,Holly,1990,M,5
1093303,Holton,1990,M,5
1093304,Hosie,1990,M,5
1093305,Hossein,1990,M,5
1093306,Hovsep,1990,M,5
1093307,Huriel,1990,M,5
1093308,Husain,1990,M,5
1093309,Ifeanyi,1990,M,5
1093310,Ifeanyichukwu,1990,M,5
1093311,Ihsan,1990,M,5
1093312,Illya,1990,M,5
1093313,Imanuel,1990,M,5
1093314,Iqbal,1990,M,5
1093315,Irma,1990,M,5
1093316,Isaish,1990,M,5
1093317,Ishaan,1990,M,5
1093318,Isiaih,1990,M,5
1093319,Issai,1990,M,5
1093320,Issaiah,1990,M,5
1093321,Issak,1990,M,5
1093322,Ivo,1990,M,5
1093323,Iyad,1990,M,5
1093324,Izel,1990,M,5
1093325,Jabaris,1990,M,5
1093326,Jabori,1990,M,5
1093327,Jabri,1990,M,5
1093328,Jac,1990,M,5
1093329,Jacab,1990,M,5
1093330,Jacarri,1990,M,5
1093331,Jacbo,1990,M,5
1093332,Jacek,1990,M,5
1093333,Jackey,1990,M,5
1093334,Jacobson,1990,M,5
1093335,Jacody,1990,M,5
1093336,Jacquell,1990,M,5
1093337,Jacquise,1990,M,5
1093338,Jaeson,1990,M,5
1093339,Jagdeep,1990,M,5
1093340,Jahid,1990,M,5
1093341,Jahir,1990,M,5
1093342,Jahquan,1990,M,5
1093343,Jairen,1990,M,5
1093344,Jairon,1990,M,5
1093345,Jaja,1990,M,5
1093346,Jakeob,1990,M,5
1093347,Jakson,1990,M,5
1093348,Jalen,1990,M,5
1093349,Jaman,1990,M,5
1093350,Jamare,1990,M,5
1093351,Jamarri,1990,M,5
1093352,Jamion,1990,M,5
1093353,Jammel,1990,M,5
1093354,Janard,1990,M,5
1093355,Janette,1990,M,5
1093356,Jann,1990,M,5
1093357,Janorris,1990,M,5
1093358,Janos,1990,M,5
1093359,Jantz,1990,M,5
1093360,Japhet,1990,M,5
1093361,Jaquane,1990,M,5
1093362,Jarade,1990,M,5
1093363,Jaramie,1990,M,5
1093364,Jardan,1990,M,5
1093365,Jareb,1990,M,5
1093366,Jarette,1990,M,5
1093367,Jarmaris,1990,M,5
1093368,Jarmel,1990,M,5
1093369,Jarmon,1990,M,5
1093370,Jarnell,1990,M,5
1093371,Jarold,1990,M,5
1093372,Jarome,1990,M,5
1093373,Jarquez,1990,M,5
1093374,Jarrison,1990,M,5
1093375,Jarrius,1990,M,5
1093376,Jartavius,1990,M,5
1093377,Jarvas,1990,M,5
1093378,Jarvon,1990,M,5
1093379,Jary,1990,M,5
1093380,Jascha,1990,M,5
1093381,Jasman,1990,M,5
1093382,Jaspal,1990,M,5
1093383,Jaswinder,1990,M,5
1093384,Jatin,1990,M,5
1093385,Javares,1990,M,5
1093386,Javarious,1990,M,5
1093387,Jawaan,1990,M,5
1093388,Jayron,1990,M,5
1093389,Jayton,1990,M,5
1093390,Jeanmichael,1990,M,5
1093391,Jebadiah,1990,M,5
1093392,Jecory,1990,M,5
1093393,Jediah,1990,M,5
1093394,Jeffree,1990,M,5
1093395,Jejuan,1990,M,5
1093396,Jemaine,1990,M,5
1093397,Jemichael,1990,M,5
1093398,Jemil,1990,M,5
1093399,Jeovanni,1990,M,5
1093400,Jequan,1990,M,5
1093401,Jerail,1990,M,5
1093402,Jeraldo,1990,M,5
1093403,Jeramia,1990,M,5
1093404,Jeri,1990,M,5
1093405,Jerimi,1990,M,5
1093406,Jermanie,1990,M,5
1093407,Jerme,1990,M,5
1093408,Jerrik,1990,M,5
1093409,Jessiah,1990,M,5
1093410,Jesson,1990,M,5
1093411,Jesy,1990,M,5
1093412,Jevonte,1990,M,5
1093413,Jeyson,1990,M,5
1093414,Jeziel,1990,M,5
1093415,Jibrail,1990,M,5
1093416,Jimin,1990,M,5
1093417,Joachim,1990,M,5
1093418,Joanne,1990,M,5
1093419,Jobani,1990,M,5
1093420,Joenathan,1990,M,5
1093421,Joeph,1990,M,5
1093422,Johncarlos,1990,M,5
1093423,Johncharles,1990,M,5
1093424,Johnpatrick,1990,M,5
1093425,Johnpeter,1990,M,5
1093426,Johnte,1990,M,5
1093427,Jojo,1990,M,5
1093428,Jojuan,1990,M,5
1093429,Jondavid,1990,M,5
1093430,Jones,1990,M,5
1093431,Jonson,1990,M,5
1093432,Jonta,1990,M,5
1093433,Jontel,1990,M,5
1093434,Jony,1990,M,5
1093435,Joo,1990,M,5
1093436,Jordain,1990,M,5
1093437,Jorgen,1990,M,5
1093438,Jori,1990,M,5
1093439,Jos,1990,M,5
1093440,Josefrancisco,1990,M,5
1093441,Josejesus,1990,M,5
1093442,Josemaria,1990,M,5
1093443,Josephmichael,1990,M,5
1093444,Joshuaaaron,1990,M,5
1093445,Joshuadavid,1990,M,5
1093446,Joshuan,1990,M,5
1093447,Joshuia,1990,M,5
1093448,Jovahn,1990,M,5
1093449,Jovann,1990,M,5
1093450,Joyce,1990,M,5
1093451,Jsoeph,1990,M,5
1093452,Jsutin,1990,M,5
1093453,Juanpedro,1990,M,5
1093454,Juanramon,1990,M,5
1093455,Juddson,1990,M,5
1093456,Julienne,1990,M,5
1093457,Jumanne,1990,M,5
1093458,Jumar,1990,M,5
1093459,Justinlee,1990,M,5
1093460,Juvencio,1990,M,5
1093461,Juvon,1990,M,5
1093462,Kaan,1990,M,5
1093463,Kace,1990,M,5
1093464,Kailas,1990,M,5
1093465,Kaileb,1990,M,5
1093466,Kairi,1990,M,5
1093467,Kaison,1990,M,5
1093468,Kaled,1990,M,5
1093469,Kalee,1990,M,5
1093470,Kalik,1990,M,5
1093471,Kamaal,1990,M,5
1093472,Kamari,1990,M,5
1093473,Kamen,1990,M,5
1093474,Kamryn,1990,M,5
1093475,Kang,1990,M,5
1093476,Kannon,1990,M,5
1093477,Kanoa,1990,M,5
1093478,Kara,1990,M,5
1093479,Karac,1990,M,5
1093480,Karee,1990,M,5
1093481,Karin,1990,M,5
1093482,Karnell,1990,M,5
1093483,Karo,1990,M,5
1093484,Karvin,1990,M,5
1093485,Kashaun,1990,M,5
1093486,Kashon,1990,M,5
1093487,Kasi,1990,M,5
1093488,Kasper,1990,M,5
1093489,Kass,1990,M,5
1093490,Kassem,1990,M,5
1093491,Kassey,1990,M,5
1093492,Kaulana,1990,M,5
1093493,Kawaski,1990,M,5
1093494,Kawaun,1990,M,5
1093495,Kay,1990,M,5
1093496,Kayshawn,1990,M,5
1093497,Kayson,1990,M,5
1093498,Kayvan,1990,M,5
1093499,Keala,1990,M,5
1093500,Keaten,1990,M,5
1093501,Keddrick,1990,M,5
1093502,Keean,1990,M,5
1093503,Keeon,1990,M,5
1093504,Keevan,1990,M,5
1093505,Keevis,1990,M,5
1093506,Keiland,1990,M,5
1093507,Kein,1990,M,5
1093508,Keita,1990,M,5
1093509,Keiwan,1990,M,5
1093510,Kel,1990,M,5
1093511,Kelden,1990,M,5
1093512,Kellon,1990,M,5
1093513,Kelwin,1990,M,5
1093514,Kemar,1990,M,5
1093515,Kempton,1990,M,5
1093516,Kenaniah,1990,M,5
1093517,Kendelle,1990,M,5
1093518,Kenderrick,1990,M,5
1093519,Keneen,1990,M,5
1093520,Kenry,1990,M,5
1093521,Kensley,1990,M,5
1093522,Kenzel,1990,M,5
1093523,Kessler,1990,M,5
1093524,Kevaughn,1990,M,5
1093525,Kevinanthony,1990,M,5
1093526,Kevinmatthew,1990,M,5
1093527,Kevonn,1990,M,5
1093528,Kevrick,1990,M,5
1093529,Keylon,1990,M,5
1093530,Keyun,1990,M,5
1093531,Khaalid,1990,M,5
1093532,Khaleef,1990,M,5
1093533,Khaleel,1990,M,5
1093534,Khayman,1990,M,5
1093535,Khiem,1990,M,5
1093536,Khirey,1990,M,5
1093537,Khurram,1990,M,5
1093538,Kiante,1990,M,5
1093539,Kierra,1990,M,5
1093540,Kierston,1990,M,5
1093541,Kishore,1990,M,5
1093542,Kivin,1990,M,5
1093543,Kiyoshi,1990,M,5
1093544,Kjuan,1990,M,5
1093545,Klark,1990,M,5
1093546,Kline,1990,M,5
1093547,Kolawole,1990,M,5
1093548,Kolbey,1990,M,5
1093549,Kolter,1990,M,5
1093550,Konstantine,1990,M,5
1093551,Kooper,1990,M,5
1093552,Koray,1990,M,5
1093553,Korin,1990,M,5
1093554,Korrie,1990,M,5
1093555,Kort,1990,M,5
1093556,Kostantinos,1990,M,5
1093557,Kostas,1990,M,5
1093558,Kotaro,1990,M,5
1093559,Kreighton,1990,M,5
1093560,Krish,1990,M,5
1093561,Kristapher,1990,M,5
1093562,Kristos,1990,M,5
1093563,Kruz,1990,M,5
1093564,Ku,1990,M,5
1093565,Kurk,1990,M,5
1093566,Kurosh,1990,M,5
1093567,Kurtiss,1990,M,5
1093568,Kutter,1990,M,5
1093569,Kwuan,1990,M,5
1093570,Kylin,1990,M,5
1093571,Kylle,1990,M,5
1093572,Kyosuke,1990,M,5
1093573,Kyri,1990,M,5
1093574,Kywan,1990,M,5
1093575,Labrian,1990,M,5
1093576,Labryant,1990,M,5
1093577,Lacarlos,1990,M,5
1093578,Lacorey,1990,M,5
1093579,Ladarian,1990,M,5
1093580,Ladarrian,1990,M,5
1093581,Laddie,1990,M,5
1093582,Laderius,1990,M,5
1093583,Ladislao,1990,M,5
1093584,Lafe,1990,M,5
1093585,Lagregory,1990,M,5
1093586,Laird,1990,M,5
1093587,Lakin,1990,M,5
1093588,Lalo,1990,M,5
1093589,Lamart,1990,M,5
1093590,Lamone,1990,M,5
1093591,Lamour,1990,M,5
1093592,Lan,1990,M,5
1093593,Lancer,1990,M,5
1093594,Landy,1990,M,5
1093595,Laney,1990,M,5
1093596,Lansing,1990,M,5
1093597,Lantz,1990,M,5
1093598,Lapatrick,1990,M,5
1093599,Larence,1990,M,5
1093600,Larod,1990,M,5
1093601,Larome,1990,M,5
1093602,Larrell,1990,M,5
1093603,Laryan,1990,M,5
1093604,Larz,1990,M,5
1093605,Lashane,1990,M,5
1093606,Lason,1990,M,5
1093607,Lathaniel,1990,M,5
1093608,Latrail,1990,M,5
1093609,Latravious,1990,M,5
1093610,Latravis,1990,M,5
1093611,Latwan,1990,M,5
1093612,Laurice,1990,M,5
1093613,Laurie,1990,M,5
1093614,Lavance,1990,M,5
1093615,Lavarius,1990,M,5
1093616,Lavarus,1990,M,5
1093617,Lawarence,1990,M,5
1093618,Ledell,1990,M,5
1093619,Leemon,1990,M,5
1093620,Leevi,1990,M,5
1093621,Leevon,1990,M,5
1093622,Lehi,1990,M,5
1093623,Lemonte,1990,M,5
1093624,Lenardo,1990,M,5
1093625,Leomar,1990,M,5
1093626,Leslee,1990,M,5
1093627,Levone,1990,M,5
1093628,Leyland,1990,M,5
1093629,Li,1990,M,5
1093630,Lian,1990,M,5
1093631,Linell,1990,M,5
1093632,Linnell,1990,M,5
1093633,Lj,1990,M,5
1093634,Longino,1990,M,5
1093635,Lonie,1990,M,5
1093636,Lopaka,1990,M,5
1093637,Loreto,1990,M,5
1093638,Lowen,1990,M,5
1093639,Luccas,1990,M,5
1093640,Lucero,1990,M,5
1093641,Lui,1990,M,5
1093642,Luisantonio,1990,M,5
1093643,Luise,1990,M,5
1093644,Lukeus,1990,M,5
1093645,Luqman,1990,M,5
1093646,Macaulay,1990,M,5
1093647,Macdonald,1990,M,5
1093648,Macedonio,1990,M,5
1093649,Maclovio,1990,M,5
1093650,Macolm,1990,M,5
1093651,Magnum,1990,M,5
1093652,Mahyar,1990,M,5
1093653,Maitland,1990,M,5
1093654,Makenzie,1990,M,5
1093655,Malaki,1990,M,5
1093656,Malin,1990,M,5
1093657,Mando,1990,M,5
1093658,Mandrell,1990,M,5
1093659,Manjot,1990,M,5
1093660,Manly,1990,M,5
1093661,Manoah,1990,M,5
1093662,Mansoor,1990,M,5
1093663,Mansur,1990,M,5
1093664,Marcangelo,1990,M,5
1093665,Marcellius,1990,M,5
1093666,Marckus,1990,M,5
1093667,Mardell,1990,M,5
1093668,Mardochee,1990,M,5
1093669,Mareo,1990,M,5
1093670,Marguis,1990,M,5
1093671,Marguise,1990,M,5
1093672,Maricela,1990,M,5
1093673,Maricus,1990,M,5
1093674,Marina,1990,M,5
1093675,Maris,1990,M,5
1093676,Markail,1990,M,5
1093677,Markallen,1990,M,5
1093678,Markevious,1990,M,5
1093679,Markeys,1990,M,5
1093680,Markiest,1990,M,5
1093681,Markous,1990,M,5
1093682,Marlone,1990,M,5
1093683,Marlos,1990,M,5
1093684,Marquarius,1990,M,5
1093685,Marquavis,1990,M,5
1093686,Marqueis,1990,M,5
1093687,Marquil,1990,M,5
1093688,Marquin,1990,M,5
1093689,Marquon,1990,M,5
1093690,Marrio,1990,M,5
1093691,Marselino,1990,M,5
1093692,Martrail,1990,M,5
1093693,Martrez,1990,M,5
1093694,Marvins,1990,M,5
1093695,Marvyn,1990,M,5
1093696,Mashawn,1990,M,5
1093697,Masood,1990,M,5
1093698,Matheau,1990,M,5
1093699,Matheus,1990,M,5
1093700,Matson,1990,M,5
1093701,Mattias,1990,M,5
1093702,Maurisio,1990,M,5
1093703,Maxamillion,1990,M,5
1093704,Maximilien,1990,M,5
1093705,Mayank,1990,M,5
1093706,Mazin,1990,M,5
1093707,Mclean,1990,M,5
1093708,Medrick,1990,M,5
1093709,Meguel,1990,M,5
1093710,Melchizedek,1990,M,5
1093711,Mendy,1990,M,5
1093712,Menelik,1990,M,5
1093713,Merlyn,1990,M,5
1093714,Mic,1990,M,5
1093715,Michaelray,1990,M,5
1093716,Michaelthomas,1990,M,5
1093717,Micheil,1990,M,5
1093718,Michial,1990,M,5
1093719,Mickie,1990,M,5
1093720,Micquel,1990,M,5
1093721,Mikki,1990,M,5
1093722,Mikyle,1990,M,5
1093723,Mischa,1990,M,5
1093724,Mohanad,1990,M,5
1093725,Mohmad,1990,M,5
1093726,Montarious,1990,M,5
1093727,Montay,1990,M,5
1093728,Montego,1990,M,5
1093729,Montrae,1990,M,5
1093730,Montrice,1990,M,5
1093731,Mordechi,1990,M,5
1093732,Morey,1990,M,5
1093733,Moris,1990,M,5
1093734,Mortez,1990,M,5
1093735,Morton,1990,M,5
1093736,Moussa,1990,M,5
1093737,Moustafa,1990,M,5
1093738,Murry,1990,M,5
1093739,Myers,1990,M,5
1093740,Myran,1990,M,5
1093741,Myreon,1990,M,5
1093742,Naadir,1990,M,5
1093743,Nahun,1990,M,5
1093744,Nai,1990,M,5
1093745,Nainoa,1990,M,5
1093746,Naithan,1990,M,5
1093747,Najah,1990,M,5
1093748,Natanel,1990,M,5
1093749,Nathian,1990,M,5
1093750,Navil,1990,M,5
1093751,Nayan,1990,M,5
1093752,Nazir,1990,M,5
1093753,Nedal,1990,M,5
1093754,Neeraj,1990,M,5
1093755,Nehemias,1990,M,5
1093756,Neilpatrick,1990,M,5
1093757,Neo,1990,M,5
1093758,Nester,1990,M,5
1093759,Netanel,1990,M,5
1093760,Nicandro,1990,M,5
1093761,Nicasio,1990,M,5
1093762,Nicholad,1990,M,5
1093763,Nichole,1990,M,5
1093764,Nicholous,1990,M,5
1093765,Nickolai,1990,M,5
1093766,Nickson,1990,M,5
1093767,Nicohlas,1990,M,5
1093768,Nijee,1990,M,5
1093769,Nikalas,1990,M,5
1093770,Nilo,1990,M,5
1093771,Nora,1990,M,5
1093772,Norell,1990,M,5
1093773,Normand,1990,M,5
1093774,Nova,1990,M,5
1093775,Obdulio,1990,M,5
1093776,Odai,1990,M,5
1093777,Oladele,1990,M,5
1093778,Olajuwan,1990,M,5
1093779,Olga,1990,M,5
1093780,Oliverio,1990,M,5
1093781,Olumide,1990,M,5
1093782,Oluwafemi,1990,M,5
1093783,Omega,1990,M,5
1093784,Ondra,1990,M,5
1093785,Oneill,1990,M,5
1093786,Onterio,1990,M,5
1093787,Ora,1990,M,5
1093788,Orian,1990,M,5
1093789,Orland,1990,M,5
1093790,Orlandus,1990,M,5
1093791,Orlondo,1990,M,5
1093792,Orrie,1990,M,5
1093793,Osborne,1990,M,5
1093794,Oshea,1990,M,5
1093795,Oswin,1990,M,5
1093796,Othello,1990,M,5
1093797,Otilio,1990,M,5
1093798,Pa,1990,M,5
1093799,Pabel,1990,M,5
1093800,Pang,1990,M,5
1093801,Pantelis,1990,M,5
1093802,Parag,1990,M,5
1093803,Park,1990,M,5
1093804,Pattrick,1990,M,5
1093805,Peder,1990,M,5
1093806,Pedrito,1990,M,5
1093807,Perla,1990,M,5
1093808,Pesach,1990,M,5
1093809,Petronilo,1990,M,5
1093810,Petter,1990,M,5
1093811,Piere,1990,M,5
1093812,Prateek,1990,M,5
1093813,Praveen,1990,M,5
1093814,Presten,1990,M,5
1093815,Previn,1990,M,5
1093816,Printice,1990,M,5
1093817,Quanah,1990,M,5
1093818,Quaron,1990,M,5
1093819,Quasim,1990,M,5
1093820,Quatez,1990,M,5
1093821,Quavis,1990,M,5
1093822,Quennel,1990,M,5
1093823,Quentavious,1990,M,5
1093824,Queston,1990,M,5
1093825,Quindarius,1990,M,5
1093826,Quinshawn,1990,M,5
1093827,Quintarus,1990,M,5
1093828,Quintell,1990,M,5
1093829,Quinterrius,1990,M,5
1093830,Quintrel,1990,M,5
1093831,Quintyn,1990,M,5
1093832,Quirino,1990,M,5
1093833,Quiton,1990,M,5
1093834,Quy,1990,M,5
1093835,Rabi,1990,M,5
1093836,Rabih,1990,M,5
1093837,Rachad,1990,M,5
1093838,Raciel,1990,M,5
1093839,Radcliffe,1990,M,5
1093840,Raed,1990,M,5
1093841,Raeshaun,1990,M,5
1093842,Raevon,1990,M,5
1093843,Rafferty,1990,M,5
1093844,Raine,1990,M,5
1093845,Rajahn,1990,M,5
1093846,Rama,1990,M,5
1093847,Rameel,1990,M,5
1093848,Rameen,1990,M,5
1093849,Ramir,1990,M,5
1093850,Ramzey,1990,M,5
1093851,Ramzy,1990,M,5
1093852,Rana,1990,M,5
1093853,Ranard,1990,M,5
1093854,Randahl,1990,M,5
1093855,Randee,1990,M,5
1093856,Ranson,1990,M,5
1093857,Ras,1990,M,5
1093858,Raschad,1990,M,5
1093859,Rasheeda,1990,M,5
1093860,Rashied,1990,M,5
1093861,Rashiem,1990,M,5
1093862,Ratha,1990,M,5
1093863,Raylen,1990,M,5
1093864,Raynald,1990,M,5
1093865,Raynold,1990,M,5
1093866,Rayshod,1990,M,5
1093867,Read,1990,M,5
1093868,Redrick,1990,M,5
1093869,Reeve,1990,M,5
1093870,Regional,1990,M,5
1093871,Reimundo,1990,M,5
1093872,Reiner,1990,M,5
1093873,Reiss,1990,M,5
1093874,Remus,1990,M,5
1093875,Renan,1990,M,5
1093876,Renell,1990,M,5
1093877,Renne,1990,M,5
1093878,Reon,1990,M,5
1093879,Rett,1990,M,5
1093880,Reynald,1990,M,5
1093881,Rhian,1990,M,5
1093882,Riaz,1990,M,5
1093883,Rik,1990,M,5
1093884,Riky,1990,M,5
1093885,Rilwan,1990,M,5
1093886,Rino,1990,M,5
1093887,Ritesh,1990,M,5
1093888,Robben,1990,M,5
1093889,Robertmichael,1990,M,5
1093890,Rockie,1990,M,5
1093891,Rodick,1990,M,5
1093892,Rodrekus,1990,M,5
1093893,Rodrigus,1990,M,5
1093894,Roget,1990,M,5
1093895,Rogue,1990,M,5
1093896,Rohman,1990,M,5
1093897,Rohn,1990,M,5
1093898,Roi,1990,M,5
1093899,Rolin,1990,M,5
1093900,Rollins,1990,M,5
1093901,Romaldo,1990,M,5
1093902,Romon,1990,M,5
1093903,Romualdo,1990,M,5
1093904,Romulus,1990,M,5
1093905,Rondall,1990,M,5
1093906,Rondrick,1990,M,5
1093907,Roney,1990,M,5
1093908,Ronie,1990,M,5
1093909,Ronn,1990,M,5
1093910,Ronni,1990,M,5
1093911,Rooney,1990,M,5
1093912,Rosemary,1990,M,5
1093913,Rosevelt,1990,M,5
1093914,Rowen,1990,M,5
1093915,Rozell,1990,M,5
1093916,Ruban,1990,M,5
1093917,Rubens,1990,M,5
1093918,Ruffin,1990,M,5
1093919,Ryane,1990,M,5
1093920,Ryanjoseph,1990,M,5
1093921,Ryanpatrick,1990,M,5
1093922,Ryian,1990,M,5
1093923,Rynn,1990,M,5
1093924,Ryoma,1990,M,5
1093925,Ryosuke,1990,M,5
1093926,Saahil,1990,M,5
1093927,Sabatino,1990,M,5
1093928,Sabir,1990,M,5
1093929,Sadiq,1990,M,5
1093930,Sae,1990,M,5
1093931,Salaam,1990,M,5
1093932,Salar,1990,M,5
1093933,Salik,1990,M,5
1093934,Salil,1990,M,5
1093935,Salvator,1990,M,5
1093936,Samuela,1990,M,5
1093937,Samuelle,1990,M,5
1093938,Samule,1990,M,5
1093939,Sarom,1990,M,5
1093940,Satoshi,1990,M,5
1093941,Seaborn,1990,M,5
1093942,Seananthony,1990,M,5
1093943,Sebron,1990,M,5
1093944,Seena,1990,M,5
1093945,Segundo,1990,M,5
1093946,Seiji,1990,M,5
1093947,Selby,1990,M,5
1093948,Seldon,1990,M,5
1093949,Serapio,1990,M,5
1093950,Sergei,1990,M,5
1093951,Serigo,1990,M,5
1093952,Sevin,1990,M,5
1093953,Seyha,1990,M,5
1093954,Shaba,1990,M,5
1093955,Shah,1990,M,5
1093956,Shahnawaz,1990,M,5
1093957,Shahriar,1990,M,5
1093958,Shalamar,1990,M,5
1093959,Shalon,1990,M,5
1093960,Shameer,1990,M,5
1093961,Shamsuddin,1990,M,5
1093962,Shantanu,1990,M,5
1093963,Shantez,1990,M,5
1093964,Sharmaine,1990,M,5
1093965,Sharone,1990,M,5
1093966,Shaunt,1990,M,5
1093967,Shaunte,1990,M,5
1093968,Shawan,1990,M,5
1093969,Shawna,1990,M,5
1093970,Shawndel,1990,M,5
1093971,Shawntez,1990,M,5
1093972,Sheddrick,1990,M,5
1093973,Shelvin,1990,M,5
1093974,Shepard,1990,M,5
1093975,Shi,1990,M,5
1093976,Shintaro,1990,M,5
1093977,Shivan,1990,M,5
1093978,Shondell,1990,M,5
1093979,Shonn,1990,M,5
1093980,Shown,1990,M,5
1093981,Shunsuke,1990,M,5
1093982,Shyler,1990,M,5
1093983,Shylo,1990,M,5
1093984,Sime,1990,M,5
1093985,Sinai,1990,M,5
1093986,Siraj,1990,M,5
1093987,Skipper,1990,M,5
1093988,Skylier,1990,M,5
1093989,Slate,1990,M,5
1093990,Sloane,1990,M,5
1093991,Soledad,1990,M,5
1093992,Somnang,1990,M,5
1093993,Sopheap,1990,M,5
1093994,Sophia,1990,M,5
1093995,Soua,1990,M,5
1093996,Stacie,1990,M,5
1093997,Stanson,1990,M,5
1093998,Starlin,1990,M,5
1093999,Staton,1990,M,5
1094000,Stavon,1990,M,5
1094001,Steffin,1990,M,5
1094002,Stehen,1990,M,5
1094003,Stephanos,1990,M,5
1094004,Stephens,1990,M,5
1094005,Stevenmichael,1990,M,5
1094006,Stpehen,1990,M,5
1094007,Sun,1990,M,5
1094008,Sylvia,1990,M,5
1094009,Sylvio,1990,M,5
1094010,Tadeo,1990,M,5
1094011,Tahji,1990,M,5
1094012,Taijuan,1990,M,5
1094013,Taivon,1990,M,5
1094014,Tajah,1990,M,5
1094015,Tajon,1990,M,5
1094016,Tajudeen,1990,M,5
1094017,Takumi,1990,M,5
1094018,Talbot,1990,M,5
1094019,Tali,1990,M,5
1094020,Talmage,1990,M,5
1094021,Tanveer,1990,M,5
1094022,Tarrant,1990,M,5
1094023,Tarrin,1990,M,5
1094024,Tasha,1990,M,5
1094025,Tavaras,1990,M,5
1094026,Tay,1990,M,5
1094027,Taylen,1990,M,5
1094028,Tayquan,1990,M,5
1094029,Taze,1990,M,5
1094030,Tej,1990,M,5
1094031,Tennyson,1990,M,5
1094032,Terrius,1990,M,5
1094033,Teven,1990,M,5
1094034,Thadd,1990,M,5
1094035,Thaer,1990,M,5
1094036,Thelonious,1990,M,5
1094037,Theodoro,1990,M,5
1094038,Therman,1990,M,5
1094039,Therron,1990,M,5
1094040,Thoma,1990,M,5
1094041,Thu,1990,M,5
1094042,Thunder,1990,M,5
1094043,Thurmond,1990,M,5
1094044,Tiandre,1990,M,5
1094045,Tirelle,1990,M,5
1094046,Tobby,1990,M,5
1094047,Tobi,1990,M,5
1094048,Tolliver,1990,M,5
1094049,Tonie,1990,M,5
1094050,Torie,1990,M,5
1094051,Torres,1990,M,5
1094052,Torri,1990,M,5
1094053,Toshua,1990,M,5
1094054,Traci,1990,M,5
1094055,Tradarius,1990,M,5
1094056,Trai,1990,M,5
1094057,Tramar,1990,M,5
1094058,Trandon,1990,M,5
1094059,Trauis,1990,M,5
1094060,Travante,1990,M,5
1094061,Travanti,1990,M,5
1094062,Travontae,1990,M,5
1094063,Treaver,1990,M,5
1094064,Trellis,1990,M,5
1094065,Trenard,1990,M,5
1094066,Trendell,1990,M,5
1094067,Trennis,1990,M,5
1094068,Trevares,1990,M,5
1094069,Trevian,1990,M,5
1094070,Treyson,1990,M,5
1094071,Treyton,1990,M,5
1094072,Trillion,1990,M,5
1094073,Tristain,1990,M,5
1094074,TRUE,1990,M,5
1094075,Tryone,1990,M,5
1094076,Twayne,1990,M,5
1094077,Tyan,1990,M,5
1094078,Tychicus,1990,M,5
1094079,Tyger,1990,M,5
1094080,Tyheim,1990,M,5
1094081,Tykwan,1990,M,5
1094082,Tylee,1990,M,5
1094083,Tymar,1990,M,5
1094084,Tyriece,1990,M,5
1094085,Tyshun,1990,M,5
1094086,Tyski,1990,M,5
1094087,Tytus,1990,M,5
1094088,Ulrick,1990,M,5
1094089,Uzair,1990,M,5
1094090,Va,1990,M,5
1094091,Vahe,1990,M,5
1094092,Valdo,1990,M,5
1094093,Valeria,1990,M,5
1094094,Vandell,1990,M,5
1094095,Vander,1990,M,5
1094096,Vashaun,1990,M,5
1094097,Vasken,1990,M,5
1094098,Veasna,1990,M,5
1094099,Venkat,1990,M,5
1094100,Verne,1990,M,5
1094101,Vernie,1990,M,5
1094102,Vick,1990,M,5
1094103,Victorhugo,1990,M,5
1094104,Victory,1990,M,5
1094105,Vikrant,1990,M,5
1094106,Vimal,1990,M,5
1094107,Viren,1990,M,5
1094108,Visente,1990,M,5
1094109,Vondell,1990,M,5
1094110,Vontez,1990,M,5
1094111,Vy,1990,M,5
1094112,Waddell,1990,M,5
1094113,Wahid,1990,M,5
1094114,Walberto,1990,M,5
1094115,Waldy,1990,M,5
1094116,Walik,1990,M,5
1094117,Warrick,1990,M,5
1094118,Waylin,1990,M,5
1094119,Webb,1990,M,5
1094120,Wei,1990,M,5
1094121,Wenceslao,1990,M,5
1094122,Wess,1990,M,5
1094123,Wilman,1990,M,5
1094124,Wilver,1990,M,5
1094125,Win,1990,M,5
1094126,Wing,1990,M,5
1094127,Winn,1990,M,5
1094128,Wydell,1990,M,5
1094129,Xachary,1990,M,5
1094130,Xander,1990,M,5
1094131,Xaviar,1990,M,5
1094132,Xazier,1990,M,5
1094133,Yadira,1990,M,5
1094134,Yaniv,1990,M,5
1094135,Yannis,1990,M,5
1094136,Yarden,1990,M,5
1094137,Yardley,1990,M,5
1094138,Yeshayahu,1990,M,5
1094139,Yiannis,1990,M,5
1094140,Yishai,1990,M,5
1094141,Yitzhak,1990,M,5
1094142,Yochanan,1990,M,5
1094143,Yoon,1990,M,5
1094144,Yoshiki,1990,M,5
1094145,Yuya,1990,M,5
1094146,Yvette,1990,M,5
1094147,Yvonne,1990,M,5
1094148,Zaccaria,1990,M,5
1094149,Zacery,1990,M,5
1094150,Zachaery,1990,M,5
1094151,Zafir,1990,M,5
1094152,Zaher,1990,M,5
1094153,Zahid,1990,M,5
1094154,Zakir,1990,M,5
1094155,Zamar,1990,M,5
1094156,Zan,1990,M,5
1094157,Zander,1990,M,5
1094158,Zedekiah,1990,M,5
1094159,Zephan,1990,M,5
1094160,Zerick,1990,M,5
1094161,Zeus,1990,M,5
1094162,Ziyad,1990,M,5
1094163,Zoilo,1990,M,5
1094164,Zoran,1990,M,5
1094165,Zvi,1990,M,5
